"salesName","applic_status_name","age","appliedAmount","civilStatus","loanPurpose","monthlyIncome","nationality","residency","workStatus","jobIndustry","applicationTime","appId","leadSource"
NA,"Closed App",32,42000,"single","debt-consolidation",3200,"SG","s","employed-salary","government",2022-03-17 13:28:48.513,"App 0001","Google"
NA,"Closed App",29,10000,"married","debt-consolidation",3000,"SG","s","employed-salary","government",2022-03-17 13:28:48.512,"App 0002","Google"
"Sales rep  C","Expired App",51,60000,"married","business-expansion",6200,"SG","s","self-employed","retail",2022-01-05 14:37:25.759,"App 0003","e-mail"
"Sales rep  C","Expired App",52,10000,"married","debt-consolidation",3120,"SG","s","employed-salary","government",2022-01-07 23:13:56.093,"App 0004","google"
"Sales rep  C","Closed App",33,2000,"married","paying-bills",3400,"SG","s","employed-salary","it-telco",2022-01-05 19:28:59.264,"App 0005","google"
"Sales rep  F","Closed App",31,40000,"married","debt-consolidation",4250,"SG","s","employed-salary","government",2022-01-20 13:38:52.288,"App 0006","e-mail"
"Sales rep  F","Expired App",41,20000,"married","credit-card-debt",2400,"SG","s","employed-salary","education",2022-01-01 03:10:50.095,"App 0007","facebook"
"Sales rep  F","Closed App",40,50000,"married","debt-consolidation-ff",4500,"LB","ep","unemployed",NA,2022-01-04 01:27:15.397,"App 0008","facebook"
"Sales rep  C","Expired App",36,20000,"single","other",2500,"SG","s","employed-salary","education",2022-01-01 10:09:36.916,"App 0009","valuechampion_sg"
"Sales rep  F","Expired App",24,25000,"single","debt-consolidation",2500,"SG","s","self-employed","other",2022-01-01 10:35:29.009,"App 0010","facebook"
"Sales rep  C","Expired App",32,6000,"single","credit-card-debt",3700,"SG","s","employed-salary","insurance",2022-01-01 12:39:09.338,"App 0011","google"
"Sales rep  F","Expired App",33,4000,"married","debt-consolidation-ff",3300,"MY","pr","employed-salary","manufacturing",2022-01-01 14:36:24.645,"App 0012","wa"
"Sales rep  C","Loan Disbursed App",31,1500,"married","other",4608,"SG","s","employed-salary","other",2022-01-01 15:56:29.902,"App 0013","wa"
"Sales rep  F","Expired App",28,10000,"single","credit-card-debt",4500,"SG","s","employed-salary","transport",2022-01-01 16:47:42.599,"App 0014","facebook"
"Sales rep  C","Expired App",51,20000,"married","home",7000,"SG","s","employed-salary","building-construction",2022-01-01 19:05:45.384,"App 0015","nestia"
"Sales rep  C","Bank Declined App",41,5000,"married","debt-consolidation",3000,"IN","spass-wp","employed-salary","building-construction",2022-01-03 13:29:45.559,"App 0016","nestia"
"Sales rep  F","Closed App",34,20000,"married","debt-consolidation-ff",2600,"SG","s","employed-salary","logistic",2022-01-01 19:15:51.449,"App 0017","nestia"
"Sales rep  C","Expired App",50,5000,"married","debt-consolidation-ff",5000,"SG","s","employed-salary","other",2022-01-01 19:23:12.086,"App 0018","nestia"
"Sales rep  F","Closed App",48,10000,"single","debt-consolidation",1900,"SG","s","employed-salary","f-and-b",2022-01-01 20:05:10.821,"App 0019","direct"
"Sales rep  C","Expired App",36,20000,"married","renovation",5500,"SG","s","employed-salary","transport",2022-01-01 19:42:55.905,"App 0020","google"
"Sales rep  F","Closed App",48,20000,"single","wedding",1500,"SG","s","other","logistic",2022-01-01 20:38:55.526,"App 0021","nestia"
"Sales rep  C","Expired App",53,25000,"married","credit-card-debt",3000,"SG","s","self-employed","transport",2022-01-01 21:43:43.336,"App 0022","facebook"
"Sales rep  F","Loan Disbursed App",37,5000,"single","other",3000,"PH","spass-wp","employed-salary","other",2022-01-01 23:33:16.777,"App 0023","google"
"Sales rep  C","Loan Disbursed App",35,5000,"single","debt-consolidation-ff",4750,"SG","s","employed-salary","hospitality",2022-01-02 01:02:09.5,"App 0024","facebook"
"Sales rep  C","Expired App",38,10000,"single","other",2000,"SG","s","employed-salary","logistic",2022-01-02 01:14:13.536,"App 0025","google"
"Sales rep  C","Closed App",52,6000,"divorced","credit-card-debt",2500,"SG","s","employed-salary","f-and-b",2022-01-02 01:43:30.092,"App 0026","facebook"
"Sales rep  F","Closed App",27,15000,"married","business-expansion",2750,"SG","s","employed-salary","banking-finance",2022-01-02 04:06:14.044,"App 0027","google"
"Sales rep  C","Expired App",24,15000,"married","medical",2500,"SG","s","self-employed","logistic",2022-01-02 04:35:33.665,"App 0028","carousell_sg"
"Sales rep  F","Loan Disbursed App",30,2000,"single","paying-bills",1600,"SG","s","employed-salary","logistic",2022-01-02 09:41:40.562,"App 0029","facebook"
"Sales rep  F","Expired App",53,10000,"divorced","credit-card-debt",2300,"MY","pr","employed-salary","other",2022-01-02 12:17:15.363,"App 0030","facebook"
"Sales rep  C","Expired App",31,1000,"single","paying-bills",2300,"SG","s","employed-salary","logistic",2022-01-02 14:18:52.413,"App 0031","google"
"Sales rep  F","Expired App",32,3500,"married","renovation",3000,"SG","s","employed-salary","other",2022-01-02 14:25:19.732,"App 0032","facebook"
"Sales rep  C","Expired App",41,5000,"married","debt-consolidation",4000,"SG","s","self-employed","transport",2022-01-02 14:49:45.292,"App 0033","direct"
"Sales rep  F","Closed App",27,12000,"single","investment",5500,"MY","ep","employed-salary","manufacturing",2022-01-02 15:08:16.929,"App 0034","google"
"Sales rep  C","Expired App",41,29000,"married","debt-consolidation",10000,"IN","ep","employed-salary","it-telco",2022-01-02 15:23:51.028,"App 0035","direct"
"Sales rep  C","Expired App",35,3000,"married","home",3100,"PH","spass-wp","employed-salary","other",2022-01-02 15:50:50.29,"App 0036","direct"
"Sales rep  F","Loan Disbursed App",28,8000,"single","debt-consolidation",2600,"SG","s","employed-salary","f-and-b",2022-01-02 15:55:26.808,"App 0037","google"
"Sales rep  C","Closed App",54,2e+05,"married","home",500,"SG","s","self-employed","logistic",2022-01-02 17:15:42.915,"App 0038","direct"
"Sales rep  F","Expired App",29,1000,"single","paying-bills",1700,"SG","s","employed-salary","f-and-b",2022-01-03 06:14:17.928,"App 0039","e-mail"
"Sales rep  C","Expired App",48,20000,"single","renovation",8500,"SG","s","employed-salary","other",2022-01-02 18:15:11.671,"App 0040","e-mail"
"Sales rep  C","Expired App",26,35000,"married","renovation",2000,"SG","s","employed-salary","f-and-b",2022-01-02 19:03:25.917,"App 0041","google"
"Sales rep  F","Expired App",33,20000,"married","other",2400,"SG","s","employed-salary","education",2022-01-02 19:34:54.85,"App 0042","finder_sg"
"Sales rep  C","Expired App",32,10000,"married","renovation",2500,"MY","spass-wp","employed-salary","other",2022-01-02 19:16:34.767,"App 0043","nestia"
"Sales rep  F","Bank Declined App",29,20000,"married","debt-consolidation",2500,"SG","s","employed-salary","manufacturing",2022-01-02 20:51:13.798,"App 0044","l.facebook.com"
"Sales rep  C","Expired App",29,3000,"single","debt-consolidation-ff",2200,"SG","s","employed-salary","f-and-b",2022-01-02 21:26:49.084,"App 0045","google"
"Sales rep  F","Closed App",45,10000,"married","car",4300,"SG","s","employed-salary","building-construction",2022-01-02 22:12:13.999,"App 0046","e-mail"
"Sales rep  C","Loan Disbursed App",39,10000,"married","line-of-credit",5347,"PH","spass-wp","self-employed","building-construction",2022-01-03 01:15:26.515,"App 0047","google"
NA,"Bank Declined App",34,2000,"married","paying-bills",600,"PH","pr","employed-salary","f-and-b",2022-01-02 22:42:49.602,"App 0048","google"
"Sales rep  C","Loan Disbursed App",31,5000,"single","debt-consolidation",2540,"MY","spass-wp","employed-salary","manufacturing",2022-01-02 23:51:40.275,"App 0049","google"
"Sales rep  F","Closed App",36,20000,"married","debt-consolidation",3000,"SG","s","self-employed","logistic",2022-01-03 02:01:35.568,"App 0050","facebook"
"Sales rep  C","Closed App",35,5000,"single","debt-consolidation",3000,"SG","s","self-employed","education",2022-01-03 02:36:56.831,"App 0051","google"
"Sales rep  F","Loan Disbursed App",24,40000,"single","other",2200,"SG","s","employed-salary","hospitality",2022-01-03 02:55:23.669,"App 0052","facebook"
"Sales rep  C","Loan Disbursed App",41,8000,"single","paying-bills",7163,"SG","s","employed-salary","retail",2022-01-18 19:29:18.332,"App 0053","valuechampion_sg"
"Sales rep  C","Expired App",44,10000,"married","debt-consolidation",2180,"SG","s","employed-salary","retail",2022-01-03 06:32:17.492,"App 0054","carousell_sg"
"Sales rep  F","Loan Disbursed App",34,13000,"married","debt-consolidation",2600,"SG","s","employed-salary","hospitality",2022-01-03 06:43:58.536,"App 0055","google"
"Sales rep  F","Expired App",34,2000,"married","renovation",2800,"MY","pr","employed-salary","hospitality",2022-01-03 09:17:36.97,"App 0056","l.facebook.com"
"Sales rep  F","Bank Declined App",33,20000,"married","debt-consolidation-ff",3200,"SG","s","employed-salary","other",2022-01-03 10:57:24.256,"App 0057","direct"
"Sales rep  C","Expired App",38,2000,"married","paying-bills",1950,"SG","s","employed-salary","other",2022-01-03 10:59:18.655,"App 0058","e-mail"
"Sales rep  F","Closed App",38,7000,"married","paying-bills",1500,"SG","s","employed-salary","f-and-b",2022-01-03 11:43:22.212,"App 0059","facebook"
"Sales rep  F","Bank Declined App",45,4000,"married","debt-consolidation",1600,"SG","s","employed-salary","retail",2022-01-03 11:16:50.808,"App 0060","facebook"
"Sales rep  F","Bank Declined App",59,3000,"divorced","debt-consolidation",2986,"ID","pr","employed-salary","other",2022-01-03 14:07:00.815,"App 0061","duplicate"
"Sales rep  C","Expired App",22,3000,"single","debt-consolidation",2000,"SG","s","self-employed","f-and-b",2022-01-03 13:09:01.853,"App 0062","l.facebook.com"
"Sales rep  C","Expired App",25,30000,"married","business-expansion",6000,"SG","s","self-employed","retail",2022-01-03 13:26:08.421,"App 0063","direct"
"Sales rep  F","Expired App",25,20000,"married","special-occasion",2400,"SG","s","employed-salary","hospitality",2022-01-03 13:50:05.409,"App 0064","facebook"
"Sales rep  F","Loan Disbursed App",50,20000,"married","debt-consolidation",4100,"SG","s","employed-salary","transport",2022-01-03 14:16:22.12,"App 0065","valuechampion_sg"
"Sales rep  F","Expired App",48,1900,"single","debt-consolidation",1900,"SG","s","employed-salary","f-and-b",2022-01-03 14:23:41.89,"App 0066","e-mail"
"Sales rep  C","Expired App",31,7000,"married","debt-consolidation",2600,"SG","s","employed-salary","other",2022-01-03 14:23:30.344,"App 0067","google"
"Sales rep  C","Expired App",31,22000,"single","special-occasion",8000,"SG","s","employed-salary","it-telco",2022-01-03 14:51:07.73,"App 0068","google"
"Sales rep  F","Expired App",40,25000,"divorced","investment",8000,"SG","s","employed-salary","f-and-b",2022-01-03 15:10:15.976,"App 0069","google"
"Sales rep  C","Closed App",35,6000,"married","business-expansion",4500,"SG","s","self-employed","logistic",2022-01-03 15:07:44.492,"App 0070","direct"
"Sales rep  C","Expired App",26,5000,"married","debt-consolidation-ff",3500,"SG","s","self-employed","transport",2022-01-03 16:04:51.057,"App 0071","direct"
"Sales rep  F","Loan Disbursed App",33,4000,"single","debt-consolidation",4000,"SG","s","employed-salary","it-telco",2022-01-03 16:25:50.335,"App 0072","facebook"
"Sales rep  C","Closed App",26,5000,"married","debt-consolidation-ff",3500,"SG","s","self-employed","transport",2022-01-03 16:41:14.357,"App 0073","direct"
"Sales rep  F","Expired App",28,30000,"single","home",2500,"SG","s","employed-salary","government",2022-01-03 16:50:45.221,"App 0074","facebook"
"Sales rep  C","Loan Disbursed App",31,10000,"single","debt-consolidation",3000,"SG","s","employed-salary","retail",2022-01-03 17:00:45.697,"App 0075","google"
"Sales rep  C","Expired App",37,50000,"married","other",3000,"SG","s","employed-salary","manufacturing",2022-01-18 18:49:36.101,"App 0076","facebook"
NA,"Closed App",26,5000,"single","debt-consolidation-ff",2500,"SG","s","employed-salary","manufacturing",2022-01-03 18:15:43.436,"App 0077","direct"
"Sales rep  C","Loan Disbursed App",30,5000,"married","credit-card-debt",3500,"SG","s","employed-salary","other",2022-01-03 18:37:04.028,"App 0078","google"
"Sales rep  F","Expired App",26,5000,"single","debt-consolidation-ff",2500,"SG","s","employed-salary","manufacturing",2022-01-03 18:52:29.496,"App 0079","google"
"Sales rep  F","Loan Disbursed App",34,5000,"married","paying-bills",9000,"PH","ep","employed-salary","manufacturing",2022-01-03 19:32:20.93,"App 0080","facebook"
"Sales rep  C","Loan Disbursed App",28,5000,"single","debt-consolidation-ff",3210,"SG","s","employed-salary","banking-finance",2022-01-03 20:32:45.686,"App 0081","valuechampion_sg"
"Sales rep  F","Closed App",39,1000,"married","renovation",4600,"SG","s","employed-salary","it-telco",2022-01-03 21:45:59.682,"App 0082","google"
"Sales rep  C","Expired App",24,20000,"single","debt-consolidation",3200,"SG","s","employed-salary","f-and-b",2022-01-03 22:10:49.921,"App 0083","google"
"Sales rep  C","Bank Declined App",35,20000,"single","debt-consolidation",2700,"SG","s","employed-salary","other",2022-01-03 22:20:35.565,"App 0084","lm.facebook.com"
"Sales rep  F","Expired App",26,3000,"single","debt-consolidation",2100,"SG","s","employed-salary","manufacturing",2022-01-03 22:57:12.536,"App 0085","facebook"
"Sales rep  C","Expired App",40,4000,"divorced","wedding",2000,"SG","s","employed-salary","other",2022-01-19 02:12:13.01,"App 0086","google"
"Sales rep  C","Expired App",47,50000,"single","home",4900,"SG","s","employed-salary","other",2022-01-03 23:19:43.594,"App 0087","facebook"
"Sales rep  F","Expired App",34,1000,"married","car",8333,"ID","pr","employed-salary","manufacturing",2022-01-04 00:38:11.545,"App 0088","google"
"Sales rep  C","Expired App",35,20000,"divorced","debt-consolidation-ff",2860,"CN","spass-wp","employed-contract","manufacturing",2022-01-04 00:58:30.879,"App 0089","nestia"
"Sales rep  C","Bank Declined App",22,1000,"married","medical",1400,"SG","s","employed-salary","government",2022-01-04 00:56:24.916,"App 0090","direct"
"Sales rep  F","Loan Disbursed App",54,130000,"single","business-expansion",8000,"SG","s","employed-salary","other",2022-01-04 01:25:51.139,"App 0091","facebook"
"Sales rep  C","Expired App",36,5000,"single","paying-bills",2500,"SG","s","employed-salary","retail",2022-01-04 01:43:29.396,"App 0092","google"
"Sales rep  F","Expired App",31,40000,"single","investment",8000,"SG","s","employed-salary","other",2022-01-04 17:12:33.195,"App 0093","direct"
"Sales rep  C","Expired App",32,2000,"single","paying-bills",1600,"SG","s","employed-salary","logistic",2022-01-04 02:25:57.049,"App 0094","google"
"Sales rep  F","Expired App",61,42000,"married","business-expansion",7200,"SG","s","self-employed","logistic",2022-01-04 03:12:08.779,"App 0095","carousell_sg"
"Sales rep  C","Expired App",33,12000,"married","home",3000,"SG","s","employed-salary","other",2022-01-04 04:02:54.306,"App 0096","google"
"Sales rep  F","Closed App",19,1000,"single","other",1800,"SG","s","employed-salary","retail",2022-01-04 05:18:13.579,"App 0097","carousell_sg"
"Sales rep  C","Expired App",45,3000,"single","debt-consolidation-ff",2200,"SG","s","self-employed","f-and-b",2022-01-04 07:40:46.148,"App 0098","facebook"
"Sales rep  F","Expired App",42,1000,"single","home",2650,"SG","s","employed-salary","other",2022-01-04 09:11:47.95,"App 0099","facebook"
"Sales rep  F","Loan Disbursed App",45,20000,"divorced","debt-consolidation",2500,"SG","s","self-employed","other",2022-01-04 12:10:28.659,"App 0100","wa"
"Sales rep  C","Closed App",28,30000,"married","car",8000,"SG","s","employed-salary","banking-finance",2022-01-19 17:39:59.545,"App 0101","e-mail"
"Sales rep  F","Expired App",52,6000,"married","special-occasion",1500,"SG","s","employed-salary","retail",2022-01-04 13:34:44.33,"App 0102","valuechampion_sg"
"Sales rep  F","Closed App",53,30000,"married","debt-consolidation",3500,"SG","s","employed-salary","f-and-b",2022-01-04 14:38:58.413,"App 0103","facebook"
"Sales rep  C","Expired App",27,30000,"single","investment",3800,"SG","s","self-employed","retail",2022-01-04 14:47:49.926,"App 0104","facebook"
"Sales rep  C","Expired App",39,5000,"divorced","paying-bills",2650,"MY","spass-wp","employed-salary","f-and-b",2022-01-04 15:06:13.549,"App 0105","facebook"
"Sales rep  C","Expired App",29,20000,"married","debt-consolidation",3746,"SG","s","employed-salary","other",2022-01-04 15:24:14.568,"App 0106","facebook"
"Sales rep  F","Bank Declined App",43,2000,"divorced","paying-bills",2368,"SG","s","employed-salary","education",2022-01-04 17:32:45.424,"App 0107","wa"
"Sales rep  F","Expired App",40,20000,"married","renovation",2200,"SG","s","employed-salary","other",2022-01-04 16:00:25.07,"App 0108","facebook"
"Sales rep  F","Expired App",40,30000,"married","debt-consolidation",3900,"SG","s","employed-salary","logistic",2022-01-04 16:04:03.539,"App 0109","nestia"
"Sales rep  C","Expired App",27,25000,"married","debt-consolidation",3500,"SG","s","employed-salary","it-telco",2022-01-04 16:05:59.883,"App 0110","google"
"Sales rep  F","Closed App",28,8000,"single","debt-consolidation-ff",3300,"MY","spass-wp","employed-salary","transport",2022-01-04 16:53:05.396,"App 0111","nestia"
"Sales rep  C","Expired App",34,5000,"married","other",2300,"SG","s","employed-salary","other",2022-01-04 17:23:59.189,"App 0112","facebook"
"Sales rep  C","Bank Declined App",37,3000,"single","special-occasion",2000,"MY","spass-wp","employed-salary","f-and-b",2022-01-04 17:33:32.549,"App 0113","nestia"
"Sales rep  C","Expired App",24,20000,"single","paying-bills",2400,"SG","s","employed-salary","retail",2022-01-04 17:58:37.72,"App 0114","google"
"Sales rep  F","Expired App",38,50000,"married","renovation",13000,"SG","s","employed-salary","other",2022-01-04 18:11:03.617,"App 0115","e-mail"
"Sales rep  F","Expired App",55,10000,"married","renovation",5700,"SG","s","employed-salary","it-telco",2022-01-04 19:37:06.168,"App 0116","valuechampion_sg"
NA,"Closed App",41,20000,"married","car",5000,"SG","s","employed-salary","banking-finance",2022-01-04 20:03:29.076,"App 0117","direct"
"Sales rep  F","Loan Disbursed App",48,3000,"divorced","business-expansion",2700,"SG","s","employed-salary","education",2022-01-04 20:15:27.218,"App 0118","bing"
"Sales rep  C","Loan Disbursed App",26,10000,"single","wedding",4500,"IN","spass-wp","employed-salary","manufacturing",2022-01-04 21:04:29.473,"App 0119","google"
"Sales rep  F","Bank Declined App",34,25000,"married","debt-consolidation",2700,"SG","s","employed-salary","hospitality",2022-01-04 21:17:41.127,"App 0120","bing"
"Sales rep  C","Closed App",28,10000,"single","paying-bills",3800,"SG","s","employed-salary","other",2022-01-04 21:49:03.764,"App 0121","thinksme"
NA,"Bank Declined App",39,3000,"single","renovation",1000,"PH","spass-wp","employed-salary","f-and-b",2022-01-04 23:56:33.181,"App 0122","facebook"
"Sales rep  F","Expired App",50,5000,"divorced","paying-bills",3000,"SG","s","employed-salary","other",2022-01-05 04:19:17.585,"App 0123","direct"
"Sales rep  C","Expired App",20,5500,"single","debt-consolidation-ff",2200,"SG","s","self-employed","other",2022-01-05 03:15:59.227,"App 0124","carousell_sg"
"Sales rep  F","Closed App",24,10000,"single","other",2400,"MY","spass-wp","employed-salary","other",2022-01-05 04:12:50.82,"App 0125","lm.facebook.com"
"Sales rep  C","Bank Declined App",44,20000,"married","debt-consolidation",2000,"SG","s","self-employed","transport",2022-01-05 04:46:58.658,"App 0126","google"
"Sales rep  F","Expired App",36,20000,"married","education",4850,"SG","s","employed-salary","building-construction",2022-01-05 05:55:51.578,"App 0127","google"
"Sales rep  C","Expired App",24,5000,"single","home",4000,"SG","s","self-employed","transport",2022-01-05 06:27:20.634,"App 0128","valuechampion_sg"
"Sales rep  F","Expired App",37,2000,"divorced","other",2045,"SG","s","employed-salary","logistic",2022-01-05 08:12:39.49,"App 0129","carousell_sg"
"Sales rep  C","Loan Disbursed App",28,10000,"divorced","business-expansion",5000,"SG","s","self-employed","it-telco",2022-01-05 08:15:46.519,"App 0130","bing"
"Sales rep  F","Loan Disbursed App",33,6000,"married","paying-bills",3229,"SG","s","employed-salary","other",2022-01-05 10:56:03.632,"App 0131","google"
"Sales rep  C","Closed App",39,20000,"widow","business-expansion",3500,"SG","s","self-employed","other",2022-01-05 11:00:00.79,"App 0132","carousell_sg"
"Sales rep  F","Bank Declined App",49,5000,"married","other",1450,"SG","s","employed-salary","other",2022-01-05 11:13:25.979,"App 0133","sms"
"Sales rep  C","Loan Disbursed App",28,3000,"married","home",2700,"SG","s","employed-salary","other",2022-01-05 11:18:30.97,"App 0134","sms"
"Sales rep  F","Expired App",28,10000,"single","investment",3000,"MY","pr","self-employed","insurance",2022-01-05 11:20:34.782,"App 0135","facebook"
"Sales rep  C","Closed App",50,25000,"married","debt-consolidation",6500,"SG","s","employed-salary","other",2022-01-05 16:34:57.4,"App 0136","sms"
"Sales rep  C","Loan Disbursed App",27,2000,"single","debt-consolidation",1904,"SG","s","employed-contract","logistic",2022-01-05 11:28:36.495,"App 0137","sms"
"Sales rep  C","Closed App",30,20000,"married","home",4100,"SG","s","employed-salary","government",2022-01-05 11:40:14.533,"App 0138","direct"
"Sales rep  F","Closed App",38,15000,"single","debt-consolidation",2900,"SG","s","employed-salary","f-and-b",2022-01-05 11:42:46.018,"App 0139","google"
"Sales rep  F","Loan Disbursed App",44,8000,"married","debt-consolidation",2800,"SG","s","employed-salary","it-telco",2022-01-26 19:40:51.051,"App 0140","sms"
"Sales rep  C","Expired App",42,20000,"single","debt-consolidation",3154,"SG","s","employed-salary","it-telco",2022-01-05 11:46:10.456,"App 0141","sms"
"Sales rep  F","Bank Declined App",25,8000,"single","paying-bills",1600,"MY","spass-wp","employed-salary","f-and-b",2022-01-05 12:04:11.048,"App 0142","sms"
"Sales rep  C","Expired App",25,4600,"single","credit-card-debt",4600,"CN","ep","employed-salary","it-telco",2022-01-05 12:18:17.075,"App 0143","sms"
"Sales rep  F","Expired App",58,2000,"married","car",3500,"SG","s","employed-salary","hospitality",2022-01-05 13:00:33.648,"App 0144","sms"
"Sales rep  C","Expired App",41,20000,"married","credit-card-debt",2800,"SG","s","employed-salary","other",2022-01-05 13:08:45.889,"App 0145","sms"
"Sales rep  F","Loan Disbursed App",21,1000,"single","paying-bills",1550,"SG","s","employed-salary","other",2022-01-05 13:21:32.314,"App 0146","carousell_sg"
"Sales rep  C","Closed App",26,25000,"married","debt-consolidation",3000,"SG","s","employed-salary","logistic",2022-01-05 13:29:46.9,"App 0147","google"
"Sales rep  F","Closed App",49,20000,"married","credit-card-debt",3700,"SG","s","employed-salary","other",2022-01-05 13:59:32.136,"App 0148","facebook"
"Sales rep  F","Loan Disbursed App",29,10000,"married","debt-consolidation",2500,"SG","s","employed-salary","manufacturing",2022-01-05 14:35:42.125,"App 0149","facebook"
"Sales rep  C","Closed App",44,30000,"married","credit-card-debt",5367,"SG","s","employed-salary","transport",2022-01-05 14:48:42.462,"App 0150","facebook"
"Sales rep  F","Closed App",38,1000,"married","medical",2000,"SG","s","employed-salary","other",2022-01-05 15:21:09.527,"App 0151","google"
"Sales rep  C","Closed App",47,20000,"married","debt-consolidation",2500,"SG","s","employed-salary","logistic",2022-01-05 15:50:55.24,"App 0152","facebook"
NA,"Closed App",29,20000,"married","debt-consolidation",2500,"SG","s","employed-salary","manufacturing",2022-01-05 16:10:39.278,"App 0153","direct"
"Sales rep  F","Bank Declined App",26,1000,"single","debt-consolidation-ff",1950,"MY","spass-wp","employed-salary","f-and-b",2022-01-05 16:31:12.482,"App 0154","facebook"
"Sales rep  C","Expired App",29,20000,"single","debt-consolidation",3300,"SG","s","employed-salary","retail",2022-01-05 16:36:15.622,"App 0155","facebook"
"Sales rep  F","Expired App",22,4000,"married","line-of-credit",3000,"SG","s","employed-salary","other",2022-01-05 17:04:00.414,"App 0156","sms"
"Sales rep  C","Loan Disbursed App",28,3000,"single","line-of-credit",3500,"SG","s","self-employed","transport",2022-01-05 17:22:19.469,"App 0157","google"
"Sales rep  F","Expired App",32,20000,"single","credit-card-debt",2400,"SG","s","employed-salary","other",2022-01-05 17:30:17.299,"App 0158","e-mail"
"Sales rep  F","Expired App",25,12000,"single","education",3883,"SG","spass-wp","employed-salary","other",2022-01-05 17:31:37.86,"App 0159","valuechampion_sg"
"Sales rep  C","Expired App",41,12000,"single","debt-consolidation-ff",2600,"SG","s","self-employed","transport",2022-01-05 17:36:40.551,"App 0160","google"
"Sales rep  C","Loan Disbursed App",51,15000,"married","home",2800,"SG","s","employed-salary","hospitality",2022-01-05 17:51:21.018,"App 0161","direct"
NA,"Bank Declined App",53,20000,"divorced","medical",4000,"SG","s","self-employed","logistic",2022-01-05 18:08:46.529,"App 0162","e-mail"
"Sales rep  C","Loan Disbursed App",46,3000,"married","education",2500,"SG","s","employed-salary","manufacturing",2022-01-05 18:27:21.809,"App 0163","direct"
NA,"Bank Declined App",25,3000,"single","debt-consolidation-ff",1800,"MY","spass-wp","employed-salary","retail",2022-01-05 18:40:47.541,"App 0164","direct"
"Sales rep  F","Closed App",22,12000,"single","debt-consolidation-ff",2700,"SG","pr","employed-salary","logistic",2022-01-05 19:27:06.335,"App 0165","google"
"Sales rep  C","Closed App",41,38000,"married","debt-consolidation",4800,"SG","s","employed-salary","retail",2022-01-05 19:30:55.911,"App 0166","e-mail"
"Sales rep  F","Closed App",49,5000,"married","debt-consolidation-ff",3510,"SG","s","employed-salary","other",2022-01-05 20:28:58.152,"App 0167","e-mail"
"Sales rep  C","Expired App",28,4000,"single","debt-consolidation-ff",2500,"SG","s","employed-salary","it-telco",2022-01-05 22:06:28.472,"App 0168","e-mail"
"Sales rep  F","Bank Declined App",27,50000,"married","debt-consolidation",3700,"SG","s","employed-salary","building-construction",2022-01-05 22:20:10.03,"App 0169","e-mail"
"Sales rep  F","Closed App",25,6000,"single","special-occasion",2700,"SG","s","employed-salary","logistic",2022-01-08 22:46:48.925,"App 0170","google"
"Sales rep  C","Closed App",36,60000,"married","debt-consolidation",5964,"SG","s","employed-salary","other",2022-01-05 22:50:26.593,"App 0171","sms"
"Sales rep  F","Expired App",48,1000,"married","paying-bills",2000,"SG","s","self-employed","f-and-b",2022-01-05 23:22:53.949,"App 0172","sms"
"Sales rep  C","Expired App",30,15000,"single","credit-card-debt",3000,"SG","s","employed-salary","banking-finance",2022-01-05 23:33:04.432,"App 0173","facebook"
"Sales rep  F","Closed App",24,10000,"single","debt-consolidation",2000,"SG","s","employed-salary","retail",2022-01-05 23:43:57.685,"App 0174","valuechampion_sg"
"Sales rep  C","Bank Declined App",34,3500,"married","debt-consolidation-ff",1868,"SG","s","self-employed","other",2022-01-05 23:55:14.506,"App 0175","wa"
"Sales rep  F","Bank Declined App",30,2000,"single","paying-bills",1400,"MY","pr","employed-salary","retail",2022-01-06 00:04:34.35,"App 0176","sms"
"Sales rep  C","Expired App",31,6000,"single","wedding",1700,"SG","s","employed-salary","logistic",2022-01-06 00:54:32.249,"App 0177","google"
"Sales rep  F","Expired App",35,12000,"divorced","renovation",3600,"SG","s","employed-salary","f-and-b",2022-01-06 01:32:40.303,"App 0178","google"
"Sales rep  F","Expired App",40,15000,"married","debt-consolidation-ff",6500,"PH","spass-wp","employed-salary","f-and-b",2022-01-06 02:03:50.171,"App 0179","sms"
"Sales rep  C","Expired App",35,3000,"married","paying-bills",3700,"SG","s","employed-salary","other",2022-01-06 02:34:45.668,"App 0180","metallicepoxy"
"Sales rep  F","Closed App",24,20000,"single","investment",2000,"SG","s","employed-contract","logistic",2022-01-07 04:41:52.61,"App 0181","google"
"Sales rep  F","Closed App",25,50000,"single","debt-consolidation",3300,"SG","s","employed-salary","banking-finance",2022-01-06 07:24:30.483,"App 0182","facebook"
"Sales rep  F","Loan Disbursed App",24,2000,"single","special-occasion",4000,"SG","s","employed-salary","f-and-b",2022-01-06 07:44:42.745,"App 0183","sms"
"Sales rep  C","Closed App",33,10000,"divorced","debt-consolidation",2300,"SG","s","employed-salary","retail",2022-01-06 09:23:40.593,"App 0184","valuechampion_sg"
"Sales rep  F","Loan Disbursed App",24,2500,"single","paying-bills",2660,"SG","s","employed-salary","education",2022-01-06 12:20:37.156,"App 0185","google"
"Sales rep  C","Closed App",38,20000,"married","debt-consolidation-ff",5000,"SG","s","employed-salary","other",2022-01-06 13:06:26.27,"App 0186","google"
"Sales rep  C","Loan Disbursed App",32,15000,"single","other",5000,"AU","spass-wp","employed-salary","other",2022-01-06 13:18:42.64,"App 0187","google"
"Sales rep  F","Expired App",32,30000,"single","hobbies",3700,"SG","s","self-employed","insurance",2022-01-06 13:54:51.797,"App 0188","google"
"Sales rep  C","Expired App",50,20000,"married","home",5000,"SG","s","employed-salary","other",2022-01-06 14:13:23.919,"App 0189","e-mail"
"Sales rep  F","Loan Disbursed App",34,5000,"divorced","debt-consolidation",6000,"SG","s","employed-salary","f-and-b",2022-01-06 15:21:29.403,"App 0190","direct"
"Sales rep  C","Expired App",21,20000,"single","paying-bills",2000,"CN","pr","employed-salary","education",2022-01-06 15:56:23.241,"App 0191","sms"
"Sales rep  C","Closed App",34,40000,"married","debt-consolidation",15000,"SG","s","employed-salary","retail",2022-01-06 15:58:05.533,"App 0192","google"
"Sales rep  F","Expired App",49,20000,"married","home",3000,"SG","s","employed-salary","transport",2022-01-06 16:14:41.049,"App 0193","sms"
"Sales rep  F","Loan Disbursed App",30,5000,"single","paying-bills",4500,"SG","s","employed-salary","banking-finance",2022-01-06 16:35:47.057,"App 0194","direct"
"Sales rep  F","Expired App",57,15000,"married","paying-bills",5090,"SG","s","employed-salary","other",2022-01-06 16:52:20.985,"App 0195","www.finder.com"
"Sales rep  F","Loan Disbursed App",38,30000,"married","other",3800,"SG","s","employed-salary","government",2022-01-06 19:34:54.702,"App 0196","google"
"Sales rep  C","Expired App",31,20000,"married","paying-bills",2925,"SG","s","employed-salary","other",2022-01-06 17:43:37.465,"App 0197","google"
"Sales rep  C","Expired App",31,1000,"single","other",1600,"SG","s","employed-salary","other",2022-01-06 17:58:04.659,"App 0198","google"
"Sales rep  F","Loan Disbursed App",27,5000,"married","other",1680,"SG","s","employed-salary","other",2022-01-06 18:24:47.239,"App 0199","direct"
NA,"Closed App",25,3000,"single","investment",2300,"MY","spass-wp","employed-salary","f-and-b",2022-01-06 18:34:48.314,"App 0200","google"
"Sales rep  C","Expired App",25,3000,"single","investment",2400,"MY","spass-wp","employed-salary","f-and-b",2022-01-06 19:14:55.984,"App 0201","google"
"Sales rep  F","Closed App",37,3000,"divorced","other",5706,"SG","s","employed-salary","other",2022-01-06 19:47:21.494,"App 0202","google"
"Sales rep  C","Expired App",26,10000,"single","debt-consolidation-ff",2400,"SG","s","employed-salary","it-telco",2022-01-06 21:06:51.162,"App 0203","direct"
"Sales rep  C","Loan Disbursed App",37,2000,"single","home",2000,"MY","spass-wp","employed-salary","f-and-b",2022-01-06 21:13:59.271,"App 0204","wa"
"Sales rep  F","Loan Disbursed App",39,2000,"single","paying-bills",3400,"SG","s","employed-salary","building-construction",2022-01-06 21:18:29.77,"App 0205","google"
"Sales rep  F","Loan Disbursed App",33,2000,"married","debt-consolidation-ff",3500,"MY","spass-wp","employed-salary","manufacturing",2022-01-06 21:34:24.662,"App 0206","e-mail"
"Sales rep  C","Loan Disbursed App",22,2000,"single","debt-consolidation",2000,"SG","s","employed-salary","logistic",2022-01-06 23:55:12.083,"App 0207","bing"
"Sales rep  F","Loan Disbursed App",29,2000,"single","education",1500,"SG","s","employed-salary","education",2022-01-07 00:30:54.423,"App 0208","e-mail"
"Sales rep  C","Closed App",23,5000,"single","debt-consolidation",1500,"SG","s","employed-salary","retail",2022-01-07 00:34:14.9,"App 0209","e-mail"
"Sales rep  F","Closed App",51,20000,"married","debt-consolidation",3500,"SG","s","employed-salary","it-telco",2022-01-07 01:14:18.417,"App 0210","e-mail"
"Sales rep  C","Bank Declined App",23,4000,"single","debt-consolidation",1650,"SG","s","employed-salary","f-and-b",2022-01-07 01:16:05.526,"App 0211","facebook"
"Sales rep  F","Expired App",32,5000,"single","special-occasion",4500,"SG","s","employed-salary","banking-finance",2022-01-07 03:35:18.849,"App 0212","facebook"
"Sales rep  C","Expired App",23,20000,"single","debt-consolidation-ff",2000,"SG","s","self-employed","f-and-b",2022-01-07 05:09:49.451,"App 0213","facebook"
"Sales rep  F","Expired App",35,20000,"married","debt-consolidation-ff",2500,"SG","s","self-employed","f-and-b",2022-01-07 07:30:46.75,"App 0214","facebook"
"Sales rep  C","Expired App",59,4000,"divorced","home",2600,"SG","s","employed-salary","f-and-b",2022-01-07 11:14:14.785,"App 0215","google"
"Sales rep  C","Expired App",50,60000,"married","business-expansion",6000,"SG","s","self-employed","other",2022-01-07 11:21:02.234,"App 0216","facebook"
"Sales rep  C","Expired App",38,30000,"married","investment",8000,"SG","s","employed-salary","government",2022-01-07 13:23:52.175,"App 0217","wa"
"Sales rep  F","Closed App",24,25000,"single","debt-consolidation",2750,"SG","s","employed-salary","other",2022-01-07 14:04:18.109,"App 0218","google"
"Sales rep  C","Expired App",36,10000,"married","renovation",4500,"SG","s","employed-salary","other",2022-01-07 14:46:59.361,"App 0219","google"
"Sales rep  C","Loan Disbursed App",36,20000,"married","debt-consolidation-ff",2800,"IN","spass-wp","employed-salary","other",2022-01-07 15:00:25.425,"App 0220","facebook"
"Sales rep  F","Loan Disbursed App",27,1200,"divorced","medical",3000,"SG","s","self-employed","transport",2022-01-07 15:01:43.574,"App 0221","sms"
"Sales rep  F","Expired App",40,25000,"married","business-expansion",8700,"SG","s","self-employed","other",2022-01-07 15:23:42.454,"App 0222","google"
"Sales rep  F","Loan Disbursed App",31,20000,"married","paying-bills",5000,"SG","s","employed-salary","other",2022-01-07 16:35:37.955,"App 0223","direct"
"Sales rep  F","Expired App",26,2000,"single","renovation",2000,"SG","s","employed-salary","f-and-b",2022-01-07 16:45:28.896,"App 0224","facebook"
NA,"Closed App",23,20000,"single","renovation",1200,"IN","pr","employed-salary","it-telco",2022-01-07 16:51:04.97,"App 0225","direct"
"Sales rep  F","Bank Declined App",52,20000,"single","debt-consolidation",4050,"SG","s","self-employed","f-and-b",2022-01-07 17:27:16.58,"App 0226","facebook"
"Sales rep  F","Expired App",37,15000,"married","business-expansion",6000,"SG","s","self-employed","other",2022-01-07 18:05:01.719,"App 0227","google"
"Sales rep  F","Expired App",39,15000,"married","debt-consolidation",17900,"MY","pr","employed-salary","it-telco",2022-01-07 18:35:08.089,"App 0228","duplicate"
"Sales rep  C","Expired App",32,2000,"divorced","renovation",3000,"SG","s","employed-salary","government",2022-01-07 19:53:39.512,"App 0229","google"
"Sales rep  C","Expired App",41,50000,"married","debt-consolidation",4080,"SG","s","employed-salary","other",2022-01-07 20:09:47.352,"App 0230","facebook"
"Sales rep  C","Loan Disbursed App",55,7000,"single","other",1850,"SG","s","employed-salary","f-and-b",2022-01-07 20:28:38.942,"App 0231","direct"
"Sales rep  C","Expired App",36,10000,"single","debt-consolidation",2155,"SG","s","employed-salary","f-and-b",2022-01-07 21:25:06.263,"App 0232","valuechampion_sg"
"Sales rep  C","Bank Declined App",31,20000,"married","paying-bills",3500,"SG","s","employed-salary","other",2022-01-08 05:20:13.471,"App 0233","facebook"
"Sales rep  C","Expired App",42,20000,"single","debt-consolidation",2500,"SG","s","employed-salary","f-and-b",2022-01-07 22:35:42.67,"App 0234","l.facebook.com"
"Sales rep  C","Closed App",35,120000,"single","car",1e+05,"SG","s","employed-salary","logistic",2022-01-07 22:55:31.459,"App 0235","direct"
"Sales rep  C","Bank Declined App",38,30000,"married","debt-consolidation",4000,"PH","spass-wp","employed-salary","building-construction",2022-01-08 01:14:54.056,"App 0236","m.facebook.com"
"Sales rep  C","Expired App",38,5000,"married","paying-bills",6100,"SG","s","employed-salary","other",2022-01-08 02:50:09.624,"App 0237","google"
"Sales rep  C","Expired App",60,10000,"married","debt-consolidation-ff",4000,"SG","s","self-employed","transport",2022-01-08 17:09:01.502,"App 0238","direct"
"Sales rep  C","Expired App",33,13000,"married","wedding",3200,"MY","pr","employed-salary","transport",2022-01-08 05:13:06.285,"App 0239","google"
"Sales rep  C","Expired App",22,10000,"single","debt-consolidation-ff",2300,"SG","s","employed-salary","other",2022-01-08 06:27:07.329,"App 0240","valuechampion_sg"
"Sales rep  C","Loan Disbursed App",33,11000,"single","debt-consolidation",2500,"SG","s","employed-salary","logistic",2022-01-08 10:48:04.321,"App 0241","google"
"Sales rep  C","Expired App",35,30000,"married","renovation",4500,"SG","s","employed-salary","other",2022-01-08 15:06:22.812,"App 0242","direct"
"Sales rep  C","Loan Disbursed App",28,10000,"divorced","paying-bills",1600,"SG","s","employed-salary","retail",2022-01-08 15:15:03.247,"App 0243","valuechampion_sg"
"Sales rep  C","Loan Disbursed App",28,15000,"single","paying-bills",3800,"SG","s","employed-salary","other",2022-01-08 15:44:58.854,"App 0244","wa"
"Sales rep  F","Closed App",25,12000,"single","wedding",1850,"SG","s","employed-salary","other",2022-01-08 16:09:03.779,"App 0245","google"
"Sales rep  C","Expired App",47,20000,"married","other",2500,"SG","s","employed-salary","transport",2022-01-08 17:29:48.963,"App 0246","e-mail"
"Sales rep  C","Expired App",26,1000,"single","other",1800,"SG","s","employed-salary","it-telco",2022-01-08 17:43:32.384,"App 0247","facebook"
"Sales rep  F","Loan Disbursed App",35,20000,"single","debt-consolidation",4876,"IN","spass-wp","employed-salary","logistic",2022-01-08 17:57:12.454,"App 0248","e-mail"
"Sales rep  C","Loan Disbursed App",42,3000,"married","home",4800,"SG","s","employed-salary","other",2022-01-08 18:02:15.23,"App 0249","direct"
"Sales rep  C","Closed App",35,20000,"single","debt-consolidation-ff",4750,"SG","s","employed-salary","hospitality",2022-01-08 18:35:42.232,"App 0250","direct"
"Sales rep  C","Bank Declined App",25,1000,"married","debt-consolidation-ff",2500,"MY","spass-wp","employed-salary","f-and-b",2022-01-08 18:47:32.121,"App 0251","wa"
"Sales rep  C","Expired App",44,15000,"divorced","other",2800,"SG","s","employed-salary","hospitality",2022-01-08 18:52:05.234,"App 0252","carousell_sg"
"Sales rep  C","Expired App",59,5000,"single","other",4000,"SG","s","self-employed","other",2022-01-08 18:56:07.886,"App 0253","sms"
"Sales rep  C","Closed App",44,20000,"married","paying-bills",2800,"SG","s","employed-salary","retail",2022-01-08 19:04:57.462,"App 0254","e-mail"
"Sales rep  C","Closed App",29,20000,"single","home",5307,"IN","spass-wp","employed-salary","manufacturing",2022-01-08 19:13:38.451,"App 0255","nestia"
"Sales rep  C","Closed App",27,3500,"married","debt-consolidation-ff",2500,"SG","s","employed-salary","logistic",2022-01-08 19:16:21.028,"App 0256","e-mail"
"Sales rep  C","Closed App",50,36000,"married","other",5500,"PH","spass-wp","employed-salary","manufacturing",2022-01-08 19:21:22.756,"App 0257","valuechampion_sg"
"Sales rep  F","Bank Declined App",23,4000,"single","paying-bills",3023,"SG","s","employed-salary","f-and-b",2022-01-08 19:46:10.307,"App 0258","google"
"Sales rep  C","Closed App",54,10000,"married","paying-bills",2600,"SG","s","employed-salary","building-construction",2022-01-08 19:58:09.055,"App 0259","facebook"
"Sales rep  F","Bank Declined App",22,3000,"single","wedding",1700,"MY","spass-wp","employed-salary","f-and-b",2022-01-08 20:46:38.361,"App 0260","valuechampion_sg"
"Sales rep  F","Expired App",27,16000,"single","other",3200,"SG","s","employed-salary","it-telco",2022-01-09 00:00:36.513,"App 0261","google"
"Sales rep  C","Closed App",22,5000,"single","debt-consolidation-ff",4000,"SG","s","self-employed","retail",2022-01-09 00:48:25.845,"App 0262","google"
"Sales rep  F","Closed App",39,5000,"married","debt-consolidation-ff",4200,"SG","s","employed-salary","f-and-b",2022-01-09 02:02:04.2,"App 0263","facebook"
"Sales rep  F","Expired App",55,1000,"widow","other",2000,"SG","s","employed-salary","logistic",2022-01-09 02:10:17.797,"App 0264","direct"
"Sales rep  F","Expired App",28,5000,"single","home",2700,"SG","s","employed-salary","banking-finance",2022-01-10 00:11:45.951,"App 0265","wa"
"Sales rep  F","Loan Disbursed App",42,3500,"married","home",7000,"SG","s","employed-salary","other",2022-01-09 03:41:56.584,"App 0266","valuechampion_sg"
"Sales rep  F","Expired App",23,7000,"single","vacation",2373,"SG","s","employed-salary","logistic",2022-01-09 04:16:26.544,"App 0267","valuechampion_sg"
"Sales rep  F","Loan Disbursed App",36,10000,"divorced","investment",6000,"SG","s","self-employed","transport",2022-01-09 07:14:02.29,"App 0268","google"
"Sales rep  C","Expired App",58,3000,"married","debt-consolidation-ff",1500,"SG","s","employed-salary","logistic",2022-01-09 07:15:23.134,"App 0269","finder_sg"
"Sales rep  C","Expired App",30,50000,"single","investment",8000,"HK","ep","employed-salary","banking-finance",2022-01-09 07:37:27.413,"App 0270","google"
"Sales rep  F","Expired App",23,8000,"single","home",2500,"SG","s","self-employed","building-construction",2022-01-09 13:13:42.734,"App 0271","google"
"Sales rep  F","Expired App",41,60000,"married","credit-card-debt",3600,"SG","s","employed-salary","manufacturing",2022-01-09 16:34:04.553,"App 0272","google"
"Sales rep  F","Bank Declined App",19,1000,"single","paying-bills",1000,"SG","s","self-employed","retail",2022-01-09 17:17:32.225,"App 0273","facebook"
"Sales rep  F","Loan Disbursed App",45,20000,"married","education",3756,"PH","spass-wp","employed-salary","f-and-b",2022-01-09 17:39:40.21,"App 0274","valuechampion_sg"
"Sales rep  F","Bank Declined App",42,47000,"single","debt-consolidation",3400,"SG","s","employed-salary","other",2022-01-09 21:06:45.344,"App 0275","facebook"
"Sales rep  F","Loan Disbursed App",38,20000,"married","paying-bills",2500,"SG","s","employed-salary","transport",2022-01-09 22:59:03.568,"App 0276","facebook"
"Sales rep  C","Expired App",38,2e+05,"married","line-of-credit",66000,"SG","s","employed-salary","logistic",2022-01-09 23:08:53.542,"App 0277","valuechampion_sg"
"Sales rep  F","Expired App",39,20000,"married","education",3605,"PH","spass-wp","employed-salary","logistic",2022-01-10 00:07:23.817,"App 0278","valuechampion_sg"
"Sales rep  F","Expired App",22,3000,"single","other",1875,"SG","s","employed-contract","other",2022-01-12 16:05:54.682,"App 0279","google"
"Sales rep  F","Expired App",48,20000,"single","paying-bills",5000,"SG","s","employed-salary","education",2022-01-10 01:31:20.652,"App 0280","facebook"
"Sales rep  F","Expired App",54,30000,"widow","debt-consolidation",3000,"SG","s","employed-salary","transport",2022-01-10 02:37:43.405,"App 0281","facebook"
"Sales rep  F","Loan Disbursed App",47,20000,"married","other",4000,"SG","s","self-employed","building-construction",2022-01-12 14:09:30.618,"App 0282","facebook"
"Sales rep  C","Expired App",36,30000,"married","renovation",5800,"SG","s","employed-salary","other",2022-01-10 03:46:10.276,"App 0283","carousell_sg"
"Sales rep  C","Expired App",62,6000,"married","paying-bills",4300,"SG","s","employed-salary","building-construction",2022-01-10 10:11:14.087,"App 0284","google"
"Sales rep  F","Closed App",24,3000,"divorced","other",4000,"SG","s","self-employed","f-and-b",2022-01-10 12:35:02.102,"App 0285","wa"
"Sales rep  C","Loan Disbursed App",29,12000,"single","debt-consolidation",2500,"SG","s","employed-salary","f-and-b",2022-01-10 12:43:41.362,"App 0286","google"
"Sales rep  F","Loan Disbursed App",20,5000,"single","paying-bills",2601,"SG","s","employed-salary","it-telco",2022-01-10 12:44:55.206,"App 0287","google"
"Sales rep  C","Loan Disbursed App",30,15000,"single","home",3800,"IN","spass-wp","employed-salary","building-construction",2022-01-10 13:10:43.921,"App 0288","direct"
NA,"Closed App",51,15000,"single","debt-consolidation",1950,"SG","s","employed-salary","other",2022-01-10 13:42:11.333,"App 0289","facebook"
"Sales rep  C","Expired App",33,65000,"single","other",3500,"SG","spass-wp","employed-contract","transport",2022-01-10 15:36:13.185,"App 0290","google"
"Sales rep  C","Expired App",35,20000,"married","debt-consolidation",5000,"SG","s","employed-salary","other",2022-01-10 14:05:10.68,"App 0291","bing"
"Sales rep  F","Loan Disbursed App",31,8000,"divorced","special-occasion",2200,"SG","s","employed-salary","building-construction",2022-01-10 14:10:52.621,"App 0292","direct"
"Sales rep  F","Bank Declined App",36,3000,"single","debt-consolidation-ff",1300,"SG","s","other","retail",2022-01-31 05:28:30.077,"App 0293","facebook"
"Sales rep  F","Bank Declined App",51,12000,"single","paying-bills",1950,"SG","s","employed-salary","other",2022-01-10 14:27:09.228,"App 0294","direct"
"Sales rep  C","Bank Declined App",25,1000,"married","debt-consolidation-ff",2500,"MY","spass-wp","employed-salary","f-and-b",2022-01-10 14:33:57.095,"App 0295","direct"
"Sales rep  F","Expired App",29,6000,"married","debt-consolidation",1700,"SG","s","employed-salary","education",2022-01-10 14:37:00.962,"App 0296","sms"
"Sales rep  C","Expired App",55,5000,"divorced","other",4000,"SG","s","self-employed","transport",2022-01-10 14:36:15.732,"App 0297","sms"
"Sales rep  F","Expired App",40,10000,"single","investment",2500,"MY","spass-wp","employed-salary","transport",2022-01-10 14:42:39.999,"App 0298","sms"
"Sales rep  C","Expired App",42,2000,"single","debt-consolidation-ff",2100,"SG","s","employed-contract","other",2022-01-10 14:43:38.604,"App 0299","sms"
"Sales rep  C","Loan Disbursed App",46,10000,"married","investment",3500,"MM","spass-wp","employed-salary","other",2022-01-10 14:43:38.371,"App 0300","sms"
"Sales rep  F","Expired App",39,30000,"married","other",4000,"SG","s","employed-salary","building-construction",2022-01-10 14:46:41.973,"App 0301","sms"
"Sales rep  F","Expired App",29,20000,"single","debt-consolidation",3500,"SG","s","employed-salary","government",2022-01-10 14:47:46.344,"App 0302","sms"
"Sales rep  C","Bank Declined App",32,1500,"single","hobbies",1580,"MY","spass-wp","employed-salary","manufacturing",2022-01-10 14:46:45.545,"App 0303","sms"
"Sales rep  C","Closed App",34,15000,"single","debt-consolidation",2200,"SG","s","employed-salary","logistic",2022-01-10 14:49:12.7,"App 0304","sms"
"Sales rep  F","Closed App",35,20000,"single","debt-consolidation-ff",2900,"SG","s","employed-salary","manufacturing",2022-01-10 14:51:40.123,"App 0305","sms"
"Sales rep  F","Closed App",40,20000,"married","home",4500,"MY","ep","employed-salary","other",2022-01-10 14:52:28.391,"App 0306","sms"
"Sales rep  F","Loan Disbursed App",43,10000,"single","medical",5700,"SG","s","employed-salary","manufacturing",2022-01-10 14:52:23.951,"App 0307","sms"
"Sales rep  F","Bank Declined App",40,5000,"single","debt-consolidation-ff",1036,"SG","s","self-employed","insurance",2022-01-10 19:41:27.438,"App 0308","sms"
"Sales rep  C","Expired App",55,10000,"married","debt-consolidation",4000,"SG","s","self-employed","transport",2022-01-10 14:54:38.03,"App 0309","sms"
NA,"Closed App",31,20000,"single","credit-card-debt",10000,"SG","s","employed-salary","retail",2022-01-10 14:55:55.769,"App 0310","direct"
"Sales rep  C","Loan Disbursed App",31,20000,"single","debt-consolidation",4500,"MM","spass-wp","employed-salary","manufacturing",2022-01-10 14:59:15.524,"App 0311","sms"
"Sales rep  F","Expired App",22,7000,"single","home",2049,"SG","s","employed-salary","it-telco",2022-01-10 15:01:06.703,"App 0312","sms"
"Sales rep  C","Expired App",52,10000,"married","wedding",3000,"SG","s","employed-salary","building-construction",2022-01-13 18:02:06.521,"App 0313","sms"
"Sales rep  C","Bank Declined App",64,10000,"single","debt-consolidation",2500,"SG","s","self-employed","transport",2022-01-10 15:12:37.222,"App 0314","sms"
NA,"Bank Declined App",19,3500,"single","home",1350,"MY","spass-wp","employed-salary","manufacturing",2022-01-10 15:23:54.092,"App 0315","nestia"
"Sales rep  F","Expired App",34,32000,"married","other",2500,"SG","s","employed-contract","government",2022-01-10 15:29:24.863,"App 0316","motorist"
"Sales rep  C","Expired App",42,20000,"married","other",6000,"SG","s","self-employed","retail",2022-01-10 15:54:47.184,"App 0317","sms"
NA,"Closed App",25,20000,"single","business-expansion",250000,"ID","pr","employed-salary","retail",2022-01-10 15:57:59.328,"App 0318","direct"
"Sales rep  F","Expired App",39,5000,"single","debt-consolidation",1900,"SG","s","employed-salary","other",2022-01-10 15:59:26.713,"App 0319","direct"
"Sales rep  C","Loan Disbursed App",37,2000,"single","paying-bills",2000,"MY","spass-wp","employed-salary","f-and-b",2022-01-10 16:31:24.82,"App 0320","wa"
"Sales rep  F","Expired App",45,5000,"divorced","medical",3600,"SG","s","employed-salary","other",2022-01-10 16:33:42.229,"App 0321","wa"
"Sales rep  C","Expired App",36,20000,"single","debt-consolidation-ff",3500,"SG","s","employed-salary","education",2022-01-10 16:45:13.038,"App 0322","valuechampion_sg"
"Sales rep  F","Expired App",40,20000,"single","debt-consolidation",4500,"SG","s","employed-contract","it-telco",2022-01-10 16:55:05.158,"App 0323","sms"
"Sales rep  F","Expired App",23,5000,"single","paying-bills",3388,"SG","s","employed-salary","logistic",2022-01-10 17:24:25.593,"App 0324","google"
"Sales rep  C","Closed App",43,20000,"divorced","renovation",3650,"SG","s","employed-salary","building-construction",2022-01-10 19:15:11.964,"App 0325","valuechampion_sg"
"Sales rep  C","Expired App",40,10000,"married","debt-consolidation-ff",3000,"CN","spass-wp","employed-salary","f-and-b",2022-01-13 19:26:52.81,"App 0326","sms"
"Sales rep  C","Loan Disbursed App",48,20000,"married","other",2500,"MM","pr","employed-salary","other",2022-01-10 18:12:14.57,"App 0327","lm.facebook.com"
"Sales rep  F","Expired App",32,23000,"married","credit-card-debt",3000,"SG","s","employed-salary","other",2022-01-10 18:48:07.118,"App 0328","duplicate"
"Sales rep  F","Closed App",30,50000,"single","home",3000,"MY","spass-wp","employed-salary","logistic",2022-01-10 18:43:10.834,"App 0329","google"
"Sales rep  C","Closed App",33,3000,"married","paying-bills",1800,"SG","s","self-employed","f-and-b",2022-01-10 18:52:09.143,"App 0330","sms"
"Sales rep  F","Bank Declined App",29,1000,"single","other",2100,"MY","spass-wp","employed-salary","manufacturing",2022-01-10 19:08:47.195,"App 0331","google"
"Sales rep  F","Expired App",28,20000,"married","debt-consolidation",2800,"MY","pr","employed-salary","logistic",2022-01-10 19:57:30.364,"App 0332","facebook"
"Sales rep  F","Bank Declined App",36,17000,"divorced","paying-bills",2600,"SG","s","employed-salary","hospitality",2022-01-10 20:01:11.377,"App 0333","valuechampion_sg"
"Sales rep  F","Loan Disbursed App",34,3000,"single","business-expansion",3000,"SG","s","employed-salary","f-and-b",2022-01-10 20:49:23.672,"App 0334","wa"
"Sales rep  F","Closed App",32,20000,"married","credit-card-debt",4811,"SG","s","employed-salary","education",2022-01-10 20:57:53.21,"App 0335","sms"
"Sales rep  F","Bank Declined App",24,2000,"single","paying-bills",2000,"MY","spass-wp","employed-salary","logistic",2022-01-10 21:06:20.722,"App 0336","google"
"Sales rep  F","Expired App",39,10000,"married","investment",6000,"PH","spass-wp","employed-salary","manufacturing",2022-01-10 22:21:47.472,"App 0337","sms"
"Sales rep  F","Expired App",26,12000,"single","debt-consolidation-ff",3800,"SG","s","employed-salary","other",2022-01-10 22:38:45.206,"App 0338","google"
"Sales rep  C","Closed App",23,10000,"single","wedding",5400,"SG","s","employed-contract","logistic",2022-01-10 22:51:48.849,"App 0339","wa"
"Sales rep  C","Closed App",24,5000,"single","car",2100,"SG","s","self-employed","transport",2022-01-10 23:17:20.509,"App 0340","google"
"Sales rep  C","Expired App",36,20000,"married","other",8750,"SG","s","employed-salary","it-telco",2022-01-10 23:32:18.079,"App 0341","sms"
"Sales rep  C","Loan Disbursed App",23,3000,"single","debt-consolidation-ff",1600,"SG","s","employed-salary","logistic",2022-01-10 23:53:21.915,"App 0342","google"
"Sales rep  F","Loan Disbursed App",35,50000,"married","business-expansion",2800,"SG","s","employed-salary","f-and-b",2022-01-11 00:27:43.783,"App 0343","direct"
"Sales rep  F","Expired App",53,3000,"single","line-of-credit",1400,"SG","s","employed-salary","f-and-b",2022-01-11 01:07:19.265,"App 0344","facebook"
"Sales rep  C","Expired App",31,30000,"divorced","debt-consolidation-ff",3000,"SG","s","employed-salary","building-construction",2022-01-11 01:34:11.072,"App 0345","facebook"
"Sales rep  I","Loan Disbursed App",56,20000,"married","debt-consolidation-ff",2400,"SG","s","employed-salary","other",2022-01-11 14:28:00.08,"App 0346","facebook"
"Sales rep  C","Bank Declined App",48,20000,"divorced","debt-consolidation",2400,"SG","s","employed-salary","other",2022-01-11 03:34:39.116,"App 0347","sms"
"Sales rep  C","Expired App",40,50000,"married","business-expansion",3500,"SG","s","self-employed","other",2022-01-11 05:56:01.972,"App 0348","l.instagram.com"
"Sales rep  F","Closed App",36,9000,"married","paying-bills",2800,"SG","s","self-employed","transport",2022-01-11 06:54:58.522,"App 0349","google"
"Sales rep  C","Expired App",37,6000,"single","other",2600,"MY","spass-wp","employed-salary","f-and-b",2022-01-11 21:04:18.338,"App 0350","nestia"
"Sales rep  C","Expired App",28,12000,"single","line-of-credit",2500,"SG","s","employed-salary","other",2022-01-11 07:57:00.808,"App 0351","carousell_sg"
"Sales rep  C","Bank Declined App",24,3000,"married","debt-consolidation",1754,"SG","s","employed-salary","hospitality",2022-01-11 10:15:41.008,"App 0352","carousell_sg"
"Sales rep  C","Closed App",43,20000,"divorced","paying-bills",6000,"SG","s","self-employed","other",2022-01-11 11:10:22.472,"App 0353","direct"
"Sales rep  C","Expired App",26,18000,"single","renovation",3200,"SG","s","employed-salary","other",2022-01-11 11:45:58.816,"App 0354","finder_sg"
"Sales rep  C","Expired App",32,50000,"married","hobbies",10000,"SG","s","self-employed","building-construction",2022-01-11 12:02:02.114,"App 0355","google"
"Sales rep  F","Bank Declined App",37,2000,"single","special-occasion",2000,"MY","spass-wp","employed-salary","f-and-b",2022-01-11 12:54:15.253,"App 0356","nestia"
"Sales rep  F","Bank Declined App",23,3000,"single","business-expansion",1600,"MY","spass-wp","employed-salary","logistic",2022-01-11 13:16:54.249,"App 0357","bing"
"Sales rep  C","Expired App",34,1000,"single","home",1500,"SG","s","self-employed","education",2022-01-11 13:41:48.701,"App 0358","facebook"
NA,"Bank Declined App",56,17000,"married","renovation",280,"SG","s","employed-salary","logistic",2022-01-11 14:46:09.643,"App 0359","facebook"
"Sales rep  F","Bank Declined App",40,40000,"single","debt-consolidation",3000,"SG","s","employed-salary","other",2022-01-11 15:41:45.304,"App 0360","facebook"
"Sales rep  C","Expired App",25,2000,"married","other",1900,"SG","s","employed-salary","f-and-b",2022-01-11 15:54:09.64,"App 0361","google"
"Sales rep  C","Loan Disbursed App",33,15000,"single","wedding",2068,"SG","s","employed-salary","other",2022-01-11 16:06:36.387,"App 0362","nestia"
"Sales rep  F","Bank Declined App",50,20000,"married","debt-consolidation",3000,"SG","s","employed-salary","f-and-b",2022-01-11 16:07:30.833,"App 0363","nestia"
"Sales rep  F","Expired App",30,3000,"single","line-of-credit",4300,"SG","s","employed-salary","other",2022-01-11 16:17:20.521,"App 0364","direct"
"Sales rep  I","Expired App",41,9000,"married","paying-bills",3500,"SG","s","employed-salary","building-construction",2022-01-11 16:48:37.844,"App 0365","bing"
"Sales rep  C","Expired App",22,1200,"single","other",1800,"SG","s","employed-salary","other",2022-01-11 16:34:27.165,"App 0366","google"
"Sales rep  C","Closed App",46,5000,"widow","home",800,"SG","s","self-employed","f-and-b",2022-01-11 16:37:39.807,"App 0367","e-mail"
"Sales rep  F","Loan Disbursed App",45,10000,"single","investment",8400,"PH","ep","employed-salary","it-telco",2022-01-11 17:13:32.607,"App 0368","wa"
"Sales rep  F","Expired App",30,3000,"single","debt-consolidation-ff",2100,"SG","s","employed-salary","other",2022-01-11 17:32:29.283,"App 0369","sms"
"Sales rep  C","Bank Declined App",30,16000,"single","paying-bills",800,"SG","s","self-employed","logistic",2022-01-11 17:47:36.793,"App 0370","google"
"Sales rep  F","Loan Disbursed App",35,5000,"single","debt-consolidation",2200,"SG","s","employed-salary","other",2022-01-11 18:34:10.078,"App 0371","valuechampion_sg"
"Sales rep  C","Closed App",33,4000,"widow","home",2000,"PH","pr","employed-salary","retail",2022-01-11 18:32:15.314,"App 0372","direct"
"Sales rep  C","Bank Declined App",25,1000,"married","home",2500,"MY","spass-wp","employed-salary","f-and-b",2022-01-11 18:44:26.513,"App 0373","wa"
"Sales rep  F","Expired App",30,10000,"single","credit-card-debt",2700,"SG","s","employed-salary","education",2022-01-11 18:51:31.609,"App 0374","direct"
NA,"Bank Declined App",54,25000,"married","business-expansion",400,"SG","s","other","other",2022-01-11 18:59:49.152,"App 0375","bing"
"Sales rep  F","Closed App",30,20000,"married","special-occasion",7000,"SG","s","employed-salary","other",2022-01-11 19:02:01.52,"App 0376","sms"
"Sales rep  C","Closed App",52,20000,"divorced","debt-consolidation-ff",1700,"SG","s","employed-salary","logistic",2022-01-11 19:05:37.456,"App 0377","nestia"
"Sales rep  F","Closed App",31,5000,"married","renovation",2300,"SG","s","employed-salary","other",2022-01-11 19:16:33.355,"App 0378","valuechampion_sg"
"Sales rep  C","Expired App",39,10000,"single","debt-consolidation-ff",3230,"SG","s","employed-salary","other",2022-01-11 19:53:26.463,"App 0379","facebook"
"Sales rep  F","Loan Disbursed App",30,4500,"single","debt-consolidation-ff",4100,"SG","s","employed-salary","it-telco",2022-01-11 20:08:37.518,"App 0380","direct"
"Sales rep  I","Closed App",59,5000,"single","paying-bills",2800,"SG","s","employed-salary","building-construction",2022-01-12 12:58:57.407,"App 0381","facebook"
"Sales rep  F","Expired App",27,6000,"single","credit-card-debt",3000,"SG","s","employed-salary","it-telco",2022-01-11 22:05:15.791,"App 0382","google"
"Sales rep  C","Expired App",25,4000,"married","debt-consolidation-ff",2200,"SG","s","employed-salary","other",2022-01-11 22:22:15.945,"App 0383","direct"
"Sales rep  F","Expired App",30,1000,"single","home",2800,"MY","spass-wp","employed-salary","f-and-b",2022-01-12 00:16:06.03,"App 0384","nestia"
"Sales rep  F","Closed App",35,150000,"married","debt-consolidation-ff",18000,"IN","pr","employed-salary","banking-finance",2022-01-12 00:59:21.474,"App 0385","google"
"Sales rep  I","Closed App",50,3000,"married","debt-consolidation-ff",4000,"SG","s","employed-salary","other",2022-01-12 13:18:16.538,"App 0386","facebook"
"Sales rep  F","Closed App",38,50000,"married","debt-consolidation",5850,"SG","s","employed-salary","retail",2022-01-12 04:57:55.711,"App 0387","google"
"Sales rep  F","Loan Disbursed App",30,25000,"single","wedding",6000,"MY","pr","employed-salary","it-telco",2022-01-12 07:27:37.324,"App 0388","google"
"Sales rep  C","Expired App",37,1200,"married","special-occasion",3300,"SG","s","employed-salary","logistic",2022-01-12 07:41:29.158,"App 0389","google"
"Sales rep  I","Expired App",48,20000,"married","debt-consolidation",3200,"SG","s","employed-salary","hospitality",2022-01-13 21:05:35.079,"App 0390","sms"
"Sales rep  C","Bank Declined App",35,5000,"single","debt-consolidation-ff",3300,"MY","spass-wp","employed-salary","transport",2022-01-12 11:21:46.574,"App 0391","sms"
"Sales rep  F","Bank Declined App",23,20000,"single","home",2700,"MY","spass-wp","employed-salary","logistic",2022-01-12 11:21:02.299,"App 0392","sms"
"Sales rep  C","Expired App",23,1000,"single","paying-bills",1600,"SG","s","self-employed","government",2022-01-12 11:23:14.066,"App 0393","sms"
"Sales rep  F","Closed App",29,15000,"single","debt-consolidation",3000,"SG","s","employed-salary","other",2022-01-12 11:28:19.04,"App 0394","direct"
"Sales rep  I","Closed App",29,2000,"single","hobbies",2500,"SG","s","employed-salary","other",2022-01-12 12:31:33.611,"App 0395","sms"
"Sales rep  C","Loan Disbursed App",36,5000,"married","debt-consolidation",1900,"SG","s","self-employed","f-and-b",2022-01-12 11:44:10.02,"App 0396","sms"
"Sales rep  C","Expired App",59,20000,"married","other",2400,"SG","s","other","other",2022-01-12 11:53:04.508,"App 0397","sms"
"Sales rep  F","Expired App",30,10000,"single","wedding",2400,"SG","s","employed-salary","transport",2022-01-12 12:09:51.094,"App 0398","e-mail"
"Sales rep  C","Expired App",49,10000,"married","business-expansion",3000,"MY","pr","self-employed","other",2022-01-12 12:12:23.877,"App 0399","sms"
"Sales rep  I","Expired App",34,6000,"divorced","wedding",2200,"SG","s","employed-salary","hospitality",2022-01-12 12:18:52.878,"App 0400","sms"
"Sales rep  F","Expired App",59,13000,"married","other",4600,"SG","s","employed-salary","other",2022-01-12 12:43:33.349,"App 0401","facebook"
"Sales rep  F","Expired App",40,20000,"married","home",12800,"SG","s","employed-salary","other",2022-01-12 13:13:54.813,"App 0402","sms"
"Sales rep  I","Expired App",46,3000,"single","paying-bills",1400,"SG","s","employed-salary","building-construction",2022-01-12 17:52:37.75,"App 0403","l.facebook.com"
"Sales rep  C","Expired App",44,10000,"single","credit-card-debt",3000,"SG","s","employed-salary","other",2022-01-12 14:08:37.988,"App 0404","nestia"
"Sales rep  F","Closed App",28,3500,"single","other",2500,"SG","s","employed-salary","other",2022-01-12 14:22:51.029,"App 0405","google"
"Sales rep  C","Expired App",30,2000,"married","home",2550,"SG","s","employed-salary","f-and-b",2022-01-12 14:38:57.015,"App 0406","google"
"Sales rep  I","Closed App",36,20000,"married","debt-consolidation",2000,"SG","s","employed-salary","f-and-b",2022-01-12 16:14:08.687,"App 0407","sms"
"Sales rep  F","Expired App",32,5000,"single","investment",3700,"PH","spass-wp","employed-salary","other",2022-01-12 15:01:02.339,"App 0408","sms"
"Sales rep  C","Expired App",52,8000,"married","education",2350,"SG","s","employed-salary","f-and-b",2022-01-12 15:51:52.459,"App 0409","sms"
"Sales rep  F","Expired App",54,3000,"married","home",6000,"IN","pr","employed-salary","other",2022-01-12 15:33:12.003,"App 0410","direct"
"Sales rep  F","Expired App",27,12000,"single","investment",4500,"MY","ep","employed-salary","manufacturing",2022-01-12 16:13:55.91,"App 0411","google"
"Sales rep  C","Expired App",34,15000,"single","investment",1500,"SG","s","self-employed","other",2022-01-12 16:23:14.668,"App 0412","direct"
"Sales rep  C","Loan Disbursed App",33,30000,"married","debt-consolidation-ff",3400,"MY","pr","employed-salary","f-and-b",2022-01-12 16:22:17.673,"App 0413","google"
"Sales rep  C","Expired App",66,7000,"married","paying-bills",5000,"SG","s","employed-salary","building-construction",2022-01-12 17:00:56.826,"App 0414","facebook"
"Sales rep  C","Closed App",54,10000,"single","investment",1000,"SG","s","self-employed","transport",2022-01-12 17:49:38.762,"App 0415","facebook"
"Sales rep  I","Expired App",33,20000,"married","debt-consolidation-ff",1700,"SG","s","employed-salary","government",2022-01-13 19:24:15.963,"App 0416","direct"
"Sales rep  C","Closed App",45,20000,"married","home",3300,"IN","spass-wp","employed-contract","building-construction",2022-01-12 18:16:14.703,"App 0417","yahoo"
"Sales rep  F","Expired App",23,20000,"single","investment",2500,"SG","s","self-employed","education",2022-01-12 18:37:11.452,"App 0418","valuechampion_sg"
"Sales rep  C","Loan Disbursed App",37,30000,"married","paying-bills",5825,"MY","spass-wp","employed-salary","other",2022-01-12 18:44:55.349,"App 0419","facebook"
"Sales rep  I","Closed App",55,10000,"married","renovation",5000,"SG","s","employed-salary","education",2022-01-12 19:04:13.872,"App 0420","direct"
"Sales rep  I","Loan Disbursed App",48,7500,"married","education",7498,"IN","pr","employed-salary","it-telco",2022-01-12 19:24:16.98,"App 0421","valuechampion_sg"
"Sales rep  C","Bank Declined App",41,1000,"married","special-occasion",1300,"SG","s","self-employed","f-and-b",2022-01-12 19:26:25.663,"App 0422","direct"
"Sales rep  F","Expired App",45,8000,"single","debt-consolidation-ff",8400,"PH","ep","employed-salary","it-telco",2022-01-12 20:04:26.112,"App 0423","wa"
"Sales rep  I","Expired App",23,25000,"single","education",1200,"SG","s","self-employed","banking-finance",2022-01-12 20:01:53.603,"App 0424","google"
"Sales rep  I","Expired App",27,10000,"single","credit-card-debt",3000,"SG","s","employed-salary","other",2022-01-12 20:43:02.978,"App 0425","valuechampion_sg"
"Sales rep  F","Expired App",28,15000,"married","other",2300,"SG","s","employed-salary","retail",2022-01-12 21:04:54.36,"App 0426","valuechampion_sg"
"Sales rep  C","Closed App",55,10000,"married","debt-consolidation",2500,"SG","s","employed-contract","government",2022-01-12 22:08:35.569,"App 0427","e-mail"
"Sales rep  I","Expired App",28,30000,"married","other",3000,"SG","s","employed-salary","other",2022-01-13 22:57:26.396,"App 0428","valuechampion_sg"
"Sales rep  I","Expired App",49,8000,"single","debt-consolidation-ff",3000,"SG","s","employed-salary","other",2022-01-13 12:50:11.197,"App 0429","sms"
"Sales rep  C","Expired App",34,20000,"married","hobbies",3400,"SG","s","employed-salary","other",2022-01-12 23:21:26.238,"App 0430","e-mail"
"Sales rep  F","Expired App",27,33000,"single","other",12200,"SG","s","employed-salary","other",2022-01-13 00:18:40.63,"App 0431","bing"
"Sales rep  F","Expired App",22,15000,"single","debt-consolidation-ff",2000,"SG","s","employed-salary","f-and-b",2022-01-13 00:49:07.643,"App 0432","sms"
"Sales rep  F","Expired App",44,20000,"married","other",1940,"SG","s","employed-salary","other",2022-01-13 01:42:16.91,"App 0433","bing"
"Sales rep  I","Loan Disbursed App",25,7000,"married","home",6000,"SG","s","employed-salary","logistic",2022-01-13 01:57:32.056,"App 0434","direct"
"Sales rep  F","Expired App",42,6000,"married","debt-consolidation",5500,"IN","pr","employed-salary","other",2022-01-13 02:47:12.401,"App 0435","facebook"
"Sales rep  F","Expired App",47,45000,"married","debt-consolidation",2000,"SG","s","employed-salary","transport",2022-01-13 02:51:28.42,"App 0436","facebook"
"Sales rep  C","Bank Declined App",39,1e+05,"married","business-expansion",0,"SG","s","self-employed","banking-finance",2022-01-13 03:02:06.531,"App 0437","bing"
"Sales rep  F","Bank Declined App",41,20000,"married","debt-consolidation",10000,"IN","ep","employed-salary","it-telco",2022-01-13 03:20:36.074,"App 0438","sms"
"Sales rep  C","Closed App",28,7000,"divorced","debt-consolidation-ff",2500,"MY","spass-wp","other","f-and-b",2022-01-13 04:53:55.815,"App 0439","google"
"Sales rep  C","Closed App",26,1e+05,"single","debt-consolidation-ff",10000,"SG","s","self-employed","other",2022-01-13 05:06:48.327,"App 0440","google"
"Sales rep  C","Expired App",34,1e+05,"married","business-expansion",14000,"SG","s","employed-salary","manufacturing",2022-01-13 09:46:53.036,"App 0441","google"
"Sales rep  C","Bank Declined App",26,5000,"single","education",2000,"MY","spass-wp","employed-salary","education",2022-01-13 12:03:06.67,"App 0442","google"
"Sales rep  I","Closed App",24,5000,"single","paying-bills",3000,"SG","s","employed-salary","other",2022-01-18 19:20:31.758,"App 0443","google"
"Sales rep  C","Expired App",51,20000,"married","line-of-credit",7800,"SG","s","employed-salary","government",2022-01-13 10:43:39.444,"App 0444","sms"
"Sales rep  C","Expired App",45,10000,"married","home",3300,"IN","spass-wp","employed-contract","building-construction",2022-01-13 12:00:47.359,"App 0445","wa"
"Sales rep  I","Expired App",29,2000,"married","paying-bills",4000,"SG","s","employed-salary","building-construction",2022-01-13 13:40:30.92,"App 0446","google"
"Sales rep  C","Closed App",47,5000,"married","debt-consolidation",3000,"PH","pr","self-employed","other",2022-01-13 13:13:43.809,"App 0447","e-mail"
"Sales rep  F","Loan Disbursed App",29,1500,"single","paying-bills",3400,"SG","s","employed-salary","other",2022-01-13 13:32:46.886,"App 0448","google"
"Sales rep  F","Expired App",34,50000,"married","paying-bills",13166,"SG","s","employed-salary","retail",2022-01-13 13:35:10.811,"App 0449","direct"
"Sales rep  F","Expired App",33,20000,"divorced","credit-card-debt",3808,"SG","s","employed-salary","manufacturing",2022-01-13 13:55:56.464,"App 0450","facebook"
NA,"Closed App",42,24000,"married","debt-consolidation",5500,"IN","pr","employed-salary","other",2022-01-13 15:48:05.181,"App 0451","e-mail"
"Sales rep  I","Expired App",28,3000,"single","debt-consolidation-ff",2900,"MM","spass-wp","employed-salary","manufacturing",2022-01-13 15:49:00.4,"App 0452","direct"
"Sales rep  C","Expired App",31,5000,"single","paying-bills",3000,"SG","s","employed-salary","other",2022-01-13 16:07:50.485,"App 0453","google"
"Sales rep  F","Closed App",45,20000,"divorced","debt-consolidation",3500,"SG","s","employed-salary","other",2022-01-13 16:34:15.952,"App 0454","valuechampion_sg"
"Sales rep  I","Expired App",32,12000,"single","other",4000,"SG","s","self-employed","banking-finance",2022-01-13 17:14:47.034,"App 0455","google"
"Sales rep  F","Expired App",40,20000,"divorced","debt-consolidation-ff",3800,"SG","s","employed-salary","manufacturing",2022-01-13 17:09:08.066,"App 0456","google"
"Sales rep  C","Closed App",25,1000,"single","medical",1800,"MY","s","self-employed","other",2022-01-13 17:10:43.89,"App 0457","facebook"
"Sales rep  C","Expired App",41,25000,"divorced","renovation",4800,"SG","s","employed-salary","building-construction",2022-01-13 17:18:47.173,"App 0458","valuechampion_sg"
"Sales rep  F","Bank Declined App",24,1000,"single","special-occasion",1200,"SG","s","employed-salary","logistic",2022-01-13 17:30:53.286,"App 0459","direct"
"Sales rep  F","Bank Declined App",51,20000,"divorced","debt-consolidation",3000,"SG","s","self-employed","f-and-b",2022-01-13 17:33:52.088,"App 0460","e-mail"
"Sales rep  C","Loan Disbursed App",29,8000,"single","other",2000,"SG","s","employed-salary","it-telco",2022-01-13 17:47:42.517,"App 0461","direct"
"Sales rep  C","Loan Disbursed App",24,20000,"single","special-occasion",1250,"SG","s","employed-salary","retail",2022-01-13 18:37:44.346,"App 0462","direct"
"Sales rep  I","Expired App",29,16000,"divorced","credit-card-debt",2600,"SG","s","other","other",2022-01-13 19:00:44.151,"App 0463","google"
"Sales rep  F","Loan Disbursed App",48,2500,"married","car",3800,"SG","s","employed-salary","government",2022-01-13 18:44:32.884,"App 0464","l.facebook.com"
"Sales rep  C","Loan Disbursed App",35,3000,"married","debt-consolidation-ff",3700,"SG","s","employed-salary","government",2022-01-13 18:49:30.117,"App 0465","google"
"Sales rep  F","Expired App",43,1000,"single","home",1900,"SG","s","employed-salary","retail",2022-01-13 18:51:38.442,"App 0466","direct"
"Sales rep  C","Expired App",37,20000,"married","education",4600,"SG","s","employed-salary","government",2022-01-13 19:02:34.619,"App 0467","facebook"
"Sales rep  C","Bank Declined App",37,5000,"married","paying-bills",1470,"MY","spass-wp","employed-salary","manufacturing",2022-01-13 19:05:47.922,"App 0468","facebook"
"Sales rep  I","Expired App",26,10000,"single","debt-consolidation",2400,"SG","s","employed-salary","it-telco",2022-01-13 19:15:01.642,"App 0469","facebook"
"Sales rep  C","Loan Disbursed App",40,10000,"married","other",3500,"SG","s","self-employed","transport",2022-01-13 19:52:09.748,"App 0470","e-mail"
"Sales rep  C","Expired App",33,1000,"single","paying-bills",2400,"SG","s","employed-salary","other",2022-01-13 19:56:16.231,"App 0471","direct"
"Sales rep  F","Closed App",26,5000,"single","paying-bills",2307,"SG","s","employed-salary","other",2022-01-13 19:55:49.324,"App 0472","e-mail"
"Sales rep  C","Expired App",33,30000,"single","debt-consolidation-ff",2500,"SG","s","employed-salary","retail",2022-01-13 20:11:18.039,"App 0473","facebook"
"Sales rep  F","Closed App",27,10000,"married","investment",3500,"SG","s","employed-salary","building-construction",2022-01-13 20:19:49.549,"App 0474","bing"
"Sales rep  C","Closed App",47,5000,"single","business-expansion",2000,"SG","s","self-employed","retail",2022-01-13 20:18:25.009,"App 0475","e-mail"
"Sales rep  C","Expired App",47,20000,"married","debt-consolidation-ff",2208,"SG","s","employed-salary","retail",2022-01-13 20:27:27.16,"App 0476","sms"
"Sales rep  C","Closed App",22,10000,"single","wedding",3100,"SG","s","self-employed","transport",2022-01-13 20:55:31.907,"App 0477","facebook"
"Sales rep  F","Expired App",37,20000,"single","paying-bills",3100,"MY","pr","employed-salary","f-and-b",2022-01-13 22:08:23.757,"App 0478","wa"
"Sales rep  F","Expired App",52,20000,"married","business-expansion",2470,"SG","s","self-employed","f-and-b",2022-01-13 23:03:55.734,"App 0479","wa"
"Sales rep  F","Expired App",44,60000,"married","credit-card-debt",18000,"FR","pr","employed-salary","other",2022-01-13 23:26:09.946,"App 0480","facebook"
"Sales rep  I","Expired App",28,15000,"single","other",4000,"SG","s","self-employed","f-and-b",2022-01-14 12:56:52.532,"App 0481","wa"
"Sales rep  F","Closed App",57,20000,"married","paying-bills",8775,"SG","s","employed-salary","other",2022-01-13 23:34:23.021,"App 0482","wa"
"Sales rep  F","Expired App",36,55000,"single","debt-consolidation",15000,"SG","ep","employed-salary","it-telco",2022-01-13 23:42:32.221,"App 0483","valuechampion_sg"
"Sales rep  F","Closed App",28,30000,"single","investment",1500,"SG","s","self-employed","f-and-b",2022-01-14 00:53:43.278,"App 0484","facebook"
"Sales rep  F","Closed App",33,10000,"single","debt-consolidation",4000,"IN","pr","employed-salary","logistic",2022-01-14 02:13:47.774,"App 0485","google"
"Sales rep  F","Expired App",24,35000,"single","renovation",1900,"SG","s","self-employed","retail",2022-01-14 02:47:52.453,"App 0486","direct"
"Sales rep  F","Expired App",31,16000,"single","other",2536,"SG","s","employed-salary","other",2022-01-14 03:06:35.13,"App 0487","google"
"Sales rep  F","Closed App",29,10000,"single","credit-card-debt",3800,"ID","pr","employed-salary","education",2022-01-14 03:51:23.793,"App 0488","google"
"Sales rep  C","Expired App",37,12000,"divorced","debt-consolidation-ff",6280,"SG","s","employed-salary","other",2022-01-14 11:10:15.263,"App 0489","e-mail"
"Sales rep  F","Bank Declined App",56,9000,"married","debt-consolidation",3000,"SG","s","employed-salary","f-and-b",2022-01-14 11:18:50.441,"App 0490","google"
"Sales rep  C","Bank Declined App",31,2000,"divorced","car",800,"SG","s","self-employed","other",2022-01-14 11:20:53.979,"App 0491","e-mail"
"Sales rep  C","Closed App",60,30000,"single","business-expansion",3000,"SG","s","self-employed","retail",2022-01-14 23:36:43.347,"App 0492","wa"
"Sales rep  F","Loan Disbursed App",39,10000,"single","debt-consolidation-ff",3200,"PH","spass-wp","employed-salary","other",2022-01-14 11:31:47.232,"App 0493","e-mail"
"Sales rep  C","Bank Declined App",34,30000,"married","debt-consolidation-ff",1550,"IN","spass-wp","employed-salary","building-construction",2022-01-14 11:38:16.169,"App 0494","wa"
"Sales rep  C","Bank Declined App",32,1000,"single","paying-bills",1000,"SG","s","self-employed","other",2022-01-14 11:39:50.136,"App 0495","facebook"
"Sales rep  C","Expired App",51,15000,"married","debt-consolidation",2900,"SG","s","employed-salary","retail",2022-01-14 11:43:13.94,"App 0496","wa"
"Sales rep  F","Expired App",36,30000,"single","investment",4000,"MY","spass-wp","employed-salary","f-and-b",2022-01-14 19:25:39.793,"App 0497","wa"
"Sales rep  C","Expired App",30,10000,"married","investment",3050,"MY","pr","employed-salary","it-telco",2022-01-14 11:56:55.235,"App 0498","wa"
"Sales rep  C","Expired App",37,21000,"married","debt-consolidation-ff",3500,"SG","s","employed-salary","education",2022-01-14 12:03:15.324,"App 0499","google"
"Sales rep  I","Expired App",51,20000,"single","wedding",3000,"SG","s","employed-salary","government",2022-01-16 16:01:22.51,"App 0500","wa"
"Sales rep  F","Expired App",29,15000,"single","debt-consolidation",3000,"SG","s","employed-salary","other",2022-01-14 12:22:58.758,"App 0501","wa"
"Sales rep  F","Expired App",34,2500,"single","other",1800,"SG","s","employed-salary","logistic",2022-01-14 12:22:33.185,"App 0502","e-mail"
"Sales rep  F","Expired App",53,20000,"married","paying-bills",4000,"MY","pr","employed-salary","transport",2022-01-14 12:25:45.123,"App 0503","wa"
"Sales rep  I","Expired App",34,20000,"married","debt-consolidation-ff",2800,"SG","s","employed-salary","transport",2022-01-14 12:32:54.439,"App 0504","e-mail"
"Sales rep  I","Closed App",34,20000,"married","special-occasion",1500,"SG","s","employed-salary","other",2022-01-15 18:43:08.612,"App 0505","wa"
"Sales rep  C","Loan Disbursed App",38,12000,"single","debt-consolidation",2900,"SG","s","employed-salary","retail",2022-01-14 12:52:35.07,"App 0506","direct"
"Sales rep  F","Bank Declined App",37,2000,"married","paying-bills",1900,"MY","spass-wp","employed-salary","building-construction",2022-01-14 12:59:13.679,"App 0507","e-mail"
"Sales rep  C","Bank Declined App",47,2000,"married","paying-bills",2000,"SG","s","self-employed","transport",2022-01-14 13:08:05.631,"App 0508","e-mail"
"Sales rep  I","Loan Disbursed App",36,10000,"married","debt-consolidation-ff",2500,"SG","s","employed-salary","logistic",2022-01-14 13:09:17.545,"App 0509","google"
"Sales rep  C","Closed App",39,20000,"divorced","investment",3800,"SG","s","employed-salary","retail",2022-01-14 13:13:04.591,"App 0510","e-mail"
"Sales rep  F","Closed App",56,10000,"married","medical",4400,"IN","pr","employed-salary","manufacturing",2022-01-14 13:22:43.484,"App 0511","wa"
"Sales rep  I","Bank Declined App",22,20000,"single","home",1500,"SG","spass-wp","employed-salary","manufacturing",2022-01-15 16:30:03.114,"App 0512","wa"
"Sales rep  F","Loan Disbursed App",25,10000,"married","other",4000,"MY","spass-wp","employed-salary","retail",2022-01-14 13:40:47.202,"App 0513","e-mail"
"Sales rep  F","Closed App",33,8000,"married","home",2500,"SG","s","employed-salary","other",2022-01-14 13:59:28.999,"App 0514","wa"
"Sales rep  I","Expired App",26,20000,"single","debt-consolidation",2700,"SG","s","employed-salary","government",2022-01-18 14:35:11.759,"App 0515","wa"
"Sales rep  C","Expired App",51,5000,"divorced","debt-consolidation-ff",2500,"SG","s","employed-salary","retail",2022-01-14 13:52:57.164,"App 0516","wa"
"Sales rep  C","Expired App",32,20000,"divorced","home",4500,"SG","s","employed-salary","other",2022-01-14 14:16:16.827,"App 0517","facebook"
"Sales rep  F","Expired App",33,15000,"married","car",3200,"SG","s","employed-salary","transport",2022-01-14 14:16:18.841,"App 0518","facebook"
"Sales rep  C","Expired App",66,20000,"married","debt-consolidation",2932,"SG","s","employed-salary","hospitality",2022-01-14 14:25:04.195,"App 0519","e-mail"
"Sales rep  F","Expired App",20,5000,"single","business-expansion",3000,"SG","s","employed-salary","manufacturing",2022-01-14 14:26:19.825,"App 0520","facebook"
NA,"Closed App",23,5000,"single","business-expansion",1700,"SG","s","national-serviceman","government",2022-01-14 14:35:42.203,"App 0521","google"
"Sales rep  C","Expired App",49,25000,"divorced","paying-bills",20000,"SG","s","self-employed","building-construction",2022-01-14 14:38:15.489,"App 0522","wa"
"Sales rep  F","Closed App",48,20000,"married","debt-consolidation",4500,"SG","s","employed-salary","other",2022-01-14 14:43:51.341,"App 0523","e-mail"
"Sales rep  C","Bank Declined App",37,2000,"single","other",2000,"MY","spass-wp","employed-salary","f-and-b",2022-01-14 15:22:03.583,"App 0524","e-mail"
"Sales rep  F","Loan Disbursed App",46,30000,"married","business-expansion",7000,"SG","s","employed-salary","f-and-b",2022-01-14 16:17:53.136,"App 0525","wa"
"Sales rep  F","Closed App",28,10000,"married","credit-card-debt",2000,"SG","s","employed-salary","education",2022-01-14 15:23:20.77,"App 0526","direct"
"Sales rep  I","Expired App",46,20000,"married","debt-consolidation-ff",6000,"SG","s","employed-salary","manufacturing",2022-01-14 18:51:06.945,"App 0527","wa"
"Sales rep  C","Expired App",42,20000,"married","renovation",2500,"SG","s","employed-salary","government",2022-01-14 15:29:58.228,"App 0528","wa"
"Sales rep  F","Expired App",27,5000,"single","debt-consolidation-ff",4500,"MY","spass-wp","employed-salary","other",2022-01-14 15:33:17.194,"App 0529","direct"
"Sales rep  C","Expired App",41,20000,"widow","car",3800,"SG","s","employed-salary","manufacturing",2022-01-14 15:43:09.131,"App 0530","google"
"Sales rep  F","Loan Disbursed App",26,5000,"single","debt-consolidation",2500,"SG","s","employed-salary","other",2022-01-14 15:55:42.084,"App 0531","wa"
"Sales rep  C","Closed App",29,9000,"single","paying-bills",2246,"SG","s","self-employed","transport",2022-01-14 16:19:36.571,"App 0532","google"
"Sales rep  F","Expired App",60,1000,"married","home",2000,"SG","s","employed-salary","government",2022-01-14 16:22:09.842,"App 0533","e-mail"
"Sales rep  C","Bank Declined App",46,3000,"single","paying-bills",1400,"SG","s","employed-salary","other",2022-01-14 16:31:13.216,"App 0534","wa"
"Sales rep  F","Expired App",33,15000,"married","home",6300,"SG","s","employed-salary","logistic",2022-01-14 16:42:13.51,"App 0535","direct"
"Sales rep  F","Loan Disbursed App",48,20000,"married","renovation",1500,"SG","s","employed-salary","transport",2022-01-14 17:34:33.95,"App 0536","google"
"Sales rep  F","Bank Declined App",37,2e+05,"married","debt-consolidation",7000,"SG","s","self-employed","other",2022-01-14 17:41:21.667,"App 0537","facebook"
"Sales rep  C","Expired App",29,1000,"single","paying-bills",959,"SG","s","employed-salary","retail",2022-01-14 17:40:29.988,"App 0538","wa"
"Sales rep  I","Closed App",47,15000,"married","debt-consolidation-ff",6500,"PH","pr","employed-salary","it-telco",2022-01-14 18:55:04.566,"App 0539","yahoo"
"Sales rep  C","Bank Declined App",36,15000,"married","debt-consolidation-ff",1500,"SG","s","self-employed","f-and-b",2022-01-14 17:46:24.359,"App 0540","facebook"
"Sales rep  I","Expired App",32,45000,"married","credit-card-debt",5070,"SG","s","employed-salary","retail",2022-01-14 18:20:28.79,"App 0541","facebook"
"Sales rep  I","Expired App",45,20000,"married","credit-card-debt",4200,"SG","s","employed-salary","it-telco",2022-01-14 19:40:32.964,"App 0542","google"
"Sales rep  C","Closed App",28,30000,"married","debt-consolidation",5000,"SG","s","employed-salary","other",2022-01-14 20:45:05.921,"App 0543","e-mail"
"Sales rep  C","Closed App",31,20000,"single","debt-consolidation",3950,"SG","s","employed-salary","other",2022-01-14 20:14:48.742,"App 0544","wa"
"Sales rep  C","Loan Disbursed App",56,2000,"married","home",1800,"SG","s","employed-salary","logistic",2022-01-14 20:15:10.237,"App 0545","direct"
"Sales rep  I","Closed App",33,5000,"married","debt-consolidation-ff",2900,"SG","s","employed-salary","logistic",2022-01-14 20:26:30.146,"App 0546","facebook"
"Sales rep  C","Loan Disbursed App",41,48000,"single","line-of-credit",18500,"IN","pr","employed-salary","other",2022-01-14 20:37:15.465,"App 0547","direct"
"Sales rep  C","Expired App",26,1000,"single","other",1500,"SG","s","employed-salary","logistic",2022-01-14 20:46:52.307,"App 0548","facebook"
"Sales rep  F","Expired App",22,10000,"single","debt-consolidation-ff",3000,"VN","ep","employed-salary","other",2022-01-14 21:26:44.95,"App 0549","valuechampion_sg"
"Sales rep  C","Expired App",24,20000,"single","debt-consolidation",2900,"SG","s","employed-salary","government",2022-01-14 21:28:07.377,"App 0550","facebook"
"Sales rep  C","Expired App",25,30000,"single","credit-card-debt",4000,"MY","pr","employed-salary","it-telco",2022-01-14 21:29:38.936,"App 0551","google"
"Sales rep  C","Closed App",48,35000,"married","debt-consolidation",4500,"SG","s","employed-salary","other",2022-01-14 21:42:10.664,"App 0552","direct"
"Sales rep  C","Closed App",48,1900,"single","debt-consolidation",1900,"SG","s","employed-salary","f-and-b",2022-01-14 22:22:03.598,"App 0553","wa"
"Sales rep  C","Expired App",42,50000,"married","home",3270,"IN","spass-wp","employed-salary","transport",2022-01-14 22:31:06.521,"App 0554","carousell_sg"
"Sales rep  C","Bank Declined App",28,10000,"single","debt-consolidation",700,"SG","s","employed-salary","government",2022-01-14 22:53:45.417,"App 0555","google"
"Sales rep  F","Loan Disbursed App",26,5000,"married","investment",2500,"SG","s","employed-salary","other",2022-01-15 00:12:11.9,"App 0556","google"
"Sales rep  C","Expired App",23,4000,"single","business-expansion",1800,"SG","s","other","government",2022-01-15 00:18:44.002,"App 0557","direct"
"Sales rep  C","Expired App",41,10000,"married","home",2700,"SG","s","employed-salary","other",2022-01-15 01:30:04.007,"App 0558","wa"
"Sales rep  F","Loan Disbursed App",37,20000,"married","paying-bills",2800,"SG","s","employed-salary","transport",2022-01-15 02:06:40.047,"App 0559","facebook"
"Sales rep  C","Bank Declined App",32,20000,"single","home",1000,"MY","spass-wp","employed-salary","building-construction",2022-01-15 10:44:42.572,"App 0560","google"
"Sales rep  F","Expired App",42,2500,"married","paying-bills",2200,"SG","s","employed-salary","other",2022-01-15 02:27:48.75,"App 0561","e-mail"
"Sales rep  F","Expired App",35,20000,"married","other",2400,"SG","s","employed-salary","other",2022-01-15 03:32:21.614,"App 0562","wa"
"Sales rep  F","Expired App",28,50000,"married","business-expansion",5000,"SG","s","employed-salary","logistic",2022-01-15 04:17:57.764,"App 0563","direct"
"Sales rep  F","Closed App",41,10000,"married","home",1700,"SG","s","employed-salary","logistic",2022-01-15 05:00:58.633,"App 0564","direct"
"Sales rep  F","Expired App",32,35000,"married","credit-card-debt",2950,"SG","s","employed-salary","hospitality",2022-01-15 05:33:05.376,"App 0565","facebook"
"Sales rep  C","Closed App",27,5000,"single","education",1200,"SG","s","employed-salary","banking-finance",2022-02-13 02:11:09.317,"App 0566","carousell_sg"
"Sales rep  C","Closed App",24,20000,"single","credit-card-debt",2500,"SG","s","employed-salary","government",2022-01-15 07:38:14.521,"App 0567","e-mail"
"Sales rep  F","Bank Declined App",31,5000,"married","debt-consolidation-ff",1200,"SG","s","self-employed","transport",2022-01-15 07:52:47.145,"App 0568","facebook"
"Sales rep  F","Closed App",23,1000,"single","paying-bills",1900,"SG","s","employed-salary","manufacturing",2022-01-15 09:11:26.187,"App 0569","e-mail"
"Sales rep  F","Expired App",47,3000,"married","home",2600,"SG","s","employed-salary","logistic",2022-01-15 09:16:04.809,"App 0570","facebook"
"Sales rep  C","Expired App",28,5000,"single","paying-bills",2500,"SG","s","self-employed","logistic",2022-01-15 09:53:33.633,"App 0571","sms"
"Sales rep  F","Bank Declined App",29,10000,"single","paying-bills",1600,"IN","spass-wp","employed-salary","building-construction",2022-01-15 11:10:47.751,"App 0572","direct"
"Sales rep  C","Expired App",46,15000,"married","investment",3500,"MM","spass-wp","employed-salary","other",2022-01-15 10:55:15.981,"App 0573","e-mail"
"Sales rep  F","Closed App",42,20000,"married","debt-consolidation",3600,"SG","s","employed-salary","government",2022-01-15 11:49:58.624,"App 0574","carousell_sg"
"Sales rep  F","Loan Disbursed App",24,1500,"married","debt-consolidation-ff",2400,"SG","s","employed-salary","hospitality",2022-01-15 11:55:46.489,"App 0575","e-mail"
"Sales rep  F","Closed App",33,20000,"married","car",3000,"SG","s","employed-salary","education",2022-01-15 12:11:49.04,"App 0576","motorist"
"Sales rep  F","Bank Declined App",34,8000,"married","paying-bills",2500,"SG","s","employed-salary","retail",2022-01-15 12:25:48.74,"App 0577","google"
"Sales rep  F","Expired App",39,14000,"married","debt-consolidation",1500,"SG","s","self-employed","f-and-b",2022-01-15 13:24:42.33,"App 0578","facebook"
"Sales rep  C","Expired App",24,1000,"single","paying-bills",2000,"SG","s","employed-salary","f-and-b",2022-01-15 13:57:10.215,"App 0579","wa"
"Sales rep  F","Expired App",27,7000,"single","paying-bills",10839,"SG","s","other","hospitality",2022-01-15 14:37:58.2,"App 0580","facebook"
"Sales rep  F","Expired App",34,20000,"married","paying-bills",2000,"MY","pr","employed-salary","logistic",2022-01-15 15:03:17.695,"App 0581","wa"
"Sales rep  F","Loan Disbursed App",48,1000,"single","debt-consolidation",1900,"SG","s","employed-salary","f-and-b",2022-01-15 15:47:05.854,"App 0582","wa"
"Sales rep  F","Bank Declined App",26,5000,"single","debt-consolidation-ff",1600,"MY","spass-wp","employed-salary","f-and-b",2022-01-15 15:29:06.217,"App 0583","wa"
"Sales rep  F","Expired App",26,30000,"married","debt-consolidation",2900,"SG","s","employed-salary","logistic",2022-01-15 16:16:24.633,"App 0584","wa"
"Sales rep  F","Expired App",65,10000,"married","other",5000,"SG","s","self-employed","education",2022-01-15 16:31:05.501,"App 0585","sms"
"Sales rep  C","Expired App",39,5000,"married","paying-bills",2000,"SG","s","employed-salary","f-and-b",2022-01-15 16:49:19.874,"App 0586","valuechampion_sg"
"Sales rep  F","Expired App",39,15000,"married","home",2800,"SG","s","employed-salary","logistic",2022-01-15 16:55:32.978,"App 0587","direct"
"Sales rep  F","Expired App",60,20000,"married","credit-card-debt",2500,"SG","s","employed-salary","logistic",2022-01-15 17:09:10.159,"App 0588","wa"
"Sales rep  F","Closed App",50,1000,"divorced","debt-consolidation",2950,"SG","s","employed-salary","government",2022-01-15 17:20:15.28,"App 0589","wa"
"Sales rep  F","Closed App",32,1000,"divorced","home",1500,"SG","s","employed-salary","f-and-b",2022-01-15 18:03:45.267,"App 0590","wa"
"Sales rep  F","Expired App",31,30000,"married","debt-consolidation-ff",2600,"CN","spass-wp","employed-salary","manufacturing",2022-01-15 19:07:25.866,"App 0591","nestia"
"Sales rep  I","Expired App",28,20000,"divorced","credit-card-debt",2310,"SG","s","employed-salary","logistic",2022-01-15 19:11:49.029,"App 0592","nestia"
"Sales rep  F","Closed App",34,6000,"married","wedding",3000,"IN","spass-wp","employed-salary","manufacturing",2022-01-17 18:15:30.303,"App 0593","direct"
"Sales rep  I","Bank Declined App",32,20000,"married","medical",3100,"IN","spass-wp","employed-salary","building-construction",2022-01-15 19:39:08.117,"App 0594","e-mail"
"Sales rep  I","Expired App",33,10000,"married","home",3400,"IN","spass-wp","employed-salary","other",2022-01-15 20:12:05.746,"App 0595","wa"
"Sales rep  I","Expired App",47,15000,"divorced","debt-consolidation-ff",1900,"SG","s","employed-salary","logistic",2022-01-15 20:48:05.024,"App 0596","facebook"
"Sales rep  F","Closed App",24,10000,"married","other",2700,"SG","s","employed-salary","other",2022-01-21 22:51:47.941,"App 0597","facebook"
"Sales rep  I","Closed App",59,25000,"married","other",4000,"MY","pr","employed-salary","other",2022-01-15 21:42:37.098,"App 0598","wa"
"Sales rep  F","Closed App",47,20000,"married","debt-consolidation",1850,"SG","s","employed-salary","building-construction",2022-01-15 22:37:40.304,"App 0599","e-mail"
"Sales rep  I","Expired App",29,15000,"married","other",1700,"SG","s","employed-salary","transport",2022-01-15 23:52:54.772,"App 0600","direct"
"Sales rep  I","Expired App",29,10000,"married","investment",2100,"SG","s","employed-salary","other",2022-01-16 00:10:02.582,"App 0601","direct"
"Sales rep  I","Expired App",31,20000,"single","special-occasion",2000,"CN","spass-wp","employed-salary","hospitality",2022-01-16 01:56:37.798,"App 0602","nestia"
"Sales rep  C","Loan Disbursed App",47,10000,"married","debt-consolidation-ff",8250,"SG","s","employed-salary","other",2022-01-16 03:12:05.904,"App 0603","e-mail"
"Sales rep  I","Expired App",54,6500,"divorced","debt-consolidation",3000,"SG","s","employed-salary","other",2022-01-16 05:03:03.384,"App 0604","wa"
"Sales rep  I","Closed App",27,15000,"married","credit-card-debt",3365,"SG","pr","employed-salary","government",2022-01-17 12:46:11.664,"App 0605","carousell_sg"
"Sales rep  I","Expired App",35,30000,"married","renovation",5400,"SG","s","employed-salary","government",2022-01-16 06:33:13.415,"App 0606","direct"
"Sales rep  C","Loan Disbursed App",33,5000,"single","special-occasion",4738,"SG","s","employed-salary","banking-finance",2022-01-16 08:45:03.227,"App 0607","google"
"Sales rep  I","Expired App",25,20000,"single","other",2350,"MY","spass-wp","employed-salary","manufacturing",2022-01-17 14:11:13.872,"App 0608","carousell_sg"
"Sales rep  I","Expired App",24,20000,"single","investment",2800,"MY","ep","employed-salary","f-and-b",2022-01-16 11:10:36.45,"App 0609","facebook"
"Sales rep  I","Expired App",32,15000,"married","other",3500,"SG","s","self-employed","logistic",2022-01-16 12:55:58.812,"App 0610","facebook"
"Sales rep  I","Expired App",25,5000,"single","paying-bills",2300,"MY","spass-wp","employed-salary","manufacturing",2022-01-16 12:57:11.664,"App 0611","google"
"Sales rep  F","Closed App",36,20000,"divorced","other",4380,"SG","s","employed-salary","other",2022-01-16 13:19:08.8,"App 0612","e-mail"
"Sales rep  I","Expired App",40,20000,"married","home",5000,"SG","s","employed-salary","other",2022-01-16 14:04:51.432,"App 0613","direct"
"Sales rep  F","Closed App",25,3000,"married","special-occasion",2400,"SG","s","employed-salary","other",2022-01-16 14:07:32.51,"App 0614","google"
"Sales rep  F","Expired App",62,10000,"married","debt-consolidation-ff",2500,"SG","s","employed-salary","manufacturing",2022-02-06 02:56:06.205,"App 0615","direct"
"Sales rep  F","Bank Declined App",34,20000,"married","debt-consolidation",3240,"IN","spass-wp","employed-salary","manufacturing",2022-01-16 14:54:58.29,"App 0616","e-mail"
"Sales rep  F","Closed App",34,2000,"single","other",2800,"SG","s","employed-salary","it-telco",2022-01-16 16:08:33.956,"App 0617","bing"
"Sales rep  C","Expired App",43,20000,"married","other",3000,"SG","s","employed-salary","other",2022-02-01 06:25:43.11,"App 0618","e-mail"
"Sales rep  F","Expired App",43,60000,"married","business-expansion",3980,"SG","s","employed-salary","other",2022-01-16 16:43:03.788,"App 0619","sms"
"Sales rep  C","Expired App",38,7000,"divorced","other",2390,"SG","s","employed-salary","other",2022-01-17 12:40:14.809,"App 0620","bing"
"Sales rep  F","Expired App",40,18000,"married","renovation",1872,"SG","s","employed-salary","other",2022-01-16 18:23:39.094,"App 0621","l.facebook.com"
"Sales rep  F","Expired App",48,3000,"single","debt-consolidation-ff",3450,"SG","s","employed-salary","building-construction",2022-01-16 20:51:38.411,"App 0622","sms"
"Sales rep  F","Expired App",27,10000,"married","renovation",3000,"SG","s","employed-salary","retail",2022-01-16 21:12:14.338,"App 0623","e-mail"
"Sales rep  C","Bank Declined App",26,2000,"single","debt-consolidation-ff",1800,"MY","spass-wp","employed-salary","logistic",2022-01-16 21:14:42.231,"App 0624","nestia"
"Sales rep  C","Expired App",30,6000,"married","other",3250,"SG","s","employed-salary","other",2022-01-16 21:22:23.003,"App 0625","wa"
"Sales rep  C","Loan Disbursed App",39,10000,"married","other",1366,"SG","s","employed-salary","f-and-b",2022-01-16 21:51:28.755,"App 0626","facebook"
"Sales rep  C","Closed App",48,30000,"married","debt-consolidation",4200,"SG","s","employed-salary","other",2022-01-16 23:11:07.639,"App 0627","direct"
"Sales rep  I","Expired App",37,20000,"single","wedding",2708,"SG","s","employed-salary","other",2022-01-17 22:43:18.192,"App 0628","google"
"Sales rep  C","Expired App",41,10000,"married","business-expansion",2500,"SG","s","self-employed","transport",2022-01-16 23:41:35.932,"App 0629","direct"
"Sales rep  C","Expired App",29,7000,"married","other",2800,"SG","s","employed-salary","f-and-b",2022-01-16 23:48:41.144,"App 0630","facebook"
"Sales rep  C","Bank Declined App",34,20000,"single","debt-consolidation",3800,"IN","spass-wp","employed-salary","manufacturing",2022-01-16 23:52:36.068,"App 0631","google"
"Sales rep  C","Expired App",53,5000,"married","investment",3000,"PH","spass-wp","employed-salary","f-and-b",2022-01-17 00:07:14.35,"App 0632","e-mail"
"Sales rep  C","Expired App",34,2500,"single","debt-consolidation-ff",4541,"SG","s","employed-salary","other",2022-01-17 00:58:02.525,"App 0633","direct"
"Sales rep  C","Expired App",23,10000,"single","wedding",300,"SG","s","employed-salary","logistic",2022-01-17 00:58:42.727,"App 0634","wa"
"Sales rep  C","Expired App",38,20000,"married","renovation",3100,"SG","s","employed-salary","other",2022-01-17 03:18:59.836,"App 0635","e-mail"
"Sales rep  C","Loan Disbursed App",29,12000,"single","other",4000,"SG","s","employed-contract","other",2022-01-17 04:15:49.054,"App 0636","direct"
"Sales rep  C","Bank Declined App",61,5000,"divorced","other",1700,"SG","s","employed-salary","other",2022-01-17 06:17:44.091,"App 0637","google"
"Sales rep  C","Loan Disbursed App",43,1500,"married","paying-bills",4000,"MY","spass-wp","employed-salary","transport",2022-01-17 06:24:46.721,"App 0638","google"
"Sales rep  C","Expired App",27,1500,"married","paying-bills",3200,"SG","s","employed-salary","manufacturing",2022-01-17 09:21:02.344,"App 0639","wa"
"Sales rep  I","Expired App",56,20000,"married","paying-bills",2400,"SG","s","employed-salary","other",2022-01-17 11:03:23.146,"App 0640","yahoo"
"Sales rep  C","Expired App",47,20000,"married","debt-consolidation",5100,"SG","s","employed-salary","other",2022-01-17 11:52:48.503,"App 0641","yahoo"
"Sales rep  C","Bank Declined App",23,2000,"single","special-occasion",1500,"MY","spass-wp","employed-salary","f-and-b",2022-01-17 12:42:45.333,"App 0642","google"
"Sales rep  F","Loan Disbursed App",41,5000,"married","other",2800,"SG","s","employed-salary","building-construction",2022-01-17 13:25:43.406,"App 0643","bing"
"Sales rep  C","Expired App",43,20000,"divorced","business-expansion",5000,"SG","s","self-employed","building-construction",2022-01-17 13:35:48.184,"App 0644","e-mail"
"Sales rep  I","Loan Disbursed App",48,5000,"married","debt-consolidation-ff",5303,"SG","s","employed-salary","manufacturing",2022-01-17 13:42:33.153,"App 0645","direct"
"Sales rep  C","Expired App",38,3000,"single","debt-consolidation",2900,"SG","s","employed-salary","retail",2022-01-17 13:54:35.833,"App 0646","direct"
"Sales rep  F","Loan Disbursed App",24,10000,"single","paying-bills",1950,"SG","s","employed-salary","education",2022-01-17 22:50:15.459,"App 0647","duplicate"
"Sales rep  I","Closed App",48,5000,"married","debt-consolidation",2700,"IN","spass-wp","employed-salary","other",2022-01-17 14:57:52.053,"App 0648","direct"
"Sales rep  F","Closed App",26,15000,"single","debt-consolidation",2900,"PH","spass-wp","employed-salary","f-and-b",2022-01-17 14:32:04.314,"App 0649","facebook"
"Sales rep  I","Expired App",57,10000,"married","business-expansion",2500,"SG","s","employed-salary","it-telco",2022-01-18 15:26:36.37,"App 0650","facebook"
"Sales rep  F","Expired App",31,10000,"married","debt-consolidation-ff",3000,"SG","s","employed-salary","logistic",2022-01-17 16:10:54.039,"App 0651","bing"
"Sales rep  I","Loan Disbursed App",26,3000,"single","debt-consolidation-ff",3000,"SG","s","self-employed","transport",2022-01-17 16:20:08.677,"App 0652","carousell_sg"
"Sales rep  F","Expired App",35,20000,"single","investment",3000,"NP","ep","employed-salary","government",2022-01-17 16:43:52.162,"App 0653","carousell_sg"
"Sales rep  I","Closed App",60,20000,"married","debt-consolidation",4300,"SG","s","employed-salary","f-and-b",2022-01-17 17:39:41.101,"App 0654","nestia"
"Sales rep  F","Loan Disbursed App",39,10000,"married","other",6250,"PH","spass-wp","employed-salary","banking-finance",2022-01-17 17:18:46.586,"App 0655","direct"
"Sales rep  C","Bank Declined App",25,6000,"single","education",1800,"MY","spass-wp","employed-salary","retail",2022-01-17 17:19:53.464,"App 0656","direct"
"Sales rep  I","Expired App",40,50000,"married","debt-consolidation",16500,"IN","ep","employed-salary","it-telco",2022-01-17 17:27:11.257,"App 0657","direct"
"Sales rep  C","Expired App",41,2e+05,"married","debt-consolidation",10354,"IN","pr","employed-salary","manufacturing",2022-01-17 17:52:43.566,"App 0658","google"
"Sales rep  F","Closed App",33,7000,"married","debt-consolidation-ff",3400,"MY","pr","employed-salary","f-and-b",2022-01-17 17:53:53.608,"App 0659","google"
"Sales rep  I","Loan Disbursed App",34,3000,"married","paying-bills",6000,"PH","spass-wp","employed-salary","it-telco",2022-01-17 18:04:16.508,"App 0660","facebook"
"Sales rep  I","Expired App",26,3000,"single","paying-bills",2800,"SG","s","employed-salary","manufacturing",2022-01-17 18:34:06.095,"App 0661","google"
"Sales rep  I","Expired App",32,75000,"single","business-expansion",2650,"SG","s","employed-salary","logistic",2022-01-17 18:48:59.109,"App 0662","google"
"Sales rep  I","Expired App",22,6000,"single","debt-consolidation",3000,"SG","s","employed-salary","it-telco",2022-01-17 19:05:57.85,"App 0663","google"
"Sales rep  I","Closed App",38,20000,"single","other",3000,"SG","s","employed-salary","other",2022-01-18 10:24:36.27,"App 0664","wa"
"Sales rep  I","Expired App",33,12000,"married","debt-consolidation",3300,"SG","s","employed-salary","other",2022-01-17 19:44:40.349,"App 0665","direct"
"Sales rep  I","Closed App",33,1000,"married","home",2500,"SG","s","employed-salary","other",2022-01-17 20:01:04.565,"App 0666","yahoo"
"Sales rep  I","Loan Disbursed App",34,20000,"married","debt-consolidation-ff",3900,"SG","s","employed-salary","other",2022-01-17 21:15:44.463,"App 0667","valuechampion_sg"
"Sales rep  I","Closed App",39,20000,"single","hobbies",5200,"SG","s","employed-salary","f-and-b",2022-01-17 21:30:14.24,"App 0668","valuechampion_sg"
"Sales rep  F","Expired App",37,3000,"married","debt-consolidation-ff",2700,"SG","s","employed-salary","logistic",2022-01-17 22:41:13.233,"App 0669","facebook"
"Sales rep  F","Expired App",43,2000,"married","other",2500,"SG","s","employed-salary","other",2022-01-17 22:23:11.954,"App 0670","facebook"
"Sales rep  F","Expired App",28,30000,"married","investment",3000,"SG","s","employed-salary","government",2022-01-17 22:04:59.858,"App 0671","google"
"Sales rep  F","Loan Disbursed App",52,20000,"married","business-expansion",4000,"SG","s","self-employed","retail",2022-01-17 22:10:30.893,"App 0672","wa"
"Sales rep  F","Loan Disbursed App",25,12500,"single","debt-consolidation-ff",3120,"SG","s","employed-salary","manufacturing",2022-01-17 22:15:52.581,"App 0673","direct"
"Sales rep  F","Loan Disbursed App",44,10000,"married","business-expansion",4000,"MY","pr","self-employed","f-and-b",2022-01-17 23:29:04.414,"App 0674","facebook"
"Sales rep  F","Closed App",23,20000,"single","education",1500,"SG","s","self-employed","retail",2022-01-18 01:13:17.58,"App 0675","google"
"Sales rep  C","Closed App",32,20000,"single","debt-consolidation-ff",500,"SG","s","employed-salary","banking-finance",2022-01-18 07:40:31.17,"App 0676","carousell_sg"
"Sales rep  C","Expired App",40,1000,"single","paying-bills",1500,"SG","s","employed-salary","transport",2022-01-18 08:48:07.372,"App 0677","facebook"
"Sales rep  C","Expired App",52,40000,"married","business-expansion",6800,"SG","s","self-employed","education",2022-01-18 10:46:17.416,"App 0678","sms"
"Sales rep  C","Closed App",56,20000,"single","other",2600,"SG","s","employed-salary","government",2022-01-18 11:00:48.207,"App 0679","direct"
"Sales rep  C","Closed App",26,5000,"divorced","debt-consolidation",2800,"SG","s","employed-salary","other",2022-01-18 11:24:22.03,"App 0680","direct"
"Sales rep  C","Loan Disbursed App",36,5000,"single","investment",2200,"SG","s","employed-salary","building-construction",2022-01-18 11:58:27.057,"App 0681","google"
"Sales rep  C","Expired App",38,5000,"married","business-expansion",4000,"SG","s","self-employed","logistic",2022-01-18 12:19:52.443,"App 0682","wa"
"Sales rep  F","Expired App",35,1500,"single","home",2600,"SG","s","employed-salary","transport",2022-01-18 14:31:01.895,"App 0683","e-mail"
"Sales rep  C","Loan Disbursed App",55,20000,"divorced","debt-consolidation",3500,"SG","s","employed-salary","other",2022-01-18 12:49:01.509,"App 0684","e-mail"
"Sales rep  I","Expired App",40,6000,"married","other",3000,"SG","s","employed-salary","f-and-b",2022-01-18 13:59:56.925,"App 0685","google"
"Sales rep  F","Loan Disbursed App",29,8000,"married","home",2500,"SG","s","employed-salary","manufacturing",2022-01-18 13:07:49.144,"App 0686","wa"
"Sales rep  I","Expired App",28,15000,"married","renovation",2030,"SG","s","employed-salary","other",2022-01-18 13:46:52.676,"App 0687","sms"
"Sales rep  I","Expired App",26,10000,"single","debt-consolidation",2200,"SG","s","employed-salary","it-telco",2022-01-18 14:03:22.246,"App 0688","direct"
"Sales rep  C","Expired App",37,25000,"single","other",2501,"SG","s","self-employed","transport",2022-01-18 14:05:59.17,"App 0689","google"
"Sales rep  F","Expired App",27,10000,"single","wedding",3500,"SG","s","employed-salary","transport",2022-01-18 14:34:53.316,"App 0690","sms"
"Sales rep  I","Closed App",28,20000,"single","debt-consolidation",3800,"SG","s","employed-salary","education",2022-01-18 14:42:40.803,"App 0691","sms"
"Sales rep  I","Expired App",38,30000,"married","credit-card-debt",9000,"IN","ep","employed-salary","it-telco",2022-01-18 15:14:24.521,"App 0692","sms"
"Sales rep  F","Expired App",34,20000,"single","paying-bills",3300,"SG","s","employed-salary","manufacturing",2022-01-18 14:44:24.76,"App 0693","sms"
"Sales rep  C","Expired App",31,20000,"single","business-expansion",6000,"MY","pr","employed-salary","other",2022-01-18 14:54:15.376,"App 0694","direct"
NA,"Closed App",48,35000,"married","debt-consolidation",4200,"SG","s","employed-salary","other",2022-01-18 15:08:41.197,"App 0695","direct"
"Sales rep  C","Expired App",35,25000,"married","debt-consolidation",7500,"SG","s","employed-salary","banking-finance",2022-01-18 15:51:50.927,"App 0696","e-mail"
"Sales rep  F","Expired App",49,50000,"married","renovation",2650,"IN","pr","employed-salary","other",2022-01-18 15:57:54.374,"App 0697","e-mail"
"Sales rep  C","Closed App",51,32000,"married","credit-card-debt",3300,"SG","s","employed-salary","other",2022-01-18 16:35:49.159,"App 0698","nestia"
"Sales rep  C","Expired App",32,20000,"divorced","business-expansion",3000,"MY","pr","employed-salary","transport",2022-01-18 16:08:38.448,"App 0699","nestia"
"Sales rep  C","Expired App",27,15000,"single","debt-consolidation",2500,"SG","s","employed-salary","banking-finance",2022-01-18 16:15:32.696,"App 0700","bing"
"Sales rep  C","Expired App",50,30000,"divorced","paying-bills",2100,"SG","s","employed-salary","hospitality",2022-01-18 17:06:33.294,"App 0701","nestia"
"Sales rep  I","Bank Declined App",74,10000,"married","paying-bills",1500,"SG","s","employed-salary","f-and-b",2022-01-18 17:08:41.679,"App 0702","nestia"
"Sales rep  F","Expired App",26,14000,"single","business-expansion",1800,"SG","s","self-employed","other",2022-01-18 17:09:16.715,"App 0703","google"
"Sales rep  I","Bank Declined App",75,10000,"married","debt-consolidation-ff",1500,"SG","s","self-employed","other",2022-01-18 17:42:43.617,"App 0704","nestia"
"Sales rep  C","Expired App",33,5000,"married","debt-consolidation-ff",3400,"MY","pr","employed-salary","f-and-b",2022-01-18 17:46:33.096,"App 0705","wa"
"Sales rep  C","Loan Disbursed App",39,13000,"married","renovation",4800,"MY","pr","employed-salary","f-and-b",2022-01-18 17:59:42.326,"App 0706","direct"
"Sales rep  F","Closed App",40,50000,"divorced","debt-consolidation-ff",2600,"SG","s","employed-salary","other",2022-01-18 18:13:08.499,"App 0707","facebook"
NA,"Closed App",40,50000,"divorced","debt-consolidation-ff",2600,"SG","s","employed-salary","other",2022-01-18 18:16:47.44,"App 0708","direct"
"Sales rep  F","Expired App",29,35000,"married","debt-consolidation-ff",3200,"SG","s","employed-salary","building-construction",2022-01-18 18:37:01.533,"App 0709","bing"
"Sales rep  F","Closed App",42,11000,"married","debt-consolidation",2860,"SG","s","other","other",2022-01-18 19:14:24.051,"App 0710","google"
"Sales rep  I","Closed App",38,5000,"married","other",2000,"SG","s","employed-salary","transport",2022-01-18 20:10:19.753,"App 0711","e-mail"
"Sales rep  I","Expired App",43,10000,"married","debt-consolidation",2500,"MY","pr","employed-salary","transport",2022-01-18 21:15:30.536,"App 0712","facebook"
"Sales rep  I","Closed App",25,250000,"married","home",2550,"SG","s","employed-salary","education",2022-01-18 19:21:17.85,"App 0713","bing"
"Sales rep  I","Expired App",36,26000,"married","debt-consolidation",2600,"SG","s","employed-salary","other",2022-01-18 19:23:06.985,"App 0714","facebook"
"Sales rep  I","Expired App",70,20000,"married","business-expansion",3750,"SG","s","self-employed","transport",2022-01-18 20:01:37.876,"App 0715","google"
"Sales rep  I","Loan Disbursed App",44,3000,"married","paying-bills",2400,"MY","pr","employed-salary","building-construction",2022-01-18 20:05:59.776,"App 0716","direct"
"Sales rep  I","Expired App",45,20000,"divorced","debt-consolidation",2500,"SG","s","employed-salary","other",2022-01-18 20:03:29.823,"App 0717","e-mail"
"Sales rep  I","Expired App",28,5000,"married","debt-consolidation",2180,"SG","s","employed-salary","other",2022-01-18 20:10:18.229,"App 0718","wa"
"Sales rep  I","Expired App",48,15000,"married","debt-consolidation",5000,"SG","s","employed-salary","other",2022-01-18 20:42:42.46,"App 0719","wa"
"Sales rep  F","Expired App",47,40000,"single","other",10500,"SG","s","employed-salary","education",2022-01-18 21:02:49.234,"App 0720","google"
"Sales rep  I","Closed App",30,20000,"married","debt-consolidation",2300,"SG","s","employed-salary","logistic",2022-02-03 10:55:04.367,"App 0721","wa"
"Sales rep  F","Closed App",23,4000,"single","other",2400,"MY","spass-wp","employed-salary","transport",2022-01-18 21:39:44.531,"App 0722","www.facebook.com"
"Sales rep  I","Loan Disbursed App",44,2000,"married","debt-consolidation-ff",2500,"SG","s","employed-salary","logistic",2022-01-18 21:47:52.334,"App 0723","direct"
"Sales rep  F","Expired App",24,7000,"single","paying-bills",3000,"SG","s","employed-salary","other",2022-01-18 22:42:24.833,"App 0724","e-mail"
"Sales rep  F","Closed App",24,1e+05,"single","paying-bills",2100,"SG","s","employed-salary","transport",2022-01-18 23:53:14.349,"App 0725","direct"
"Sales rep  F","Expired App",21,20000,"single","renovation",2000,"SG","s","employed-salary","other",2022-01-18 23:59:13.923,"App 0726","direct"
"Sales rep  F","Closed App",28,10000,"married","renovation",2500,"SG","s","employed-salary","f-and-b",2022-01-19 00:06:04.659,"App 0727","direct"
"Sales rep  C","Closed App",39,60000,"married","debt-consolidation-ff",3000,"SG","s","employed-contract","government",2022-01-19 14:06:24.405,"App 0728","google"
"Sales rep  F","Expired App",52,20000,"married","debt-consolidation",3000,"SG","s","employed-salary","hospitality",2022-01-19 01:45:57.914,"App 0729","sms"
"Sales rep  F","Expired App",21,20000,"single","home",2300,"MY","pr","employed-salary","f-and-b",2022-01-19 01:56:45.614,"App 0730","direct"
"Sales rep  C","Expired App",39,10000,"married","debt-consolidation-ff",2500,"SG","s","employed-salary","other",2022-01-19 02:36:05.402,"App 0731","valuechampion_sg"
"Sales rep  C","Closed App",41,6000,"married","other",3800,"PH","spass-wp","employed-salary","building-construction",2022-01-19 03:34:19.354,"App 0732","facebook"
"Sales rep  C","Expired App",45,20000,"single","debt-consolidation",2800,"SG","s","employed-salary","f-and-b",2022-01-19 06:30:24.112,"App 0733","e-mail"
"Sales rep  C","Expired App",42,5000,"married","car",1500,"SG","s","employed-salary","transport",2022-01-19 07:21:11.853,"App 0734","e-mail"
"Sales rep  C","Bank Declined App",25,3000,"single","debt-consolidation-ff",1700,"MY","spass-wp","employed-salary","manufacturing",2022-01-19 11:08:56.635,"App 0735","sms"
"Sales rep  C","Expired App",40,20000,"married","home",1300,"SG","s","employed-salary","manufacturing",2022-01-19 11:19:49.704,"App 0736","sms"
"Sales rep  C","Bank Declined App",41,8000,"married","education",1200,"SG","s","employed-salary","education",2022-01-19 11:21:37.162,"App 0737","sms"
"Sales rep  C","Expired App",36,2000,"married","debt-consolidation",1900,"SG","s","self-employed","transport",2022-01-19 11:35:51.888,"App 0738","sms"
"Sales rep  I","Closed App",50,30000,"divorced","other",9200,"SG","s","self-employed","other",2022-01-19 12:31:39.066,"App 0739","search.becovi.com"
"Sales rep  F","Bank Declined App",31,2000,"single","wedding",2400,"MY","spass-wp","employed-salary","other",2022-01-19 12:39:30.297,"App 0740","valuechampion_sg"
"Sales rep  C","Closed App",51,3000,"married","home",3000,"SG","s","self-employed","transport",2022-01-19 12:48:19.435,"App 0741","facebook"
"Sales rep  F","Expired App",33,110000,"married","home",6500,"IN","ep","employed-salary","it-telco",2022-01-19 12:59:27.112,"App 0742","nestia"
"Sales rep  F","Bank Declined App",37,10000,"single","debt-consolidation",1645,"SG","s","employed-salary","hospitality",2022-01-19 13:09:19.069,"App 0743","sms"
"Sales rep  C","Expired App",63,35000,"married","renovation",6500,"IN","ep","employed-salary","logistic",2022-01-19 13:17:18.541,"App 0744","sms"
"Sales rep  I","Closed App",39,10000,"divorced","paying-bills",4060,"SG","s","employed-salary","building-construction",2022-01-19 13:56:55.082,"App 0745","valuechampion_sg"
"Sales rep  F","Closed App",39,4000,"divorced","investment",5600,"SG","s","employed-salary","f-and-b",2022-01-19 14:07:44.86,"App 0746","sms"
"Sales rep  I","Closed App",40,14000,"single","renovation",3100,"PH","spass-wp","employed-salary","other",2022-01-19 15:09:30.234,"App 0747","google"
"Sales rep  C","Closed App",48,20000,"married","debt-consolidation",4300,"SG","s","employed-salary","other",2022-01-19 15:10:29.203,"App 0748","sms"
"Sales rep  F","Expired App",59,6000,"married","other",2000,"SG","s","employed-salary","other",2022-01-19 15:23:20.39,"App 0749","google"
"Sales rep  C","Expired App",45,5000,"married","debt-consolidation",3100,"SG","s","employed-salary","building-construction",2022-01-19 15:45:47.541,"App 0750","sms"
"Sales rep  F","Bank Declined App",30,4000,"married","other",2200,"SG","s","employed-salary","hospitality",2022-01-19 16:08:46.99,"App 0751","google"
"Sales rep  I","Loan Disbursed App",34,4000,"single","business-expansion",3500,"PH","spass-wp","employed-salary","building-construction",2022-01-19 16:07:30.618,"App 0752","e-mail"
"Sales rep  C","Closed App",57,20000,"divorced","paying-bills",4000,"SG","s","self-employed","transport",2022-01-19 16:23:30.184,"App 0753","sms"
"Sales rep  I","Expired App",39,20000,"married","paying-bills",3950,"SG","s","employed-salary","other",2022-01-19 16:25:15.584,"App 0754","sms"
"Sales rep  F","Expired App",25,2000,"single","debt-consolidation-ff",1500,"SG","s","employed-contract","logistic",2022-01-19 16:58:38.017,"App 0755","direct"
"Sales rep  F","Expired App",29,4000,"married","other",3200,"SG","s","employed-salary","other",2022-01-19 17:09:12.665,"App 0756","bing"
"Sales rep  I","Expired App",23,20000,"married","other",3000,"SG","s","self-employed","f-and-b",2022-01-19 17:31:19.333,"App 0757","wa"
"Sales rep  C","Expired App",47,10000,"married","debt-consolidation",561,"SG","s","self-employed","transport",2022-01-19 17:47:43.204,"App 0758","direct"
"Sales rep  I","Closed App",29,2000,"single","other",3500,"SG","s","employed-salary","other",2022-01-19 17:52:35.514,"App 0759","direct"
"Sales rep  F","Loan Disbursed App",28,1000,"single","debt-consolidation-ff",5000,"SG","s","employed-salary","manufacturing",2022-01-19 17:52:28.314,"App 0760","direct"
"Sales rep  C","Expired App",40,20000,"divorced","medical",4500,"SG","s","employed-contract","other",2022-01-19 18:13:34.9,"App 0761","valuechampion_sg"
"Sales rep  F","Bank Declined App",28,20000,"single","debt-consolidation",4100,"IN","spass-wp","employed-salary","building-construction",2022-01-19 18:21:07.77,"App 0762","bing"
"Sales rep  F","Closed App",47,5000,"married","home",5500,"SG","s","employed-salary","government",2022-01-19 19:19:31.947,"App 0763","sms"
NA,"Bank Declined App",48,20000,"married","debt-consolidation",3900,"SG","s","employed-salary","other",2022-01-19 18:46:18.418,"App 0764","e-mail"
"Sales rep  I","Expired App",33,1000,"married","paying-bills",5500,"SG","s","employed-contract","it-telco",2022-01-19 18:53:38.048,"App 0765","bing"
"Sales rep  F","Loan Disbursed App",22,11000,"single","other",2500,"MY","pr","employed-salary","other",2022-01-19 19:40:22.415,"App 0766","direct"
"Sales rep  I","Expired App",62,3000,"married","medical",1770,"SG","s","employed-salary","f-and-b",2022-01-19 19:31:57.358,"App 0767","wa"
"Sales rep  F","Expired App",38,14000,"single","credit-card-debt",3500,"SG","s","employed-salary","government",2022-01-19 20:45:11.255,"App 0768","bing"
"Sales rep  I","Expired App",59,10000,"married","paying-bills",2000,"SG","s","employed-salary","other",2022-01-19 20:48:11.03,"App 0769","facebook"
"Sales rep  F","Expired App",48,10000,"divorced","business-expansion",2500,"SG","s","self-employed","education",2022-01-19 20:55:23.016,"App 0770","l.facebook.com"
"Sales rep  I","Expired App",54,15000,"married","debt-consolidation",3900,"SG","s","self-employed","other",2022-01-19 21:19:39.973,"App 0771","wa"
"Sales rep  I","Expired App",41,30000,"single","debt-consolidation",3360,"SG","s","employed-salary","manufacturing",2022-01-19 21:39:16.267,"App 0772","wa"
"Sales rep  F","Expired App",53,50000,"married","renovation",8700,"SG","s","employed-salary","education",2022-01-19 22:01:43.774,"App 0773","google"
"Sales rep  I","Expired App",23,20000,"single","home",3000,"MY","pr","self-employed","f-and-b",2022-01-19 22:35:11.58,"App 0774","google"
"Sales rep  I","Loan Disbursed App",42,5000,"single","debt-consolidation",3500,"SG","s","employed-salary","logistic",2022-01-19 23:05:31.334,"App 0775","wa"
"Sales rep  F","Expired App",36,5000,"married","paying-bills",1700,"SG","s","employed-salary","logistic",2022-01-19 23:10:00.685,"App 0776","e-mail"
"Sales rep  I","Expired App",28,20000,"married","renovation",2500,"SG","s","employed-salary","f-and-b",2022-01-19 23:36:58.587,"App 0777","wa"
"Sales rep  F","Expired App",52,20000,"married","debt-consolidation",2900,"MY","pr","employed-salary","retail",2022-01-21 16:23:54.371,"App 0778","facebook"
"Sales rep  I","Closed App",31,3000,"single","investment",1400,"SG","s","employed-salary","transport",2022-01-20 00:45:40.246,"App 0779","direct"
"Sales rep  F","Expired App",28,30000,"single","investment",3350,"MY","pr","employed-salary","banking-finance",2022-01-20 01:09:45.946,"App 0780","finder_sg"
"Sales rep  I","Loan Disbursed App",35,3000,"married","paying-bills",3000,"MY","spass-wp","employed-salary","transport",2022-01-20 01:18:46.289,"App 0781","google"
"Sales rep  F","Closed App",53,20000,"married","renovation",4500,"SG","s","employed-salary","transport",2022-01-20 01:33:58.589,"App 0782","valuechampion_sg"
"Sales rep  C","Closed App",29,20000,"married","credit-card-debt",6000,"SG","s","employed-salary","other",2022-01-20 01:36:00.205,"App 0783","facebook"
"Sales rep  C","Expired App",36,3000,"divorced","debt-consolidation-ff",3200,"SG","s","employed-salary","logistic",2022-01-20 01:45:11.26,"App 0784","e-mail"
"Sales rep  F","Expired App",44,5000,"married","investment",5000,"SG","s","employed-salary","other",2022-01-20 02:21:33.967,"App 0785","sms"
"Sales rep  C","Expired App",29,20000,"married","debt-consolidation",2700,"SG","s","employed-salary","other",2022-01-20 02:27:21.065,"App 0786","e-mail"
"Sales rep  C","Bank Declined App",24,5000,"single","car",1648,"MY","spass-wp","employed-salary","logistic",2022-01-20 04:41:00.189,"App 0787","sms"
"Sales rep  F","Loan Disbursed App",43,8000,"married","other",2400,"SG","s","employed-salary","retail",2022-01-20 05:09:16.926,"App 0788","facebook"
"Sales rep  C","Expired App",52,20000,"married","debt-consolidation",4100,"SG","s","employed-salary","government",2022-01-20 10:20:20.481,"App 0789","sms"
"Sales rep  I","Expired App",32,20000,"married","business-expansion",3000,"SG","s","self-employed","f-and-b",2022-01-20 18:14:34.604,"App 0790","facebook"
"Sales rep  C","Closed App",36,4000,"married","paying-bills",3000,"SG","s","employed-salary","building-construction",2022-01-20 11:16:48.41,"App 0791","e-mail"
"Sales rep  F","Closed App",24,10000,"single","debt-consolidation-ff",2100,"SG","s","employed-salary","logistic",2022-01-20 11:16:11.58,"App 0792","wa"
"Sales rep  C","Loan Disbursed App",40,20000,"married","debt-consolidation",5000,"SG","s","employed-salary","government",2022-01-20 11:37:41.393,"App 0793","e-mail"
"Sales rep  C","Expired App",37,23000,"married","line-of-credit",4000,"SG","s","employed-salary","logistic",2022-01-20 12:04:21.62,"App 0794","google"
"Sales rep  C","Expired App",60,10000,"married","education",4000,"SG","s","employed-salary","other",2022-01-20 12:33:23.624,"App 0795","e-mail"
"Sales rep  I","Closed App",41,20000,"married","line-of-credit",5200,"PH","spass-wp","employed-salary","other",2022-01-20 12:31:40.065,"App 0796","e-mail"
"Sales rep  C","Expired App",49,8000,"married","debt-consolidation",2600,"SG","s","employed-salary","other",2022-01-20 13:17:56.095,"App 0797","google"
"Sales rep  I","Expired App",65,1e+05,"married","credit-card-debt",7000,"SG","s","employed-salary","retail",2022-01-23 17:22:08.433,"App 0798","sms"
"Sales rep  I","Expired App",53,10000,"single","debt-consolidation",2300,"SG","s","employed-salary","f-and-b",2022-01-20 18:48:07.563,"App 0799","facebook"
"Sales rep  C","Expired App",35,6000,"married","debt-consolidation-ff",1700,"SG","s","employed-contract","f-and-b",2022-01-20 13:59:21.434,"App 0800","facebook"
"Sales rep  C","Expired App",64,15000,"married","wedding",2600,"SG","s","employed-salary","other",2022-01-20 14:27:12.633,"App 0801","sms"
"Sales rep  I","Expired App",40,15000,"married","other",4200,"MY","pr","employed-salary","banking-finance",2022-01-20 19:12:08.52,"App 0802","valuechampion_sg"
"Sales rep  C","Expired App",31,24000,"married","debt-consolidation",2214,"SG","s","employed-salary","manufacturing",2022-01-20 14:58:59.855,"App 0803","facebook"
"Sales rep  F","Expired App",32,20000,"married","line-of-credit",2950,"SG","s","employed-salary","it-telco",2022-01-20 15:06:21.791,"App 0804","facebook"
"Sales rep  C","Expired App",26,20000,"single","investment",4000,"MY","pr","employed-salary","building-construction",2022-01-20 15:15:51.641,"App 0805","e-mail"
"Sales rep  F","Loan Disbursed App",41,10000,"married","business-expansion",4000,"SG","s","self-employed","logistic",2022-01-20 15:46:16.567,"App 0806","direct"
"Sales rep  F","Bank Declined App",31,3000,"single","home",3000,"MY","spass-wp","employed-salary","other",2022-01-20 16:33:42.49,"App 0807","direct"
"Sales rep  F","Expired App",28,25000,"married","debt-consolidation",5000,"SG","s","employed-salary","other",2022-01-20 16:30:31.337,"App 0808","direct"
"Sales rep  C","Loan Disbursed App",27,20000,"single","debt-consolidation",8333,"PH","ep","employed-salary","it-telco",2022-01-20 16:58:21.841,"App 0809","e-mail"
"Sales rep  I","Expired App",54,2000,"married","paying-bills",2100,"SG","s","employed-salary","transport",2022-01-20 17:11:44.692,"App 0810","facebook"
"Sales rep  C","Expired App",35,20000,"married","credit-card-debt",4446,"PH","spass-wp","employed-salary","it-telco",2022-01-20 17:16:51.39,"App 0811","facebook"
"Sales rep  F","Expired App",37,10000,"divorced","business-expansion",3000,"SG","s","self-employed","transport",2022-01-20 17:28:49.192,"App 0812","facebook"
"Sales rep  C","Expired App",28,15000,"single","wedding",2000,"SG","s","employed-salary","hospitality",2022-01-20 17:28:57.051,"App 0813","sms"
"Sales rep  F","Bank Declined App",40,10000,"married","debt-consolidation-ff",5000,"SG","s","employed-salary","government",2022-01-20 17:34:07.063,"App 0814","e-mail"
"Sales rep  C","Loan Disbursed App",44,3000,"married","paying-bills",3000,"PH","spass-wp","employed-salary","building-construction",2022-01-20 18:02:32.085,"App 0815","direct"
"Sales rep  F","Loan Disbursed App",25,11000,"single","wedding",1850,"SG","s","employed-salary","other",2022-01-20 18:02:52.109,"App 0816","google"
NA,"Closed App",32,2000,"single","wedding",35000,"SG","s","employed-salary","logistic",2022-01-20 18:16:45.732,"App 0817","google"
"Sales rep  C","Expired App",38,20000,"single","business-expansion",8500,"SG","s","employed-salary","f-and-b",2022-01-20 18:18:28.198,"App 0818","carousell_sg"
NA,"Closed App",32,2000,"single","wedding",35000,"SG","s","employed-salary","logistic",2022-01-20 18:28:40.944,"App 0819","google"
"Sales rep  I","Expired App",39,30000,"married","debt-consolidation",2500,"SG","s","employed-salary","retail",2022-01-20 19:03:39.565,"App 0820","direct"
"Sales rep  I","Expired App",26,12000,"married","renovation",1750,"SG","s","other","other",2022-01-20 19:27:55.218,"App 0821","valuechampion_sg"
"Sales rep  I","Loan Disbursed App",29,2000,"single","other",3500,"SG","s","employed-salary","other",2022-01-20 20:10:13.575,"App 0822","duplicate"
"Sales rep  I","Loan Disbursed App",39,15000,"single","debt-consolidation",3310,"PH","spass-wp","employed-salary","building-construction",2022-01-20 20:14:02.859,"App 0823","e-mail"
"Sales rep  F","Loan Disbursed App",28,8000,"single","wedding",5000,"IN","spass-wp","employed-salary","manufacturing",2022-01-20 21:41:31.113,"App 0824","google"
"Sales rep  F","Expired App",32,40000,"married","debt-consolidation",2860,"SG","s","employed-salary","government",2022-01-20 23:06:50.087,"App 0825","facebook"
"Sales rep  F","Expired App",63,50000,"single","investment",1900,"SG","s","employed-salary","f-and-b",2022-01-21 01:14:50.258,"App 0826","facebook"
"Sales rep  I","Loan Disbursed App",29,3000,"single","special-occasion",2700,"SG","s","employed-salary","it-telco",2022-01-21 02:16:26.306,"App 0827","facebook"
"Sales rep  I","Expired App",57,10000,"married","renovation",3500,"SG","s","employed-salary","hospitality",2022-01-21 02:30:36.543,"App 0828","wa"
"Sales rep  I","Closed App",25,1000,"single","paying-bills",2800,"IN","spass-wp","employed-salary","building-construction",2022-01-21 02:44:18.96,"App 0829","nestia"
"Sales rep  F","Expired App",29,10000,"single","other",3000,"SG","s","employed-salary","other",2022-01-21 02:52:50.87,"App 0830","google"
"Sales rep  F","Loan Disbursed App",36,1500,"married","home",4230,"IN","pr","employed-salary","f-and-b",2022-01-21 03:24:16.965,"App 0831","e-mail"
"Sales rep  I","Loan Disbursed App",44,45000,"married","renovation",8500,"PH","ep","employed-salary","education",2022-01-21 08:25:11.447,"App 0832","google"
"Sales rep  F","Closed App",51,20000,"single","other",2500,"SG","s","employed-salary","other",2022-01-21 08:49:59.926,"App 0833","facebook"
"Sales rep  I","Expired App",37,10000,"married","debt-consolidation-ff",2400,"CN","ep","employed-salary","manufacturing",2022-01-21 09:10:27.048,"App 0834","google"
"Sales rep  F","Expired App",27,30000,"married","car",1500,"SG","s","self-employed","transport",2022-01-21 10:17:37.487,"App 0835","facebook"
"Sales rep  F","Closed App",58,20000,"single","debt-consolidation-ff",2800,"SG","s","employed-salary","other",2022-01-21 10:57:46.944,"App 0836","facebook"
"Sales rep  I","Loan Disbursed App",26,8000,"single","debt-consolidation",3133,"SG","s","employed-salary","other",2022-01-24 02:39:53.693,"App 0837","direct"
"Sales rep  I","Closed App",35,1000,"single","debt-consolidation-ff",2400,"SG","s","employed-salary","f-and-b",2022-01-21 11:37:44.341,"App 0838","wa"
"Sales rep  F","Expired App",22,20000,"single","other",1400,"MY","pr","employed-salary","transport",2022-01-21 11:44:13.553,"App 0839","nestia"
"Sales rep  F","Bank Declined App",26,10000,"single","education",1700,"MY","spass-wp","employed-salary","f-and-b",2022-01-21 11:51:51.522,"App 0840","nestia"
"Sales rep  F","Expired App",29,28000,"married","debt-consolidation",4750,"SG","s","employed-salary","insurance",2022-01-21 13:19:25.549,"App 0841","google"
"Sales rep  I","Expired App",50,17000,"married","debt-consolidation-ff",4283,"PH","pr","employed-salary","it-telco",2022-02-05 17:23:16.2,"App 0842","yahoo"
"Sales rep  F","Closed App",32,15000,"married","debt-consolidation",2860,"SG","s","employed-salary","other",2022-01-21 14:35:19.66,"App 0843","e-mail"
"Sales rep  I","Closed App",36,50000,"single","investment",20000,"SG","s","self-employed","retail",2022-01-27 12:25:51.483,"App 0844","bing"
"Sales rep  I","Expired App",63,5000,"married","business-expansion",3200,"SG","s","self-employed","government",2022-01-21 15:06:51.877,"App 0845","facebook"
"Sales rep  F","Expired App",39,50000,"married","debt-consolidation-ff",3000,"SG","s","employed-salary","government",2022-01-21 15:19:29.904,"App 0846","wa"
"Sales rep  F","Closed App",31,25000,"single","paying-bills",4000,"SG","s","employed-salary","other",2022-01-21 15:28:05.563,"App 0847","direct"
"Sales rep  I","Loan Disbursed App",48,3000,"divorced","business-expansion",2800,"SG","s","self-employed","education",2022-01-21 15:45:30.238,"App 0848","direct"
"Sales rep  F","Closed App",53,20000,"divorced","debt-consolidation",3000,"SG","s","employed-salary","other",2022-01-21 16:25:15.325,"App 0849","valuechampion_sg"
"Sales rep  I","Closed App",43,25000,"single","investment",4000,"SG","s","employed-salary","education",2022-01-21 16:47:15.166,"App 0850","bing"
"Sales rep  F","Closed App",29,10000,"married","debt-consolidation",2500,"SG","s","employed-salary","it-telco",2022-01-21 17:09:31.974,"App 0851","google"
"Sales rep  F","Bank Declined App",21,2000,"single","investment",1300,"IN","pr","self-employed","transport",2022-01-21 17:34:06.265,"App 0852","bing"
"Sales rep  F","Closed App",54,10000,"married","paying-bills",3500,"SG","s","self-employed","building-construction",2022-01-21 18:34:53.659,"App 0853","wa"
"Sales rep  F","Closed App",28,20000,"single","medical",2600,"SG","s","employed-salary","manufacturing",2022-01-21 18:44:15.745,"App 0854","bing"
"Sales rep  F","Expired App",27,25000,"married","credit-card-debt",2900,"SG","s","employed-salary","other",2022-01-21 19:14:39.221,"App 0855","google"
"Sales rep  I","Expired App",29,10000,"single","car",5000,"SG","s","employed-salary","banking-finance",2022-01-21 18:58:15.504,"App 0856","facebook"
"Sales rep  F","Expired App",50,40000,"married","credit-card-debt",3300,"SG","s","employed-salary","f-and-b",2022-01-24 18:50:16.626,"App 0857","google"
"Sales rep  F","Closed App",36,1000,"divorced","other",3132,"SG","s","employed-salary","logistic",2022-01-21 20:43:25.762,"App 0858","direct"
"Sales rep  F","Closed App",23,5000,"single","other",2400,"MY","spass-wp","employed-salary","other",2022-01-21 20:44:23.741,"App 0859","google"
"Sales rep  F","Loan Disbursed App",39,20000,"single","paying-bills",7000,"MY","pr","employed-salary","insurance",2022-01-21 21:12:11.671,"App 0860","e-mail"
"Sales rep  F","Loan Disbursed App",23,2000,"single","debt-consolidation",3200,"SG","s","employed-salary","it-telco",2022-01-21 22:34:33.161,"App 0861","google"
"Sales rep  F","Closed App",39,20000,"married","line-of-credit",2500,"SG","s","employed-salary","government",2022-01-21 23:38:16.557,"App 0862","carousell_sg"
"Sales rep  F","Closed App",49,30000,"married","renovation",5000,"SG","s","self-employed","transport",2022-01-22 00:05:01.094,"App 0863","valuechampion_sg"
"Sales rep  F","Bank Declined App",39,17000,"married","credit-card-debt",2500,"SG","s","employed-salary","manufacturing",2022-01-22 01:53:38.542,"App 0864","facebook"
"Sales rep  F","Closed App",31,4000,"single","debt-consolidation-ff",1500,"SG","s","employed-salary","retail",2022-01-22 03:08:59.877,"App 0865","carousell_sg"
"Sales rep  F","Expired App",62,10000,"divorced","line-of-credit",4000,"SG","s","employed-contract","logistic",2022-01-22 11:47:24.348,"App 0866","direct"
"Sales rep  F","Expired App",30,30000,"single","debt-consolidation",4500,"SG","s","employed-salary","logistic",2022-01-22 06:42:35.924,"App 0867","facebook"
"Sales rep  F","Closed App",37,16000,"married","debt-consolidation",5500,"SG","s","employed-salary","hospitality",2022-01-22 07:51:57.096,"App 0868","google"
"Sales rep  F","Closed App",30,50000,"single","debt-consolidation",2400,"SG","s","employed-salary","f-and-b",2022-01-22 08:58:21.56,"App 0869","facebook"
"Sales rep  F","Expired App",41,30000,"single","home",9300,"SG","ep","employed-salary","other",2022-01-22 11:22:07.764,"App 0870","carousell_sg"
"Sales rep  F","Closed App",33,50000,"married","investment",1400,"SG","s","employed-salary","logistic",2022-01-22 11:53:45.423,"App 0871","carousell_sg"
"Sales rep  F","Loan Disbursed App",32,15000,"single","special-occasion",3300,"MY","spass-wp","employed-salary","manufacturing",2022-01-22 14:25:31.814,"App 0872","google"
"Sales rep  I","Expired App",32,1e+05,"married","wedding",5500,"SG","s","employed-salary","education",2022-01-22 16:20:31.402,"App 0873","facebook"
"Sales rep  I","Expired App",27,10000,"single","line-of-credit",2500,"SG","s","employed-salary","other",2022-01-22 16:53:04.674,"App 0874","valuechampion_sg"
"Sales rep  F","Closed App",39,20000,"married","line-of-credit",2500,"SG","s","employed-salary","government",2022-01-22 17:27:34.894,"App 0875","wa"
"Sales rep  F","Expired App",58,20000,"single","debt-consolidation-ff",3000,"SG","s","employed-salary","other",2022-01-22 17:35:59.302,"App 0876","sms"
"Sales rep  F","Expired App",25,20000,"single","wedding",2316,"SG","s","employed-salary","other",2022-01-22 18:23:30.155,"App 0877","e-mail"
"Sales rep  I","Closed App",27,10000,"single","wedding",5000,"MY","ep","employed-salary","it-telco",2022-01-22 18:43:10.799,"App 0878","e-mail"
"Sales rep  A","Loan Disbursed App",37,1500,"single","debt-consolidation",2000,"MY","spass-wp","employed-salary","f-and-b",2022-01-22 19:03:40.581,"App 0879","nestia"
"Sales rep  I","Loan Disbursed App",43,50000,"married","debt-consolidation",4000,"SG","s","employed-salary","manufacturing",2022-01-22 19:13:50.675,"App 0880","nestia"
"Sales rep  F","Bank Declined App",29,20000,"married","home",5300,"SG","s","employed-salary","it-telco",2022-01-22 19:16:03.154,"App 0881","nestia"
"Sales rep  I","Expired App",24,5000,"single","debt-consolidation-ff",1600,"SG","s","employed-salary","hospitality",2022-01-22 19:17:16.397,"App 0882","direct"
"Sales rep  F","Closed App",35,1000,"divorced","other",2135,"SG","s","employed-salary","logistic",2022-01-22 19:35:30.653,"App 0883","valuechampion_sg"
"Sales rep  F","Closed App",27,55000,"single","education",5000,"SG","s","employed-salary","government",2022-01-22 21:29:44.715,"App 0884","direct"
"Sales rep  I","Closed App",23,5000,"single","debt-consolidation",1500,"SG","s","employed-salary","retail",2022-01-22 21:59:01.271,"App 0885","wa"
"Sales rep  F","Expired App",27,1e+05,"married","line-of-credit",11000,"SG","s","self-employed","insurance",2022-01-22 22:15:32.79,"App 0886","google"
"Sales rep  I","Expired App",40,30000,"married","renovation",7000,"SG","s","employed-salary","government",2022-02-07 00:28:20.538,"App 0887","direct"
"Sales rep  F","Bank Declined App",27,10000,"single","home",1300,"SG","s","employed-salary","building-construction",2022-01-22 23:46:57.589,"App 0888","facebook"
"Sales rep  F","Loan Disbursed App",56,1000,"married","medical",2500,"SG","s","employed-salary","building-construction",2022-01-24 19:14:33.855,"App 0889","facebook"
"Sales rep  F","Expired App",33,20000,"married","renovation",2500,"SG","s","employed-salary","logistic",2022-01-23 00:59:26.172,"App 0890","finder_sg"
"Sales rep  I","Loan Disbursed App",28,5000,"single","credit-card-debt",3000,"SG","s","employed-salary","government",2022-01-23 01:00:52.367,"App 0891","direct"
"Sales rep  F","Closed App",34,1000,"single","home",1800,"SG","s","employed-contract","hospitality",2022-01-23 01:19:43.773,"App 0892","bing"
"Sales rep  F","Expired App",26,20000,"single","investment",2200,"MY","spass-wp","employed-salary","f-and-b",2022-01-23 02:27:58.063,"App 0893","direct"
"Sales rep  F","Expired App",38,30000,"married","paying-bills",5800,"SG","s","employed-salary","hospitality",2022-01-23 03:30:26.743,"App 0894","google"
"Sales rep  F","Loan Disbursed App",41,10000,"divorced","debt-consolidation-ff",3350,"MY","ep","employed-salary","hospitality",2022-02-03 17:47:30.979,"App 0895","valuechampion_sg"
"Sales rep  F","Closed App",50,20000,"married","renovation",1550,"SG","s","employed-salary","other",2022-01-23 10:06:26.049,"App 0896","facebook"
"Sales rep  I","Expired App",34,2000,"single","debt-consolidation-ff",3000,"MY","pr","employed-salary","retail",2022-01-23 13:29:24.767,"App 0897","google"
"Sales rep  F","Expired App",24,12000,"single","debt-consolidation",2500,"SG","s","employed-salary","it-telco",2022-01-23 14:31:49.836,"App 0898","google"
"Sales rep  F","Closed App",37,26118,"married","education",2450,"SG","s","employed-salary","education",2022-01-23 16:04:30.385,"App 0899","valuechampion_sg"
"Sales rep  I","Expired App",35,35000,"divorced","renovation",3000,"SG","s","employed-salary","other",2022-01-23 16:17:16.38,"App 0900","google"
"Sales rep  F","Closed App",29,10000,"single","credit-card-debt",4000,"MY","pr","employed-salary","building-construction",2022-01-23 16:28:30.584,"App 0901","valuechampion_sg"
"Sales rep  F","Closed App",40,10000,"single","credit-card-debt",2600,"MY","spass-wp","employed-salary","manufacturing",2022-01-23 17:05:44.241,"App 0902","facebook"
"Sales rep  F","Expired App",26,5000,"single","other",1600,"SG","s","self-employed","other",2022-01-23 17:31:12.407,"App 0903","google"
"Sales rep  F","Closed App",44,10000,"married","debt-consolidation-ff",3500,"SG","s","employed-salary","transport",2022-01-23 17:31:09.803,"App 0904","direct"
"Sales rep  I","Closed App",39,150000,"married","debt-consolidation",2700,"MY","pr","employed-salary","banking-finance",2022-01-23 19:04:18.706,"App 0905","valuechampion_sg"
"Sales rep  F","Loan Disbursed App",46,31000,"married","debt-consolidation",5000,"SG","s","employed-salary","retail",2022-01-23 22:40:55.263,"App 0906","l.facebook.com"
"Sales rep  F","Loan Disbursed App",26,2000,"single","debt-consolidation-ff",1600,"SG","s","employed-salary","building-construction",2022-01-23 23:21:59.912,"App 0907","wa"
"Sales rep  I","Expired App",29,15000,"single","other",5500,"MY","pr","self-employed","other",2022-01-24 00:41:40.288,"App 0908","carousell_sg"
"Sales rep  F","Expired App",54,5000,"married","other",2745,"SG","s","employed-salary","government",2022-01-25 18:08:26.338,"App 0909","facebook"
"Sales rep  F","Loan Disbursed App",33,3000,"single","paying-bills",3400,"SG","s","employed-salary","f-and-b",2022-01-24 01:16:35.546,"App 0910","valuechampion_sg"
"Sales rep  F","Bank Declined App",59,10000,"married","other",2500,"SG","s","employed-salary","f-and-b",2022-01-24 01:49:22.2,"App 0911","direct"
"Sales rep  I","Expired App",22,5000,"single","paying-bills",1400,"SG","s","employed-salary","manufacturing",2022-01-24 02:04:24.616,"App 0912","carousell_sg"
"Sales rep  F","Expired App",38,15000,"married","credit-card-debt",4000,"PH","pr","employed-salary","f-and-b",2022-01-24 02:32:12.052,"App 0913","google"
"Sales rep  F","Expired App",35,2000,"single","debt-consolidation-ff",2200,"SG","spass-wp","employed-salary","f-and-b",2022-01-24 03:10:47.869,"App 0914","google"
"Sales rep  I","Expired App",30,1800,"single","medical",1650,"SG","s","employed-salary","logistic",2022-01-24 05:06:36.823,"App 0915","google"
"Sales rep  I","Expired App",55,3000,"divorced","renovation",1450,"SG","s","employed-salary","retail",2022-01-24 06:34:01.255,"App 0916","sms"
"Sales rep  I","Expired App",36,10000,"married","investment",9000,"SG","s","employed-salary","other",2022-01-24 11:32:06.203,"App 0917","google"
"Sales rep  I","Closed App",29,28000,"married","debt-consolidation",2500,"SG","s","employed-salary","manufacturing",2022-01-24 12:36:32.72,"App 0918","direct"
"Sales rep  F","Loan Disbursed App",44,5000,"married","home",5000,"PH","spass-wp","employed-salary","f-and-b",2022-01-24 13:40:49.062,"App 0919","valuechampion_sg"
"Sales rep  F","Expired App",31,8000,"divorced","credit-card-debt",3500,"SG","s","employed-salary","manufacturing",2022-01-24 13:45:02.513,"App 0920","facebook"
"Sales rep  F","Loan Disbursed App",25,1000,"single","debt-consolidation-ff",4300,"MY","spass-wp","employed-salary","it-telco",2022-01-24 14:13:28.666,"App 0921","google"
"Sales rep  I","Loan Disbursed App",28,20000,"single","business-expansion",2950,"MY","ep","employed-salary","f-and-b",2022-01-24 14:37:16.561,"App 0922","direct"
"Sales rep  F","Loan Disbursed App",29,4000,"single","paying-bills",2463,"SG","s","self-employed","transport",2022-01-24 14:48:22.216,"App 0923","google"
"Sales rep  I","Expired App",64,3500,"married","car",1600,"SG","s","self-employed","other",2022-01-24 14:54:15.982,"App 0924","bing"
"Sales rep  C","Expired App",32,13000,"married","investment",3500,"MY","pr","employed-salary","education",2022-01-24 14:56:45.306,"App 0925","valuechampion_sg"
"Sales rep  I","Loan Disbursed App",46,20000,"single","debt-consolidation-ff",2000,"SG","s","self-employed","banking-finance",2022-01-24 15:02:31.826,"App 0926","e-mail"
"Sales rep  F","Closed App",34,3000,"married","education",4000,"PH","spass-wp","employed-salary","retail",2022-01-24 15:46:06.97,"App 0927","direct"
"Sales rep  F","Expired App",34,18000,"single","car",6500,"SG","s","employed-salary","government",2022-01-24 16:34:08.35,"App 0928","motorist"
"Sales rep  C","Expired App",36,5000,"married","debt-consolidation-ff",3300,"SG","s","employed-salary","f-and-b",2022-01-24 16:40:19.807,"App 0929","sms"
"Sales rep  F","Expired App",34,16000,"single","other",4000,"SG","s","employed-salary","banking-finance",2022-01-24 18:38:21.87,"App 0930","google"
"Sales rep  F","Closed App",32,2000,"married","paying-bills",1500,"SG","s","self-employed","f-and-b",2022-01-24 18:49:11.806,"App 0931","google"
"Sales rep  I","Expired App",32,10000,"married","credit-card-debt",5500,"MY","pr","employed-salary","other",2022-01-24 18:53:14.229,"App 0932","google"
"Sales rep  F","Closed App",25,5000,"married","investment",2500,"SG","s","employed-salary","manufacturing",2022-01-24 19:09:05.438,"App 0933","google"
"Sales rep  I","Expired App",40,20000,"single","debt-consolidation",6000,"SG","s","self-employed","transport",2022-01-24 19:18:40.397,"App 0934","e-mail"
"Sales rep  F","Closed App",31,3000,"single","special-occasion",2700,"SG","s","employed-salary","other",2022-01-24 19:38:38.859,"App 0935","bing"
"Sales rep  F","Loan Disbursed App",31,4000,"married","paying-bills",3500,"SG","s","employed-salary","other",2022-01-24 20:47:36.308,"App 0936","google"
"Sales rep  F","Expired App",43,25000,"divorced","debt-consolidation",5500,"SG","s","employed-salary","building-construction",2022-01-24 20:17:42.895,"App 0937","bing"
"Sales rep  F","Loan Disbursed App",28,180000,"married","other",2000,"SG","s","self-employed","f-and-b",2022-01-24 20:58:27.315,"App 0938","facebook"
"Sales rep  F","Expired App",51,50000,"divorced","paying-bills",15000,"SG","s","self-employed","banking-finance",2022-01-24 22:07:45.825,"App 0939","yahoo"
"Sales rep  F","Closed App",38,10000,"married","debt-consolidation",6560,"SG","s","employed-salary","education",2022-01-24 22:41:58.932,"App 0940","direct"
"Sales rep  F","Expired App",41,28000,"married","debt-consolidation",4800,"MY","s","employed-salary","building-construction",2022-01-24 23:46:54.425,"App 0941","facebook"
"Sales rep  I","Expired App",44,3000,"divorced","debt-consolidation-ff",1600,"SG","s","self-employed","other",2022-01-26 17:46:42.783,"App 0942","bing"
"Sales rep  F","Loan Disbursed App",45,10000,"divorced","other",3700,"SG","s","employed-salary","f-and-b",2022-01-25 00:14:16.952,"App 0943","valuechampion_sg"
"Sales rep  F","Loan Disbursed App",52,20000,"married","credit-card-debt",16700,"SG","s","employed-salary","it-telco",2022-01-25 01:19:45.588,"App 0944","google"
"Sales rep  I","Bank Declined App",43,10000,"married","debt-consolidation-ff",3800,"IN","spass-wp","employed-salary","building-construction",2022-01-26 19:32:17.656,"App 0945","facebook"
"Sales rep  F","Closed App",27,20000,"single","other",4000,"SG","s","self-employed","f-and-b",2022-01-25 02:57:40.86,"App 0946","google"
"Sales rep  F","Expired App",36,5000,"married","paying-bills",5024,"SG","s","employed-salary","other",2022-01-25 06:03:15.28,"App 0947","google"
"Sales rep  C","Expired App",35,2e+05,"married","business-expansion",15000,"IN","ep","self-employed","it-telco",2022-01-26 04:52:53.308,"App 0948","facebook"
"Sales rep  F","Closed App",25,2000,"single","paying-bills",1400,"SG","s","employed-salary","other",2022-01-25 08:52:07.991,"App 0949","google"
"Sales rep  F","Expired App",22,20000,"single","wedding",1700,"SG","s","employed-salary","logistic",2022-01-25 11:14:22.679,"App 0950","e-mail"
"Sales rep  F","Bank Declined App",38,2000,"married","debt-consolidation-ff",2200,"CN","spass-wp","employed-salary","retail",2022-01-25 11:50:02.044,"App 0951","nestia"
"Sales rep  F","Expired App",59,5000,"married","debt-consolidation-ff",1600,"SG","s","employed-salary","other",2022-01-25 12:57:04.455,"App 0952","direct"
"Sales rep  F","Loan Disbursed App",27,5000,"single","paying-bills",4500,"SG","s","employed-salary","other",2022-01-25 12:10:00.442,"App 0953","direct"
"Sales rep  F","Bank Declined App",32,3000,"single","other",1700,"MY","spass-wp","employed-salary","hospitality",2022-01-25 12:23:54.667,"App 0954","wa"
"Sales rep  F","Expired App",33,12000,"single","debt-consolidation",2000,"SG","s","employed-salary","transport",2022-01-25 12:24:35.497,"App 0955","google"
"Sales rep  I","Expired App",32,15000,"divorced","wedding",5500,"SG","s","employed-salary","building-construction",2022-01-25 13:01:43.296,"App 0956","google"
"Sales rep  F","Expired App",51,10000,"married","debt-consolidation",3500,"SG","s","employed-salary","it-telco",2022-01-25 13:19:56.906,"App 0957","direct"
"Sales rep  I","Closed App",23,2000,"single","paying-bills",1200,"SG","s","employed-salary","it-telco",2022-01-25 13:36:01.977,"App 0958","valuechampion_sg"
"Sales rep  I","Loan Disbursed App",38,40000,"married","other",5500,"MY","spass-wp","employed-salary","other",2022-01-25 13:46:10.7,"App 0959","google"
"Sales rep  I","Expired App",36,20000,"single","debt-consolidation-ff",3700,"SG","s","employed-salary","education",2022-01-25 13:58:29.593,"App 0960","valuechampion_sg"
"Sales rep  I","Expired App",26,35000,"married","debt-consolidation-ff",6500,"SG","s","self-employed","f-and-b",2022-01-25 14:03:51.299,"App 0961","google"
"Sales rep  I","Expired App",29,20000,"married","other",3500,"SG","s","employed-salary","other",2022-01-25 14:09:27.215,"App 0962","direct"
"Sales rep  C","Expired App",51,20000,"married","investment",2600,"SG","s","self-employed","building-construction",2022-01-25 14:15:49.18,"App 0963","e-mail"
"Sales rep  F","Closed App",58,5000,"married","debt-consolidation",1700,"SG","s","employed-salary","building-construction",2022-01-25 14:35:04.674,"App 0964","direct"
"Sales rep  I","Expired App",61,5000,"divorced","debt-consolidation",2700,"SG","s","employed-salary","other",2022-01-26 15:15:52.892,"App 0965","e-mail"
NA,"Closed App",18,20000,"single","car",2000,"SG","s","employed-salary","government",2022-01-25 14:40:14.471,"App 0966","sml"
NA,"Closed App",18,20000,"single","line-of-credit",2500,"SG","s","employed-salary","government",2022-01-25 14:42:08.399,"App 0967","sml"
"Sales rep  I","Expired App",37,15000,"married","debt-consolidation",2708,"SG","s","employed-salary","logistic",2022-01-25 14:53:55.584,"App 0968","e-mail"
"Sales rep  C","Expired App",25,10000,"married","debt-consolidation-ff",1800,"SG","s","employed-salary","government",2022-01-25 15:02:15.724,"App 0969","google"
"Sales rep  I","Closed App",41,20000,"married","home",6000,"IN","pr","employed-salary","manufacturing",2022-01-25 15:19:22.132,"App 0970","google"
"Sales rep  I","Expired App",63,20000,"married","debt-consolidation",3650,"SG","s","employed-salary","f-and-b",2022-01-25 15:08:50.127,"App 0971","wa"
NA,"Bank Declined App",31,10000,"single","other",450,"SG","s","other","f-and-b",2022-01-25 15:24:15.696,"App 0972","e-mail"
"Sales rep  I","Loan Disbursed App",58,4000,"married","debt-consolidation-ff",3800,"SG","s","employed-salary","other",2022-01-25 15:51:47.215,"App 0973","google"
"Sales rep  I","Loan Disbursed App",32,20000,"married","debt-consolidation-ff",2600,"SG","s","employed-salary","f-and-b",2022-01-25 16:23:02.75,"App 0974","nestia"
"Sales rep  C","Expired App",37,50000,"married","debt-consolidation",4500,"SG","s","employed-salary","building-construction",2022-01-25 16:30:04.02,"App 0975","direct"
"Sales rep  I","Loan Disbursed App",34,20000,"married","other",4000,"MY","spass-wp","employed-salary","other",2022-01-25 16:50:49.74,"App 0976","direct"
"Sales rep  I","Closed App",40,30000,"divorced","renovation",10859,"SG","s","employed-salary","other",2022-01-25 16:56:15.325,"App 0977","google"
"Sales rep  I","Loan Disbursed App",36,20000,"married","debt-consolidation",7150,"PH","spass-wp","employed-salary","banking-finance",2022-01-25 17:01:05.804,"App 0978","e-mail"
"Sales rep  C","Expired App",53,8000,"married","debt-consolidation",3119,"MY","pr","employed-salary","manufacturing",2022-01-25 17:05:44.393,"App 0979","nestia"
"Sales rep  I","Closed App",18,15000,"single","investment",2000,"SG","s","self-employed","other",2022-01-25 18:12:25.882,"App 0980","e-mail"
"Sales rep  I","Loan Disbursed App",74,20000,"widow","paying-bills",4000,"SG","s","self-employed","other",2022-01-25 19:10:44.473,"App 0981","direct"
"Sales rep  F","Loan Disbursed App",30,10000,"single","paying-bills",3000,"SG","s","employed-salary","f-and-b",2022-01-25 19:12:27.151,"App 0982","facebook"
"Sales rep  I","Loan Disbursed App",39,2000,"single","paying-bills",3400,"SG","s","employed-salary","building-construction",2022-01-25 19:17:28.389,"App 0983","direct"
"Sales rep  I","Expired App",27,1000,"single","debt-consolidation-ff",4000,"SG","s","self-employed","transport",2022-01-25 19:33:36.563,"App 0984","e-mail"
"Sales rep  I","Closed App",53,8000,"married","debt-consolidation-ff",2500,"SG","s","employed-salary","other",2022-01-25 19:33:57.669,"App 0985","bing"
"Sales rep  F","Expired App",53,15000,"divorced","debt-consolidation",3500,"SG","s","employed-salary","other",2022-01-25 19:40:06.789,"App 0986","duplicate"
"Sales rep  F","Expired App",55,15000,"married","debt-consolidation",2500,"SG","s","employed-salary","government",2022-01-25 20:03:55.589,"App 0987","e-mail"
"Sales rep  F","Expired App",62,8000,"married","debt-consolidation-ff",2000,"SG","s","employed-salary","other",2022-01-25 20:11:32.41,"App 0988","facebook"
"Sales rep  F","Bank Declined App",56,1000,"married","paying-bills",748,"SG","s","self-employed","other",2022-01-25 21:49:42.823,"App 0989","facebook"
"Sales rep  F","Closed App",45,20000,"divorced","other",5000,"SG","s","self-employed","other",2022-01-25 22:21:57.535,"App 0990","facebook"
"Sales rep  F","Loan Disbursed App",26,1000,"married","paying-bills",1400,"SG","s","employed-salary","other",2022-01-25 22:53:12.367,"App 0991","facebook"
"Sales rep  F","Closed App",51,8000,"married","debt-consolidation",3300,"SG","s","employed-salary","other",2022-01-26 20:10:56.824,"App 0992","wa"
"Sales rep  F","Expired App",33,3000,"married","paying-bills",2500,"SG","s","employed-salary","logistic",2022-01-25 23:40:08.953,"App 0993","google"
NA,"Bank Declined App",22,10000,"single","other",600,"SG","s","employed-salary","f-and-b",2022-01-25 23:56:09.781,"App 0994","google"
"Sales rep  F","Expired App",28,3000,"single","debt-consolidation-ff",1500,"SG","s","employed-salary","f-and-b",2022-01-26 00:31:44.194,"App 0995","direct"
"Sales rep  F","Expired App",25,5000,"single","investment",2700,"MY","ep","employed-salary","hospitality",2022-01-26 02:37:09.165,"App 0996","carousell_sg"
"Sales rep  I","Loan Disbursed App",38,3000,"married","wedding",2685,"MY","pr","employed-salary","f-and-b",2022-01-30 01:30:50.071,"App 0997","wa"
NA,"Bank Declined App",31,20000,"single","other",450,"SG","s","self-employed","f-and-b",2022-01-26 05:09:56.139,"App 0998","direct"
"Sales rep  F","Closed App",26,20000,"single","wedding",2585,"SG","s","employed-salary","it-telco",2022-01-26 09:28:36.382,"App 0999","direct"
"Sales rep  F","Expired App",28,5000,"married","paying-bills",2500,"SG","s","employed-salary","hospitality",2022-01-26 11:09:17.348,"App 1000","sms"
"Sales rep  F","Expired App",48,35000,"married","business-expansion",2800,"SG","s","self-employed","transport",2022-01-26 11:29:25.45,"App 1001","facebook"
"Sales rep  F","Closed App",41,20000,"married","debt-consolidation",3600,"SG","s","employed-salary","retail",2022-01-26 11:52:16.29,"App 1002","sms"
"Sales rep  F","Expired App",39,15000,"married","paying-bills",4560,"SG","s","employed-salary","retail",2022-01-26 11:58:27.632,"App 1003","sms"
"Sales rep  F","Expired App",46,5000,"single","home",2400,"SG","s","employed-salary","other",2022-01-26 12:32:48.336,"App 1004","facebook"
"Sales rep  F","Expired App",37,3000,"single","business-expansion",2000,"SG","s","other","other",2022-01-26 12:49:35.119,"App 1005","bing"
"Sales rep  F","Loan Disbursed App",32,10000,"married","other",3080,"SG","s","employed-salary","it-telco",2022-01-26 13:28:20.944,"App 1006","direct"
"Sales rep  I","Closed App",48,5000,"divorced","debt-consolidation-ff",2500,"SG","s","employed-salary","other",2022-01-26 14:17:21.45,"App 1007","l.facebook.com"
"Sales rep  I","Expired App",23,2500,"married","education",1800,"SG","s","employed-salary","banking-finance",2022-01-26 14:23:04.804,"App 1008","valuechampion_sg"
"Sales rep  I","Expired App",35,30000,"single","renovation",3900,"SG","s","employed-salary","building-construction",2022-01-26 14:21:17.3,"App 1009","facebook"
"Sales rep  C","Expired App",61,20000,"married","business-expansion",5100,"SG","s","employed-salary","other",2022-01-26 14:29:43.781,"App 1010","yahoo"
"Sales rep  I","Expired App",29,10000,"married","investment",3000,"SG","s","self-employed","transport",2022-01-26 14:37:11.835,"App 1011","e-mail"
"Sales rep  I","Loan Disbursed App",51,30000,"married","debt-consolidation",3000,"SG","s","employed-salary","transport",2022-01-26 14:50:28.952,"App 1012","sms"
"Sales rep  I","Closed App",42,20000,"married","debt-consolidation",10000,"IN","ep","employed-salary","it-telco",2022-01-26 15:13:28.738,"App 1013","sms"
"Sales rep  I","Bank Declined App",61,10000,"married","line-of-credit",1400,"SG","s","employed-salary","other",2022-01-26 15:56:36.09,"App 1014","sms"
"Sales rep  I","Expired App",30,9000,"single","wedding",1900,"SG","s","employed-salary","transport",2022-01-26 15:57:30.064,"App 1015","facebook"
"Sales rep  I","Expired App",41,5000,"single","paying-bills",1800,"SG","s","self-employed","retail",2022-01-26 15:54:33.623,"App 1016","e-mail"
"Sales rep  F","Expired App",23,3000,"single","home",3000,"SG","s","employed-salary","logistic",2022-01-26 15:57:04.581,"App 1017","valuechampion_sg"
"Sales rep  I","Closed App",31,7000,"single","credit-card-debt",3000,"SG","s","employed-salary","government",2022-01-26 16:17:41.198,"App 1018","google"
"Sales rep  I","Expired App",38,8000,"married","credit-card-debt",3300,"SG","s","employed-salary","government",2022-01-26 16:37:52.484,"App 1019","wa"
"Sales rep  F","Bank Declined App",38,25000,"single","debt-consolidation",4500,"MY","spass-wp","employed-salary","manufacturing",2022-01-26 17:17:37.642,"App 1020","google"
"Sales rep  C","Expired App",27,20000,"single","debt-consolidation-ff",3200,"MY","ep","employed-salary","f-and-b",2022-01-26 18:26:53.561,"App 1021","direct"
"Sales rep  I","Closed App",27,3000,"single","education",3800,"SG","s","employed-contract","government",2022-01-26 19:29:55.827,"App 1022","direct"
"Sales rep  I","Closed App",39,20000,"married","business-expansion",3500,"SG","s","employed-salary","f-and-b",2022-01-26 19:42:21.106,"App 1023","google"
NA,"Bank Declined App",24,1000,"single","other",600,"SG","s","employed-salary","other",2022-01-26 20:45:52.427,"App 1024","direct"
"Sales rep  F","Closed App",35,5000,"single","paying-bills",6600,"GB","ep","employed-salary","education",2022-01-26 21:49:54.482,"App 1025","valuechampion_sg"
"Sales rep  F","Loan Disbursed App",50,12000,"single","credit-card-debt",3300,"SG","s","employed-salary","building-construction",2022-01-26 22:15:50.648,"App 1026","bing"
"Sales rep  F","Expired App",24,6000,"single","credit-card-debt",2400,"SG","s","employed-salary","hospitality",2022-01-26 22:24:10.969,"App 1027","sms"
"Sales rep  F","Closed App",36,8000,"married","credit-card-debt",2200,"SG","s","employed-salary","building-construction",2022-01-26 23:02:37.908,"App 1028","facebook"
"Sales rep  F","Closed App",50,1000,"married","paying-bills",1400,"SG","s","employed-salary","retail",2022-01-27 01:14:13.584,"App 1029","sms"
NA,"Bank Declined App",39,20000,"divorced","special-occasion",3900,"SG","s","employed-salary","retail",2022-01-27 03:57:11.125,"App 1030","sms"
"Sales rep  C","Expired App",34,7000,"married","other",4000,"MY","spass-wp","employed-salary","building-construction",2022-01-28 07:51:28.774,"App 1031","direct"
"Sales rep  F","Expired App",30,32000,"single","credit-card-debt",2600,"SG","s","employed-salary","manufacturing",2022-01-27 04:56:41.475,"App 1032","l.instagram.com"
"Sales rep  F","Expired App",28,1000,"single","paying-bills",2000,"SG","s","employed-salary","education",2022-01-27 06:06:37.355,"App 1033","google"
"Sales rep  F","Expired App",39,20000,"married","debt-consolidation",3300,"PH","pr","employed-salary","f-and-b",2022-01-27 07:12:51.895,"App 1034","bing"
"Sales rep  F","Closed App",45,1e+05,"married","debt-consolidation",8500,"IN","ep","employed-salary","it-telco",2022-01-27 11:32:05.487,"App 1035","direct"
"Sales rep  F","Expired App",29,4000,"married","debt-consolidation-ff",2650,"SG","s","employed-salary","other",2022-01-27 12:04:27.189,"App 1036","direct"
"Sales rep  F","Expired App",44,8000,"single","paying-bills",4300,"SG","s","other","other",2022-01-27 13:23:58.22,"App 1037","google"
"Sales rep  F","Expired App",47,1000,"divorced","paying-bills",2500,"SG","s","employed-salary","transport",2022-01-27 12:55:52.701,"App 1038","direct"
"Sales rep  F","Expired App",27,10000,"single","credit-card-debt",3500,"SG","s","employed-salary","logistic",2022-01-27 13:08:36.711,"App 1039","sms"
"Sales rep  C","Expired App",52,30000,"married","credit-card-debt",2700,"SG","s","employed-salary","manufacturing",2022-01-27 13:42:42.446,"App 1040","facebook"
"Sales rep  I","Loan Disbursed App",50,25000,"married","debt-consolidation-ff",6500,"SG","s","self-employed","other",2022-01-27 14:11:06.419,"App 1041","wa"
"Sales rep  C","Expired App",30,20000,"divorced","home",3800,"SG","s","employed-salary","banking-finance",2022-01-27 17:50:15.403,"App 1042","google"
"Sales rep  F","Bank Declined App",27,8000,"single","debt-consolidation-ff",1800,"SG","s","employed-salary","other",2022-01-27 14:41:44.265,"App 1043","google"
"Sales rep  I","Bank Declined App",58,3000,"married","home",1400,"SG","s","employed-salary","logistic",2022-01-27 14:56:42.79,"App 1044","sms"
"Sales rep  I","Closed App",59,20000,"married","line-of-credit",1800,"SG","s","self-employed","transport",2022-01-27 15:27:39.364,"App 1045","yahoo"
"Sales rep  I","Closed App",38,5000,"married","renovation",3500,"SG","s","employed-salary","other",2022-01-27 15:29:20.149,"App 1046","e-mail"
"Sales rep  I","Closed App",38,20000,"married","other",3000,"SG","s","self-employed","education",2022-02-03 17:54:11.015,"App 1047","facebook"
"Sales rep  C","Expired App",26,20000,"married","other",3200,"SG","s","employed-salary","insurance",2022-01-27 15:34:51.952,"App 1048","google"
"Sales rep  I","Closed App",71,20000,"married","debt-consolidation",2350,"SG","s","employed-salary","other",2022-01-27 17:25:05.543,"App 1049","facebook"
"Sales rep  I","Closed App",38,30000,"divorced","renovation",3400,"SG","s","employed-salary","transport",2022-01-27 16:18:52.088,"App 1050","google"
"Sales rep  I","Closed App",32,15000,"married","debt-consolidation-ff",2400,"SG","s","employed-salary","other",2022-01-27 16:58:57.406,"App 1051","google"
"Sales rep  I","Loan Disbursed App",48,8000,"married","debt-consolidation-ff",4200,"SG","s","employed-salary","logistic",2022-01-27 16:56:45.447,"App 1052","wa"
"Sales rep  C","Expired App",20,7000,"single","vacation",2000,"SG","s","employed-salary","hospitality",2022-01-27 17:33:50.638,"App 1053","google"
"Sales rep  C","Expired App",48,235000,"married","debt-consolidation",12700,"SG","s","employed-salary","it-telco",2022-01-27 17:55:08.321,"App 1054","bing"
"Sales rep  I","Closed App",39,6000,"single","debt-consolidation-ff",5300,"SG","s","employed-salary","retail",2022-01-27 18:54:37.565,"App 1055","google"
"Sales rep  F","Closed App",48,10000,"widow","paying-bills",2400,"SG","s","self-employed","transport",2022-01-27 19:03:20.953,"App 1056","google"
"Sales rep  F","Expired App",29,9000,"married","debt-consolidation",1500,"SG","s","employed-salary","transport",2022-01-27 19:59:28.317,"App 1057","google"
"Sales rep  I","Expired App",38,10000,"married","paying-bills",2800,"SG","s","employed-salary","logistic",2022-01-27 20:10:54.191,"App 1058","facebook"
"Sales rep  I","Closed App",46,5000,"married","credit-card-debt",3318,"SG","s","employed-salary","logistic",2022-01-27 20:16:52.316,"App 1059","direct"
"Sales rep  C","Expired App",37,25000,"single","debt-consolidation-ff",3850,"SG","s","employed-salary","hospitality",2022-01-27 20:28:12.606,"App 1060","google"
"Sales rep  F","Closed App",26,1500,"single","education",3000,"SG","s","employed-salary","hospitality",2022-01-27 21:51:44.085,"App 1061","google"
"Sales rep  F","Closed App",47,20000,"married","medical",6500,"IN","pr","employed-salary","building-construction",2022-01-27 22:41:56.925,"App 1062","google"
"Sales rep  F","Expired App",35,1e+05,"single","debt-consolidation",12000,"SG","s","self-employed","insurance",2022-01-27 23:35:44.4,"App 1063","facebook"
"Sales rep  F","Bank Declined App",32,3000,"divorced","line-of-credit",2100,"MY","spass-wp","employed-contract","manufacturing",2022-01-28 01:18:33.527,"App 1064","nestia"
"Sales rep  F","Bank Declined App",29,8000,"married","debt-consolidation",2200,"SG","s","employed-salary","logistic",2022-01-28 01:27:37.924,"App 1065","facebook"
"Sales rep  F","Expired App",35,8000,"married","credit-card-debt",7150,"SG","s","employed-salary","banking-finance",2022-01-28 02:32:35.11,"App 1066","google"
"Sales rep  F","Expired App",48,12000,"married","debt-consolidation-ff",5000,"SG","s","employed-salary","manufacturing",2022-01-28 03:40:32.956,"App 1067","yahoo"
"Sales rep  F","Bank Declined App",19,20000,"single","investment",1500,"SG","s","employed-salary","f-and-b",2022-01-28 04:32:34.04,"App 1068","carousell_sg"
"Sales rep  F","Closed App",26,10000,"married","debt-consolidation",2600,"SG","s","employed-salary","logistic",2022-01-28 05:32:39.279,"App 1069","valuechampion_sg"
"Sales rep  F","Expired App",45,15000,"divorced","credit-card-debt",3000,"SG","s","employed-salary","manufacturing",2022-01-28 07:23:51.028,"App 1070","facebook"
"Sales rep  F","Expired App",36,5000,"married","paying-bills",3000,"SG","s","employed-salary","retail",2022-01-28 11:03:53.245,"App 1071","e-mail"
"Sales rep  F","Expired App",27,20000,"single","investment",2500,"SG","s","self-employed","other",2022-01-28 11:05:38.535,"App 1072","e-mail"
"Sales rep  F","Expired App",65,10000,"single","paying-bills",3200,"SG","s","employed-salary","building-construction",2022-01-28 11:22:28.777,"App 1073","e-mail"
"Sales rep  F","Bank Declined App",37,2000,"single","debt-consolidation",2000,"MY","spass-wp","employed-salary","f-and-b",2022-01-28 11:56:32.247,"App 1074","wa"
"Sales rep  F","Closed App",43,10000,"married","debt-consolidation-ff",7000,"PH","pr","employed-salary","other",2022-01-29 22:00:56.605,"App 1075","facebook"
"Sales rep  F","Expired App",29,3000,"single","other",1600,"SG","s","employed-salary","other",2022-01-28 12:51:06.49,"App 1076","facebook"
"Sales rep  F","Closed App",36,10000,"married","line-of-credit",8000,"ID","ep","employed-salary","it-telco",2022-01-28 13:14:52.351,"App 1077","e-mail"
"Sales rep  F","Expired App",30,3000,"married","other",2200,"SG","s","employed-salary","hospitality",2022-01-28 13:39:40.59,"App 1078","google"
"Sales rep  C","Expired App",30,30000,"married","paying-bills",8400,"SG","s","employed-salary","manufacturing",2022-01-28 13:40:17.488,"App 1079","e-mail"
"Sales rep  I","Loan Disbursed App",36,1000,"single","debt-consolidation-ff",2800,"MY","spass-wp","employed-salary","it-telco",2022-01-28 14:15:39.832,"App 1080","google"
"Sales rep  I","Expired App",38,5000,"married","debt-consolidation-ff",4500,"PH","pr","employed-salary","logistic",2022-01-28 14:15:35.493,"App 1081","direct"
"Sales rep  I","Expired App",45,10000,"married","debt-consolidation-ff",4300,"SG","s","employed-salary","manufacturing",2022-01-28 14:20:59.512,"App 1082","e-mail"
"Sales rep  I","Closed App",57,3000,"married","credit-card-debt",1000,"SG","s","other","building-construction",2022-01-28 14:28:55.718,"App 1083","facebook"
"Sales rep  I","Expired App",36,2000,"single","paying-bills",2000,"SG","s","employed-salary","f-and-b",2022-01-28 14:28:56.041,"App 1084","wa"
"Sales rep  C","Loan Disbursed App",32,12000,"married","debt-consolidation",4000,"SG","s","employed-salary","logistic",2022-01-28 14:35:05.718,"App 1085","google"
"Sales rep  I","Loan Disbursed App",34,10000,"married","debt-consolidation-ff",3900,"SG","s","employed-salary","other",2022-01-28 14:44:10.223,"App 1086","e-mail"
"Sales rep  C","Expired App",28,5000,"married","paying-bills",3300,"SG","s","employed-salary","building-construction",2022-01-28 14:47:01.758,"App 1087","valuechampion_sg"
"Sales rep  C","Expired App",31,4000,"single","paying-bills",2500,"SG","s","self-employed","other",2022-01-28 14:58:32.159,"App 1088","google"
"Sales rep  I","Closed App",61,50000,"married","other",8000,"SG","s","self-employed","it-telco",2022-01-28 14:59:45.493,"App 1089","carousell_sg"
"Sales rep  F","Loan Disbursed App",35,6000,"single","credit-card-debt",4876,"IN","spass-wp","employed-salary","logistic",2022-01-28 15:03:10.516,"App 1090","google"
"Sales rep  F","Expired App",25,10000,"married","renovation",2200,"SG","s","employed-salary","government",2022-01-28 15:15:57.428,"App 1091","facebook"
"Sales rep  I","Closed App",53,25000,"married","paying-bills",15000,"IN","pr","employed-salary","it-telco",2022-01-28 16:01:15.345,"App 1092","google"
"Sales rep  F","Expired App",62,10000,"married","credit-card-debt",2500,"SG","s","employed-salary","government",2022-01-28 16:21:12.881,"App 1093","facebook"
"Sales rep  I","Loan Disbursed App",29,4000,"single","debt-consolidation-ff",2790,"SG","s","employed-salary","hospitality",2022-01-28 16:24:03.822,"App 1094","google"
"Sales rep  I","Closed App",25,5000,"married","special-occasion",2500,"SG","s","employed-salary","other",2022-01-28 16:37:18.634,"App 1095","facebook"
"Sales rep  F","Expired App",57,20000,"divorced","other",3600,"SG","s","self-employed","transport",2022-01-28 16:48:33.055,"App 1096","e-mail"
"Sales rep  C","Expired App",33,1000,"single","debt-consolidation-ff",1900,"SG","s","employed-salary","logistic",2022-01-28 16:58:27.701,"App 1097","google"
"Sales rep  I","Closed App",29,3000,"single","debt-consolidation-ff",2000,"MY","spass-wp","employed-salary","f-and-b",2022-01-28 17:14:13.646,"App 1098","nestia"
"Sales rep  C","Expired App",43,5000,"married","debt-consolidation",3180,"SG","s","employed-salary","building-construction",2022-01-28 18:05:26.769,"App 1099","wa"
"Sales rep  I","Expired App",40,10000,"married","car",5000,"SG","s","employed-salary","transport",2022-01-28 19:50:42.259,"App 1100","direct"
"Sales rep  C","Expired App",34,3000,"married","paying-bills",1400,"SG","s","employed-salary","building-construction",2022-01-28 20:00:06.035,"App 1101","direct"
"Sales rep  I","Closed App",41,15000,"divorced","other",2800,"SG","s","employed-salary","f-and-b",2022-01-28 20:22:56.382,"App 1102","google"
"Sales rep  I","Closed App",37,3000,"married","debt-consolidation-ff",3280,"SG","s","employed-salary","other",2022-01-28 21:58:40.029,"App 1103","direct"
"Sales rep  C","Expired App",38,20000,"married","home",5000,"PH","spass-wp","employed-salary","other",2022-01-28 23:03:13.095,"App 1104","e-mail"
"Sales rep  I","Expired App",54,1000,"single","special-occasion",2000,"SG","s","employed-salary","f-and-b",2022-01-29 00:31:15.349,"App 1105","wa"
"Sales rep  F","Loan Disbursed App",36,5000,"married","other",1829,"MY","spass-wp","employed-salary","retail",2022-01-29 16:34:55.319,"App 1106","facebook"
"Sales rep  I","Loan Disbursed App",26,8000,"single","paying-bills",4900,"SG","s","employed-salary","it-telco",2022-01-29 02:06:09.8,"App 1107","google"
"Sales rep  I","Expired App",36,4000,"married","renovation",2200,"SG","s","employed-salary","hospitality",2022-01-29 02:50:52.925,"App 1108","wa"
"Sales rep  C","Expired App",34,1000,"married","medical",4500,"IN","spass-wp","employed-salary","building-construction",2022-01-29 02:55:32.703,"App 1109","valuechampion_sg"
"Sales rep  I","Expired App",26,20000,"single","debt-consolidation",2600,"SG","s","employed-salary","other",2022-01-29 07:32:22.052,"App 1110","valuechampion_sg"
"Sales rep  I","Closed App",43,1000,"divorced","debt-consolidation-ff",2680,"SG","s","other","logistic",2022-01-29 11:30:16.434,"App 1111","facebook"
"Sales rep  I","Expired App",23,2100,"single","paying-bills",1900,"SG","s","employed-salary","manufacturing",2022-01-29 12:22:25.048,"App 1112","e-mail"
"Sales rep  I","Closed App",34,2000,"married","debt-consolidation-ff",3240,"IN","spass-wp","employed-salary","manufacturing",2022-01-29 12:34:03.202,"App 1113","valuechampion_sg"
"Sales rep  I","Closed App",34,10000,"single","special-occasion",3000,"SG","s","self-employed","f-and-b",2022-01-29 13:58:55.685,"App 1114","direct"
"Sales rep  F","Expired App",39,40000,"married","debt-consolidation",3700,"SG","s","employed-salary","education",2022-01-31 18:00:47.257,"App 1115","facebook"
"Sales rep  I","Expired App",28,8000,"single","debt-consolidation",2200,"SG","s","employed-salary","other",2022-01-29 14:36:59.335,"App 1116","google"
"Sales rep  F","Expired App",33,20000,"married","debt-consolidation-ff",4000,"SG","s","employed-salary","other",2022-01-29 14:50:26.061,"App 1117","facebook"
"Sales rep  I","Loan Disbursed App",26,10000,"single","business-expansion",3000,"SG","s","self-employed","other",2022-01-29 15:05:06.802,"App 1118","google"
"Sales rep  F","Loan Disbursed App",30,19000,"single","paying-bills",8000,"SG","s","employed-salary","banking-finance",2022-01-29 15:53:45.408,"App 1119","google"
"Sales rep  F","Bank Declined App",28,18000,"single","investment",1500,"MY","spass-wp","employed-salary","other",2022-01-29 16:35:40.686,"App 1120","direct"
"Sales rep  F","Bank Declined App",41,30000,"married","debt-consolidation",4350,"PH","pr","employed-salary","f-and-b",2022-01-29 16:08:22.381,"App 1121","facebook"
"Sales rep  F","Expired App",38,20000,"married","home",2655,"PH","pr","employed-salary","other",2022-01-29 16:41:34.193,"App 1122","e-mail"
"Sales rep  F","Closed App",39,20000,"married","debt-consolidation-ff",3735,"MY","pr","employed-salary","manufacturing",2022-01-29 16:22:45.215,"App 1123","facebook"
"Sales rep  I","Loan Disbursed App",53,10000,"divorced","debt-consolidation-ff",2600,"SG","s","employed-salary","hospitality",2022-01-29 16:57:19.314,"App 1124","valuechampion_sg"
"Sales rep  F","Loan Disbursed App",32,20000,"married","debt-consolidation-ff",2100,"SG","s","employed-salary","logistic",2022-01-29 16:56:02.734,"App 1125","direct"
"Sales rep  F","Expired App",52,9000,"married","credit-card-debt",17300,"SG","s","employed-salary","it-telco",2022-01-29 17:09:53.459,"App 1126","google"
"Sales rep  F","Closed App",29,8000,"married","debt-consolidation",4000,"SG","s","employed-salary","manufacturing",2022-01-29 17:54:56.05,"App 1127","google"
"Sales rep  F","Closed App",26,1000,"married","hobbies",2000,"SG","s","employed-salary","transport",2022-01-29 18:17:09.775,"App 1128","facebook"
"Sales rep  F","Expired App",43,20000,"single","debt-consolidation",3700,"SG","s","employed-salary","manufacturing",2022-01-29 18:20:12.709,"App 1129","wa"
"Sales rep  F","Closed App",37,6000,"married","wedding",2800,"MY","spass-wp","employed-salary","retail",2022-01-29 18:36:25.192,"App 1130","direct"
"Sales rep  F","Loan Disbursed App",57,10000,"single","business-expansion",3000,"SG","s","self-employed","other",2022-01-29 18:45:33.943,"App 1131","google"
"Sales rep  C","Expired App",35,2000,"married","home",2850,"SG","s","employed-salary","logistic",2022-01-29 18:47:31.578,"App 1132","google"
"Sales rep  C","Expired App",56,2000,"single","debt-consolidation-ff",1450,"SG","s","employed-salary","other",2022-01-29 19:13:39.793,"App 1133","nestia"
"Sales rep  F","Loan Disbursed App",33,1500,"single","debt-consolidation-ff",2200,"MY","spass-wp","employed-salary","manufacturing",2022-01-29 19:24:04.537,"App 1134","wa"
"Sales rep  F","Closed App",66,20000,"married","business-expansion",1400,"SG","s","employed-salary","building-construction",2022-01-29 19:43:32.156,"App 1135","nestia"
"Sales rep  F","Expired App",38,30000,"married","renovation",5020,"SG","s","employed-salary","manufacturing",2022-01-29 20:58:14.364,"App 1136","facebook"
"Sales rep  F","Closed App",32,10000,"married","debt-consolidation",2760,"SG","s","employed-contract","manufacturing",2022-01-29 21:16:46.843,"App 1137","l.instagram.com"
"Sales rep  F","Closed App",39,3000,"divorced","paying-bills",2500,"SG","s","employed-salary","it-telco",2022-01-29 21:35:16.333,"App 1138","direct"
"Sales rep  F","Closed App",43,20000,"divorced","car",3900,"SG","s","employed-salary","other",2022-01-29 21:33:35.414,"App 1139","google"
"Sales rep  C","Bank Declined App",24,10000,"single","other",2500,"MY","spass-wp","employed-salary","government",2022-01-29 22:04:03.973,"App 1140","wa"
"Sales rep  C","Expired App",48,3500,"single","paying-bills",2000,"SG","s","employed-salary","f-and-b",2022-01-29 22:14:50.135,"App 1141","google"
"Sales rep  I","Closed App",40,25000,"single","renovation",2000,"SG","s","employed-salary","manufacturing",2022-01-30 20:15:32.449,"App 1142","valuechampion_sg"
"Sales rep  I","Expired App",38,50000,"single","renovation",7175,"SG","s","employed-salary","manufacturing",2022-01-29 22:37:02.749,"App 1143","facebook"
"Sales rep  I","Bank Declined App",22,2000,"single","home",1250,"MY","spass-wp","employed-salary","other",2022-01-30 02:55:36.544,"App 1144","facebook"
"Sales rep  I","Closed App",34,50000,"married","renovation",1500,"SG","s","self-employed","other",2022-01-30 02:18:23.602,"App 1145","facebook"
"Sales rep  C","Expired App",34,1e+05,"single","business-expansion",3500,"MY","spass-wp","employed-salary","other",2022-01-30 03:20:19.926,"App 1146","facebook"
"Sales rep  C","Expired App",44,42000,"married","investment",12900,"SG","s","employed-salary","other",2022-01-30 03:38:49.671,"App 1147","bing"
"Sales rep  I","Closed App",32,20000,"married","home",5000,"SG","s","employed-salary","banking-finance",2022-01-30 04:05:15.974,"App 1148","wa"
"Sales rep  I","Expired App",36,11000,"married","renovation",2500,"SG","s","employed-salary","other",2022-01-30 04:35:13.548,"App 1149","direct"
"Sales rep  C","Expired App",38,20000,"married","business-expansion",3000,"SG","s","self-employed","f-and-b",2022-01-30 05:02:43.882,"App 1150","carousell_sg"
"Sales rep  C","Expired App",27,5500,"married","other",2800,"SG","s","employed-salary","transport",2022-01-30 09:15:40.659,"App 1151","facebook"
"Sales rep  I","Loan Disbursed App",42,20000,"married","debt-consolidation",5419,"SG","s","employed-salary","it-telco",2022-01-30 10:40:34.804,"App 1152","wa"
"Sales rep  I","Loan Disbursed App",52,20000,"married","renovation",4500,"SG","s","employed-salary","building-construction",2022-01-30 10:59:38.024,"App 1153","facebook"
"Sales rep  C","Expired App",35,6000,"married","home",1400,"TH","pr","employed-salary","f-and-b",2022-01-30 10:58:50.941,"App 1154","facebook"
"Sales rep  I","Closed App",36,20000,"married","debt-consolidation",1800,"SG","s","employed-salary","retail",2022-01-30 12:31:03.187,"App 1155","l.facebook.com"
"Sales rep  I","Expired App",27,2500,"married","other",1800,"SG","s","employed-salary","building-construction",2022-01-30 14:21:34.374,"App 1156","facebook"
"Sales rep  C","Expired App",25,10000,"single","home",1800,"SG","s","employed-salary","retail",2022-01-30 13:56:13.554,"App 1157","nestia"
"Sales rep  I","Expired App",65,5000,"married","debt-consolidation-ff",4500,"SG","s","self-employed","transport",2022-01-30 15:28:08.748,"App 1158","facebook"
"Sales rep  I","Closed App",31,10000,"single","debt-consolidation-ff",3200,"SG","s","employed-salary","other",2022-01-30 15:37:39.68,"App 1159","facebook"
"Sales rep  I","Loan Disbursed App",39,15000,"married","other",8000,"IN","ep","employed-salary","f-and-b",2022-01-30 15:49:10.593,"App 1160","google"
"Sales rep  C","Expired App",25,20000,"single","wedding",2500,"SG","s","employed-salary","government",2022-01-30 15:53:04.556,"App 1161","facebook"
"Sales rep  I","Closed App",29,5000,"married","home",2450,"SG","s","employed-salary","other",2022-01-30 15:56:25.346,"App 1162","carousell_sg"
"Sales rep  I","Loan Disbursed App",30,5000,"married","home",4000,"SG","s","employed-salary","government",2022-01-30 16:47:18.243,"App 1163","direct"
"Sales rep  C","Expired App",29,3000,"married","paying-bills",1400,"SG","s","employed-salary","other",2022-01-30 17:00:25.366,"App 1164","l.facebook.com"
"Sales rep  C","Closed App",41,40000,"single","debt-consolidation-ff",3175,"SG","s","employed-salary","education",2022-01-30 17:57:58.497,"App 1165","google"
"Sales rep  C","Expired App",41,70000,"married","other",3500,"ID","pr","self-employed","logistic",2022-01-30 19:40:31.645,"App 1166","facebook"
"Sales rep  C","Expired App",37,1000,"married","debt-consolidation-ff",3000,"SG","s","employed-salary","government",2022-01-30 19:19:09.95,"App 1167","facebook"
"Sales rep  C","Expired App",41,25000,"married","other",3500,"SG","s","employed-salary","transport",2022-01-30 20:57:01.293,"App 1168","google"
"Sales rep  C","Expired App",35,10000,"single","paying-bills",4500,"SG","s","self-employed","other",2022-01-30 21:08:47.141,"App 1169","valuechampion_sg"
"Sales rep  C","Loan Disbursed App",38,10000,"married","paying-bills",6560,"SG","s","employed-salary","education",2022-01-30 21:07:18.454,"App 1170","google"
"Sales rep  C","Expired App",24,1e+05,"single","education",4975,"SG","s","employed-salary","other",2022-01-30 22:08:42.96,"App 1171","google"
"Sales rep  C","Loan Disbursed App",28,30000,"single","debt-consolidation-ff",3000,"MY","pr","self-employed","transport",2022-01-31 00:01:31.274,"App 1172","facebook"
"Sales rep  C","Expired App",35,15000,"single","renovation",4200,"SG","s","employed-salary","it-telco",2022-01-31 00:12:06.246,"App 1173","direct"
"Sales rep  C","Expired App",27,40000,"single","debt-consolidation",3000,"SG","s","employed-salary","other",2022-01-31 00:29:48.865,"App 1174","facebook"
"Sales rep  C","Closed App",44,13000,"single","home",3200,"SG","s","employed-salary","logistic",2022-01-31 00:52:20.95,"App 1175","facebook"
"Sales rep  C","Closed App",38,10000,"married","debt-consolidation",2400,"SG","s","employed-salary","transport",2022-01-31 01:07:21.42,"App 1176","valuechampion_sg"
"Sales rep  C","Loan Disbursed App",26,20000,"divorced","home",1700,"SG","s","employed-salary","other",2022-01-31 01:59:35.521,"App 1177","carousell_sg"
"Sales rep  C","Expired App",24,10000,"single","paying-bills",4000,"MY","pr","self-employed","f-and-b",2022-01-31 03:12:09.985,"App 1178","carousell_sg"
"Sales rep  F","Loan Disbursed App",26,41000,"single","credit-card-debt",3000,"SG","s","employed-salary","it-telco",2022-01-31 03:29:53.755,"App 1179","google"
"Sales rep  C","Bank Declined App",38,6000,"widow","medical",2100,"PH","spass-wp","employed-salary","other",2022-01-31 11:29:10.666,"App 1180","valuechampion_sg"
"Sales rep  C","Expired App",23,3000,"single","other",2000,"MY","spass-wp","employed-salary","government",2022-01-31 07:06:21.149,"App 1181","google"
"Sales rep  C","Expired App",25,20000,"single","other",2700,"SG","s","employed-salary","f-and-b",2022-01-31 18:31:22.31,"App 1182","carousell_sg"
"Sales rep  C","Expired App",40,8000,"married","debt-consolidation-ff",3250,"SG","s","employed-salary","other",2022-01-31 10:59:22.682,"App 1183","e-mail"
"Sales rep  C","Expired App",52,5000,"married","debt-consolidation",2000,"SG","s","self-employed","logistic",2022-01-31 11:38:46.263,"App 1184","google"
"Sales rep  F","Loan Disbursed App",31,6000,"single","paying-bills",6000,"PH","spass-wp","employed-salary","it-telco",2022-01-31 12:03:56.571,"App 1185","google"
"Sales rep  C","Closed App",52,6000,"married","paying-bills",3500,"SG","s","employed-salary","transport",2022-02-04 19:21:22.578,"App 1186","sms"
"Sales rep  C","Expired App",39,4000,"married","debt-consolidation",3800,"MY","spass-wp","employed-salary","building-construction",2022-01-31 12:17:20.336,"App 1187","google"
"Sales rep  F","Loan Disbursed App",39,6000,"married","renovation",2860,"MY","pr","employed-salary","hospitality",2022-01-31 13:18:44.776,"App 1188","google"
"Sales rep  C","Loan Disbursed App",53,20000,"divorced","debt-consolidation-ff",2800,"SG","s","employed-salary","hospitality",2022-01-31 13:45:31.412,"App 1189","direct"
"Sales rep  I","Loan Disbursed App",44,3000,"divorced","renovation",2220,"SG","s","employed-salary","education",2022-01-31 13:54:22.233,"App 1190","wa"
"Sales rep  F","Expired App",54,20000,"married","other",8000,"SG","s","employed-salary","manufacturing",2022-01-31 14:01:16.007,"App 1191","facebook"
"Sales rep  C","Bank Declined App",29,9000,"married","debt-consolidation-ff",2500,"CN","spass-wp","employed-salary","manufacturing",2022-01-31 14:31:31.311,"App 1192","nestia"
"Sales rep  I","Closed App",40,20000,"married","renovation",3500,"SG","s","employed-salary","transport",2022-01-31 14:39:11.711,"App 1193","direct"
"Sales rep  F","Expired App",23,2100,"single","paying-bills",2200,"SG","s","employed-salary","f-and-b",2022-01-31 15:15:15.66,"App 1194","google"
"Sales rep  C","Loan Disbursed App",44,30000,"married","education",33000,"AU","ep","employed-salary","other",2022-01-31 17:04:30.715,"App 1195","e-mail"
"Sales rep  C","Expired App",59,30000,"married","business-expansion",8000,"CN","ep","self-employed","other",2022-01-31 17:13:50.307,"App 1196","bing"
"Sales rep  C","Closed App",31,20000,"single","debt-consolidation",4000,"SG","s","employed-salary","other",2022-01-31 17:30:41.841,"App 1197","google"
"Sales rep  C","Expired App",30,10000,"married","home",1500,"SG","s","employed-salary","other",2022-01-31 17:30:43.952,"App 1198","facebook"
"Sales rep  C","Expired App",36,20000,"married","debt-consolidation",1100,"SG","s","employed-salary","retail",2022-01-31 18:14:18.196,"App 1199","e-mail"
"Sales rep  C","Expired App",52,6000,"single","debt-consolidation",2200,"SG","s","employed-salary","building-construction",2022-01-31 19:31:03.382,"App 1200","google"
"Sales rep  C","Expired App",22,3000,"single","paying-bills",1750,"SG","s","employed-salary","other",2022-01-31 21:38:36.844,"App 1201","facebook"
"Sales rep  I","Expired App",54,6000,"married","debt-consolidation-ff",2400,"SG","s","employed-salary","other",2022-02-16 00:32:55.355,"App 1202","l.facebook.com"
"Sales rep  F","Closed App",31,30000,"single","business-expansion",7000,"SG","s","self-employed","insurance",2022-02-01 00:40:36.407,"App 1203","facebook"
"Sales rep  C","Expired App",24,20000,"single","debt-consolidation",3200,"SG","s","employed-salary","other",2022-02-01 03:24:42.889,"App 1204","google"
"Sales rep  I","Closed App",35,5000,"married","debt-consolidation",28000,"SG","s","employed-salary","f-and-b",2022-02-01 04:26:34.962,"App 1205","google"
"Sales rep  C","Expired App",31,20000,"single","investment",7000,"SG","s","employed-salary","insurance",2022-02-01 05:17:25.412,"App 1206","facebook"
"Sales rep  C","Loan Disbursed App",29,50000,"married","business-expansion",5000,"SG","s","self-employed","other",2022-02-01 06:11:25.206,"App 1207","valuechampion_sg"
"Sales rep  C","Closed App",38,250000,"married","renovation",1100,"SG","s","other","other",2022-02-01 06:21:02.923,"App 1208","facebook"
"Sales rep  C","Expired App",23,10000,"single","debt-consolidation-ff",2500,"SG","s","employed-salary","banking-finance",2022-02-01 07:50:16.952,"App 1209","google"
"Sales rep  C","Loan Disbursed App",36,25000,"single","wedding",2500,"SG","s","employed-salary","education",2022-02-01 13:22:27.664,"App 1210","direct"
"Sales rep  C","Expired App",46,5000,"married","vacation",5000,"SG","s","employed-contract","retail",2022-02-01 21:13:51.45,"App 1211","nestia"
"Sales rep  F","Closed App",47,10000,"divorced","home",1750,"SG","s","employed-salary","other",2022-02-01 16:05:54.499,"App 1212","nestia"
"Sales rep  C","Expired App",53,40000,"married","other",4960,"IN","pr","employed-salary","manufacturing",2022-02-01 16:31:03.338,"App 1213","nestia"
"Sales rep  C","Expired App",34,50000,"single","debt-consolidation",4500,"SG","s","employed-salary","manufacturing",2022-02-01 16:09:46.539,"App 1214","nestia"
"Sales rep  C","Expired App",59,80000,"married","other",2920,"SG","s","employed-salary","other",2022-02-01 16:20:52.367,"App 1215","nestia"
"Sales rep  C","Expired App",25,15000,"single","debt-consolidation",2430,"MY","spass-wp","employed-salary","other",2022-02-01 17:02:26.485,"App 1216","nestia"
"Sales rep  C","Expired App",28,5000,"single","debt-consolidation-ff",2800,"MY","spass-wp","employed-salary","f-and-b",2022-02-01 16:47:33.155,"App 1217","nestia"
"Sales rep  F","Closed App",31,1000,"married","education",3810,"SG","s","employed-salary","building-construction",2022-02-01 16:56:58.199,"App 1218","google"
"Sales rep  C","Expired App",45,20000,"single","debt-consolidation",4000,"SG","s","employed-salary","other",2022-02-01 17:51:43.565,"App 1219","google"
"Sales rep  F","Expired App",37,2000,"married","paying-bills",2670,"SG","s","employed-salary","hospitality",2022-02-01 20:41:52.774,"App 1220","e-mail"
"Sales rep  I","Closed App",52,2000,"married","paying-bills",2000,"SG","s","employed-salary","other",2022-02-02 01:57:05.927,"App 1221","sms"
"Sales rep  C","Expired App",21,20000,"single","home",1600,"SG","s","employed-salary","f-and-b",2022-02-01 23:40:31.95,"App 1222","facebook"
"Sales rep  F","Closed App",42,10000,"divorced","investment",6500,"SG","s","employed-salary","f-and-b",2022-02-01 23:44:32.367,"App 1223","google"
"Sales rep  F","Expired App",35,30000,"married","credit-card-debt",9500,"IN","ep","employed-salary","it-telco",2022-02-02 01:17:02.571,"App 1224","valuechampion_sg"
"Sales rep  F","Closed App",44,60000,"single","wedding",3000,"SG","s","self-employed","other",2022-02-02 02:35:58.385,"App 1225","bing"
"Sales rep  F","Expired App",29,50000,"single","home",3200,"SG","s","employed-salary","government",2022-02-02 04:44:11.156,"App 1226","facebook"
"Sales rep  C","Expired App",25,1000,"married","debt-consolidation-ff",58000,"ID","spass-wp","employed-contract","f-and-b",2022-02-02 04:48:19.887,"App 1227","nestia"
"Sales rep  F","Bank Declined App",37,10000,"single","line-of-credit",5000,"PH","spass-wp","employed-salary","other",2022-02-02 07:58:17.203,"App 1228","yahoo"
"Sales rep  F","Closed App",40,5000,"married","home",16500,"IN","ep","employed-salary","it-telco",2022-02-02 12:47:12.219,"App 1229","direct"
"Sales rep  F","Bank Declined App",58,5000,"married","debt-consolidation-ff",3200,"SG","s","employed-salary","other",2022-02-02 12:49:30.451,"App 1230","google"
"Sales rep  F","Closed App",41,30000,"single","debt-consolidation-ff",3400,"SG","s","employed-salary","government",2022-02-02 17:24:31.383,"App 1231","facebook"
"Sales rep  F","Closed App",75,14000,"married","renovation",2000,"SG","s","retired",NA,2022-02-02 18:04:54.606,"App 1232","direct"
"Sales rep  F","Expired App",34,10000,"divorced","other",3000,"SG","s","employed-salary","other",2022-02-02 18:04:47.259,"App 1233","e-mail"
"Sales rep  C","Loan Disbursed App",41,5000,"single","debt-consolidation-ff",2000,"SG","s","employed-salary","hospitality",2022-02-03 17:45:12.346,"App 1234","wa"
"Sales rep  F","Expired App",44,50000,"married","line-of-credit",12500,"SG","s","self-employed","other",2022-02-02 18:48:45.577,"App 1235","facebook"
"Sales rep  F","Expired App",32,25000,"single","wedding",2500,"SG","s","employed-salary","logistic",2022-02-02 19:19:43.805,"App 1236","direct"
"Sales rep  F","Closed App",46,2000,"married","paying-bills",1400,"SG","s","employed-salary","f-and-b",2022-02-02 19:23:30.929,"App 1237","facebook"
"Sales rep  F","Bank Declined App",48,1000,"single","debt-consolidation",1900,"SG","s","employed-salary","f-and-b",2022-02-02 20:09:33.417,"App 1238","wa"
"Sales rep  F","Closed App",44,10000,"married","renovation",2000,"SG","s","employed-salary","other",2022-02-02 20:25:00.811,"App 1239","wa"
"Sales rep  F","Closed App",32,20000,"single","investment",3000,"SG","s","self-employed","f-and-b",2022-02-03 22:37:20.752,"App 1240","nestia"
"Sales rep  I","Expired App",33,16000,"married","home",2000,"SG","s","employed-salary","education",2022-02-16 16:18:15.518,"App 1241","wa"
"Sales rep  F","Loan Disbursed App",34,2500,"single","paying-bills",3500,"SG","s","employed-salary","other",2022-02-02 23:17:59.166,"App 1242","e-mail"
"Sales rep  F","Closed App",25,3000,"single","other",2000,"CN","spass-wp","employed-salary","manufacturing",2022-02-03 01:09:41.801,"App 1243","nestia"
"Sales rep  F","Closed App",43,1000,"single","debt-consolidation-ff",2500,"SG","s","employed-salary","f-and-b",2022-02-03 03:16:49.541,"App 1244","e-mail"
"Sales rep  I","Bank Declined App",24,20000,"married","debt-consolidation",1000,"SG","pr","self-employed","logistic",2022-02-03 03:52:31.508,"App 1245","direct"
"Sales rep  I","Closed App",34,3000,"single","paying-bills",3500,"SG","s","employed-salary","it-telco",2022-02-03 06:52:40.363,"App 1246","google"
"Sales rep  I","Closed App",51,30000,"divorced","debt-consolidation",3500,"SG","s","employed-salary","building-construction",2022-02-03 07:17:35.774,"App 1247","facebook"
"Sales rep  C","Expired App",41,31000,"married","renovation",6500,"SG","s","employed-salary","other",2022-02-03 08:32:25.606,"App 1248","google"
"Sales rep  I","Loan Disbursed App",44,50000,"divorced","debt-consolidation",8000,"SG","s","employed-salary","education",2022-02-03 09:13:13.307,"App 1249","direct"
"Sales rep  I","Bank Declined App",71,4000,"married","home",1300,"SG","s","employed-salary","other",2022-02-03 10:09:37.061,"App 1250","facebook"
"Sales rep  I","Bank Declined App",29,50000,"single","credit-card-debt",1500,"SG","s","employed-salary","logistic",2022-02-03 11:27:48.414,"App 1251","facebook"
"Sales rep  I","Loan Disbursed App",24,10000,"single","debt-consolidation-ff",1500,"SG","s","employed-salary","logistic",2022-02-03 11:57:42.833,"App 1252","direct"
"Sales rep  I","Expired App",49,3000,"widow","line-of-credit",3200,"SG","s","employed-salary","building-construction",2022-02-03 12:40:58.809,"App 1253","google"
"Sales rep  I","Loan Disbursed App",39,3000,"single","other",3400,"SG","s","employed-salary","building-construction",2022-02-03 12:45:56.421,"App 1254","l.facebook.com"
"Sales rep  I","Closed App",26,12000,"single","home",7600,"SG","s","employed-salary","other",2022-02-03 13:09:44.61,"App 1255","direct"
"Sales rep  I","Expired App",30,12000,"single","wedding",3200,"SG","s","employed-salary","building-construction",2022-02-03 13:58:13.387,"App 1256","wa"
"Sales rep  F","Closed App",28,6000,"single","home",3300,"MY","spass-wp","employed-salary","hospitality",2022-02-03 13:44:09.156,"App 1257","duplicate"
"Sales rep  F","Loan Disbursed App",36,6000,"married","other",2200,"SG","s","employed-salary","building-construction",2022-02-03 14:05:26.715,"App 1258","duplicate"
"Sales rep  I","Closed App",37,16000,"married","debt-consolidation",2800,"SG","s","employed-salary","building-construction",2022-02-03 14:11:11.697,"App 1259","google"
"Sales rep  I","Closed App",34,2500,"married","home",3600,"SG","s","employed-salary","other",2022-02-03 14:30:06.083,"App 1260","google"
NA,"Closed App",34,2500,"married","home",3600,"SG","s","employed-salary","other",2022-02-03 14:34:08.464,"App 1261","direct"
"Sales rep  C","Loan Disbursed App",32,1000,"single","line-of-credit",2500,"ID","pr","employed-salary","it-telco",2022-02-03 15:00:52.532,"App 1262","direct"
"Sales rep  C","Loan Disbursed App",39,10000,"married","debt-consolidation-ff",4500,"SG","s","employed-salary","f-and-b",2022-02-03 15:20:28.966,"App 1263","google"
"Sales rep  I","Expired App",23,1000,"single","other",1500,"SG","s","employed-salary","government",2022-02-03 15:34:05.179,"App 1264","google"
"Sales rep  I","Closed App",39,5000,"married","paying-bills",2678,"SG","s","employed-salary","other",2022-02-03 15:45:49.314,"App 1265","direct"
"Sales rep  F","Loan Disbursed App",36,5000,"single","medical",3000,"SG","s","self-employed","transport",2022-02-03 15:47:18.513,"App 1266","l.facebook.com"
"Sales rep  I","Expired App",40,15000,"single","renovation",3100,"PH","spass-wp","other","other",2022-02-03 16:24:37.643,"App 1267","direct"
"Sales rep  I","Closed App",34,3000,"married","medical",4000,"SG","s","employed-salary","building-construction",2022-02-03 17:26:34.487,"App 1268","google"
"Sales rep  I","Expired App",39,5000,"single","paying-bills",5085,"SG","s","employed-salary","insurance",2022-02-03 18:50:39.234,"App 1269","google"
"Sales rep  C","Loan Disbursed App",67,20000,"married","business-expansion",6000,"IN","pr","employed-salary","it-telco",2022-02-03 18:32:03.38,"App 1270","facebook"
"Sales rep  F","Expired App",39,8000,"single","medical",4500,"SG","s","employed-contract","logistic",2022-02-03 18:58:06.36,"App 1271","google"
"Sales rep  I","Expired App",41,6000,"married","paying-bills",5200,"SG","spass-wp","employed-salary","other",2022-02-03 19:03:09.378,"App 1272","google"
"Sales rep  C","Expired App",39,1e+05,"married","investment",4200,"SG","s","employed-salary","manufacturing",2022-02-03 19:09:38.196,"App 1273","bing"
NA,"Closed App",74,20000,"widow","paying-bills",4000,"SG","s","self-employed","other",2022-02-03 23:15:08.664,"App 1274","duplicate"
"Sales rep  F","Bank Declined App",29,10000,"single","home",3000,"IN","spass-wp","employed-salary","f-and-b",2022-02-03 19:58:13.522,"App 1275","valuechampion_sg"
"Sales rep  F","Closed App",29,25000,"single","business-expansion",2500,"SG","s","self-employed","transport",2022-02-03 20:18:54.909,"App 1276","facebook"
"Sales rep  C","Expired App",31,7000,"divorced","debt-consolidation-ff",5000,"SG","s","employed-salary","other",2022-02-03 20:26:56.934,"App 1277","google"
"Sales rep  F","Bank Declined App",60,5000,"married","debt-consolidation-ff",1200,"SG","s","self-employed","other",2022-02-15 16:46:42.226,"App 1278","facebook"
"Sales rep  F","Loan Disbursed App",51,5000,"married","debt-consolidation-ff",5000,"SG","s","employed-salary","manufacturing",2022-02-03 21:07:48.021,"App 1279","wa"
"Sales rep  C","Expired App",32,70000,"married","debt-consolidation",3200,"SG","s","employed-salary","it-telco",2022-02-03 23:00:50.039,"App 1280","direct"
"Sales rep  F","Loan Disbursed App",25,20000,"single","other",4000,"SG","s","employed-salary","government",2022-02-03 22:21:36.904,"App 1281","direct"
"Sales rep  C","Closed App",44,2e+05,"married","credit-card-debt",10000,"SG","s","employed-salary","other",2022-02-03 22:25:03.991,"App 1282","bing"
"Sales rep  F","Expired App",61,40000,"married","business-expansion",6000,"SG","s","self-employed","transport",2022-02-03 22:33:35.231,"App 1283","e-mail"
"Sales rep  F","Bank Declined App",28,7000,"married","debt-consolidation-ff",2400,"SG","s","employed-salary","government",2022-02-03 23:09:29.481,"App 1284","google"
"Sales rep  F","Closed App",32,50000,"single","credit-card-debt",1600,"SG","s","self-employed","transport",2022-02-03 23:34:36.414,"App 1285","google"
"Sales rep  F","Expired App",34,40000,"married","debt-consolidation",5200,"MY","pr","employed-salary","banking-finance",2022-02-03 23:59:00.467,"App 1286","facebook"
"Sales rep  F","Closed App",44,50000,"married","other",5000,"MY","pr","self-employed","other",2022-02-04 00:52:12.605,"App 1287","facebook"
"Sales rep  C","Expired App",39,10000,"married","paying-bills",1200,"SG","s","employed-salary","f-and-b",2022-02-04 01:04:00.598,"App 1288","google"
"Sales rep  C","Expired App",35,3000,"married","vacation",3100,"PH","spass-wp","employed-salary","other",2022-02-04 01:05:34.244,"App 1289","e-mail"
"Sales rep  C","Expired App",22,2000,"single","wedding",1400,"SG","s","employed-contract","transport",2022-02-04 01:40:34.407,"App 1290","wa"
"Sales rep  C","Expired App",26,5000,"single","debt-consolidation-ff",2200,"PH","spass-wp","employed-salary","building-construction",2022-02-04 01:57:02.643,"App 1291","valuechampion_sg"
"Sales rep  C","Closed App",34,12000,"married","business-expansion",4185,"SG","s","employed-salary","other",2022-02-04 04:19:38.997,"App 1292","direct"
"Sales rep  C","Expired App",34,1000,"single","line-of-credit",2500,"SG","s","self-employed","other",2022-02-04 05:19:30.617,"App 1293","l.facebook.com"
"Sales rep  F","Bank Declined App",27,10000,"widow","special-occasion",1460,"SG","s","employed-salary","government",2022-02-05 11:05:32.618,"App 1294","facebook"
"Sales rep  C","Expired App",33,5000,"married","debt-consolidation",5240,"SG","s","employed-salary","f-and-b",2022-02-04 11:53:13.733,"App 1295","google"
"Sales rep  I","Closed App",33,3000,"married","credit-card-debt",2800,"SG","s","employed-salary","it-telco",2022-02-04 12:31:20.451,"App 1296","valuechampion_sg"
"Sales rep  I","Loan Disbursed App",32,20000,"single","debt-consolidation",6695,"PH","ep","employed-salary","it-telco",2022-02-04 12:59:04.443,"App 1297","direct"
"Sales rep  I","Loan Disbursed App",30,4500,"single","debt-consolidation-ff",2992,"MY","pr","employed-salary","manufacturing",2022-02-04 13:05:30.601,"App 1298","google"
"Sales rep  I","Loan Disbursed App",26,6500,"married","other",2800,"SG","s","employed-salary","retail",2022-02-04 14:14:26.313,"App 1299","google"
"Sales rep  I","Closed App",24,15000,"single","education",1800,"MY","spass-wp","employed-salary","f-and-b",2022-02-04 14:34:32.938,"App 1300","wa"
"Sales rep  I","Expired App",29,15000,"single","other",4000,"MY","spass-wp","employed-salary","manufacturing",2022-02-04 14:48:57.04,"App 1301","google"
"Sales rep  C","Expired App",38,2000,"single","other",1800,"SG","s","employed-salary","other",2022-02-04 15:09:11.974,"App 1302","wa"
"Sales rep  F","Closed App",35,5000,"single","debt-consolidation",3100,"PH","spass-wp","employed-salary","other",2022-02-04 17:07:43.003,"App 1303","e-mail"
"Sales rep  I","Expired App",36,1000,"divorced","other",3132,"SG","s","employed-salary","logistic",2022-02-04 15:19:51.771,"App 1304","google"
"Sales rep  F","Expired App",24,35000,"married","wedding",2150,"SG","s","employed-salary","f-and-b",2022-03-03 12:57:53.542,"App 1305","google"
"Sales rep  F","Expired App",40,20000,"married","credit-card-debt",8100,"MY","pr","employed-salary","logistic",2022-02-04 15:41:29.285,"App 1306","e-mail"
"Sales rep  I","Expired App",24,5000,"single","hobbies",4000,"SG","s","self-employed","transport",2022-02-04 16:04:29.438,"App 1307","wa"
"Sales rep  F","Expired App",35,25000,"married","investment",8300,"SG","s","employed-salary","manufacturing",2022-02-04 16:40:24.517,"App 1308","direct"
"Sales rep  C","Expired App",36,18000,"married","home",7200,"SG","s","employed-salary","it-telco",2022-02-04 17:02:43.254,"App 1309","google"
"Sales rep  C","Expired App",41,3000,"single","debt-consolidation-ff",3175,"SG","s","employed-salary","education",2022-02-04 17:21:31.395,"App 1310","google"
"Sales rep  C","Closed App",31,3500,"single","debt-consolidation-ff",3200,"SG","s","employed-salary","other",2022-02-04 17:26:15.887,"App 1311","duplicate"
"Sales rep  I","Closed App",30,20000,"single","paying-bills",3000,"SG","s","self-employed","transport",2022-02-04 17:25:15.409,"App 1312","google"
"Sales rep  I","Expired App",34,10000,"married","paying-bills",2200,"SG","s","employed-salary","other",2022-02-04 18:04:47.316,"App 1313","wa"
"Sales rep  F","Expired App",35,5000,"married","home",5000,"SG","s","employed-salary","government",2022-02-08 15:44:23.793,"App 1314","google"
"Sales rep  F","Bank Declined App",28,8000,"single","wedding",1200,"MY","spass-wp","employed-salary","manufacturing",2022-02-04 18:20:10.578,"App 1315","valuechampion_sg"
"Sales rep  I","Expired App",43,20000,"single","debt-consolidation",3700,"SG","s","employed-salary","manufacturing",2022-02-04 18:41:43.531,"App 1316","google"
"Sales rep  C","Expired App",35,5000,"single","home",4300,"SG","s","employed-salary","it-telco",2022-02-04 18:45:08.095,"App 1317","google"
"Sales rep  F","Expired App",64,150000,"married","credit-card-debt",11500,"SG","s","self-employed","building-construction",2022-02-04 18:52:29.12,"App 1318","bing"
"Sales rep  I","Loan Disbursed App",62,20000,"married","debt-consolidation",4000,"MY","pr","employed-salary","building-construction",2022-02-04 19:23:33.898,"App 1319","facebook"
NA,"Bank Declined App",26,4000,"married","debt-consolidation-ff",500,"SG","s","self-employed","f-and-b",2022-02-04 19:32:54.86,"App 1320","e-mail"
"Sales rep  I","Expired App",28,30000,"single","business-expansion",4500,"SG","s","employed-salary","retail",2022-02-04 19:37:28.565,"App 1321","google"
"Sales rep  F","Expired App",34,20000,"married","credit-card-debt",2400,"SG","s","employed-salary","government",2022-02-04 20:24:34.393,"App 1322","direct"
"Sales rep  I","Expired App",38,10000,"single","investment",3745,"PH","spass-wp","employed-salary","other",2022-02-04 21:03:44.441,"App 1323","yahoo"
"Sales rep  F","Closed App",47,2500,"single","renovation",2600,"SG","s","employed-salary","other",2022-02-04 21:46:45.511,"App 1324","valuechampion_sg"
"Sales rep  I","Loan Disbursed App",39,15000,"married","debt-consolidation-ff",15000,"IN","pr","employed-salary","banking-finance",2022-02-04 21:48:41.815,"App 1325","e-mail"
"Sales rep  F","Closed App",51,10000,"single","paying-bills",2300,"SG","s","self-employed","f-and-b",2022-02-04 22:12:10.145,"App 1326","e-mail"
"Sales rep  C","Loan Disbursed App",42,20000,"married","debt-consolidation",6220,"SG","s","employed-salary","government",2022-02-04 22:23:27.173,"App 1327","google"
"Sales rep  F","Closed App",43,1000,"divorced","medical",1600,"SG","s","employed-salary","logistic",2022-02-04 23:54:43.441,"App 1328","facebook"
"Sales rep  I","Loan Disbursed App",24,20000,"single","debt-consolidation",1200,"SG","s","employed-salary","other",2022-02-05 00:23:05.422,"App 1329","facebook"
"Sales rep  F","Bank Declined App",33,2000,"single","paying-bills",3600,"MY","ep","employed-salary","f-and-b",2022-02-05 00:28:02.792,"App 1330","sms"
"Sales rep  I","Bank Declined App",49,20000,"married","paying-bills",3500,"SG","s","retired",NA,2022-02-05 02:34:56.674,"App 1331","facebook"
"Sales rep  F","Bank Declined App",31,2000,"single","special-occasion",2500,"MY","spass-wp","self-employed","f-and-b",2022-02-05 02:45:23.45,"App 1332","google"
"Sales rep  I","Expired App",28,10000,"married","business-expansion",3000,"SG","s","employed-salary","government",2022-02-05 04:55:17.107,"App 1333","google"
"Sales rep  F","Closed App",26,10000,"married","debt-consolidation",2600,"SG","s","employed-salary","logistic",2022-02-05 09:55:45.772,"App 1334","direct"
"Sales rep  I","Expired App",22,10000,"single","paying-bills",2500,"SG","s","employed-salary","it-telco",2022-02-05 05:37:18.428,"App 1335","valuechampion_sg"
"Sales rep  F","Closed App",37,20000,"married","other",1800,"SG","s","employed-salary","transport",2022-02-05 07:01:33.714,"App 1336","facebook"
"Sales rep  I","Bank Declined App",24,5000,"single","debt-consolidation",1000,"SG","s","other","retail",2022-02-05 07:26:40.848,"App 1337","direct"
"Sales rep  F","Closed App",47,2000,"divorced","paying-bills",3300,"SG","s","employed-salary","other",2022-02-05 07:52:49.801,"App 1338","direct"
"Sales rep  I","Closed App",43,1e+05,"single","investment",11000,"SG","s","employed-salary","transport",2022-02-05 08:12:42.249,"App 1339","valuechampion_sg"
"Sales rep  F","Bank Declined App",27,20000,"single","wedding",5500,"IN","ep","employed-salary","f-and-b",2022-02-05 09:23:55.625,"App 1340","direct"
"Sales rep  C","Expired App",37,20000,"married","other",2200,"SG","s","employed-salary","transport",2022-02-05 10:43:36.706,"App 1341","direct"
"Sales rep  I","Expired App",30,20000,"divorced","medical",2000,"SG","s","self-employed","f-and-b",2022-02-05 10:42:03.975,"App 1342","direct"
"Sales rep  F","Expired App",47,20000,"married","debt-consolidation",2200,"SG","s","employed-salary","f-and-b",2022-02-05 10:54:11.14,"App 1343","yahoo"
"Sales rep  C","Expired App",48,10000,"married","paying-bills",2800,"SG","s","employed-salary","manufacturing",2022-02-05 11:11:34.442,"App 1344","facebook"
"Sales rep  F","Closed App",25,2000,"single","investment",4000,"SG","s","employed-salary","government",2022-02-05 11:59:23.007,"App 1345","valuechampion_sg"
"Sales rep  F","Loan Disbursed App",33,70000,"married","credit-card-debt",4200,"SG","s","employed-salary","government",2022-02-05 12:36:28.627,"App 1346","facebook"
"Sales rep  F","Expired App",28,1000,"single","paying-bills",2000,"SG","s","employed-salary","retail",2022-02-05 12:55:52.703,"App 1347","e-mail"
"Sales rep  I","Expired App",46,50000,"married","debt-consolidation",4500,"MY","pr","employed-salary","other",2022-02-05 13:06:45.217,"App 1348","facebook"
"Sales rep  F","Expired App",44,30000,"married","debt-consolidation",7000,"SG","s","employed-salary","other",2022-02-05 13:11:46.91,"App 1349","google"
"Sales rep  I","Bank Declined App",29,5000,"married","debt-consolidation-ff",1300,"IN","spass-wp","employed-salary","other",2022-02-05 13:39:26.589,"App 1350","facebook"
"Sales rep  F","Expired App",30,20000,"single","investment",3500,"PH","spass-wp","employed-salary","manufacturing",2022-02-05 13:41:43.118,"App 1351","wa"
"Sales rep  I","Expired App",30,8000,"married","credit-card-debt",2400,"SG","s","employed-salary","hospitality",2022-02-05 13:43:17.81,"App 1352","google"
"Sales rep  F","Loan Disbursed App",42,10000,"married","paying-bills",6590,"PH","pr","employed-salary","it-telco",2022-02-05 13:45:45.44,"App 1353","direct"
"Sales rep  I","Closed App",62,6000,"married","paying-bills",4300,"SG","s","employed-salary","building-construction",2022-02-05 13:59:56.316,"App 1354","google"
"Sales rep  F","Expired App",38,5000,"divorced","debt-consolidation",2600,"SG","s","employed-salary","other",2022-02-05 14:29:12.392,"App 1355","facebook"
"Sales rep  I","Expired App",63,10000,"married","credit-card-debt",2800,"SG","s","employed-salary","manufacturing",2022-02-05 14:42:26.005,"App 1356","yahoo"
"Sales rep  F","Loan Disbursed App",27,2000,"married","paying-bills",1600,"SG","s","employed-salary","other",2022-02-05 14:44:33.83,"App 1357","direct"
"Sales rep  I","Loan Disbursed App",36,8000,"married","renovation",3200,"SG","s","employed-salary","logistic",2022-02-05 14:49:24.384,"App 1358","www.bykido.com"
"Sales rep  F","Bank Declined App",31,5000,"single","debt-consolidation",2540,"MY","spass-wp","employed-salary","manufacturing",2022-02-05 14:59:42.369,"App 1359","e-mail"
"Sales rep  I","Closed App",25,10000,"married","home",1200,"SG","s","self-employed","other",2022-02-05 15:16:30.819,"App 1360","facebook"
"Sales rep  I","Expired App",22,6000,"married","debt-consolidation",2500,"SG","s","employed-salary","transport",2022-02-05 16:08:34.18,"App 1361","google"
"Sales rep  I","Bank Declined App",37,1500,"single","debt-consolidation",1800,"MY","spass-wp","employed-salary","f-and-b",2022-02-05 16:17:28.318,"App 1362","wa"
"Sales rep  I","Loan Disbursed App",42,27000,"single","renovation",5750,"SG","s","employed-salary","it-telco",2022-02-05 16:39:55.719,"App 1363","direct"
"Sales rep  I","Expired App",37,50000,"married","business-expansion",3000,"SG","s","self-employed","retail",2022-02-05 17:05:14.686,"App 1364","wa"
"Sales rep  I","Expired App",26,4000,"single","paying-bills",2500,"SG","s","employed-salary","transport",2022-02-05 17:57:10.118,"App 1365","direct"
"Sales rep  I","Expired App",37,30000,"married","debt-consolidation",7739,"PH","spass-wp","employed-salary","manufacturing",2022-02-05 19:02:35.889,"App 1366","valuechampion_sg"
"Sales rep  I","Loan Disbursed App",30,3000,"single","debt-consolidation-ff",1200,"SG","s","employed-salary","f-and-b",2022-02-05 18:57:52.284,"App 1367","valuechampion_sg"
"Sales rep  I","Expired App",54,20000,"married","credit-card-debt",4000,"SG","s","employed-salary","logistic",2022-02-06 16:55:55.78,"App 1368","facebook"
"Sales rep  I","Bank Declined App",25,5000,"single","debt-consolidation-ff",1700,"MY","spass-wp","employed-salary","manufacturing",2022-02-05 19:17:31.488,"App 1369","facebook"
"Sales rep  I","Expired App",67,6000,"married","home",1100,"SG","s","self-employed","education",2022-02-05 19:59:11.361,"App 1370","nestia"
"Sales rep  I","Loan Disbursed App",38,50000,"married","home",5000,"MY","pr","self-employed","transport",2022-02-05 19:42:06.525,"App 1371","facebook"
"Sales rep  I","Expired App",41,8000,"married","medical",2700,"SG","s","employed-salary","other",2022-02-05 19:46:40.1,"App 1372","valuechampion_sg"
"Sales rep  I","Expired App",29,20000,"married","medical",6000,"SG","s","self-employed","transport",2022-02-05 20:20:39.602,"App 1373","facebook"
"Sales rep  I","Expired App",35,50000,"married","renovation",9000,"SG","s","employed-salary","it-telco",2022-02-05 20:22:17.592,"App 1374","bing"
"Sales rep  I","Expired App",39,20000,"single","paying-bills",2000,"SG","s","self-employed","other",2022-02-05 20:28:54.376,"App 1375","valuechampion_sg"
"Sales rep  F","Loan Disbursed App",23,20000,"single","credit-card-debt",2150,"PH","pr","employed-salary","education",2022-02-05 21:30:04.466,"App 1376","google"
"Sales rep  F","Closed App",24,5000,"single","wedding",3500,"SG","s","employed-salary","building-construction",2022-02-05 21:47:37.382,"App 1377","sms"
"Sales rep  F","Expired App",32,3000,"single","special-occasion",3200,"MY","spass-wp","employed-salary","building-construction",2022-02-05 23:13:01.423,"App 1378","facebook"
"Sales rep  F","Expired App",28,1e+05,"married","business-expansion",3000,"SG","s","employed-salary","retail",2022-02-05 22:49:13.336,"App 1379","facebook"
"Sales rep  F","Closed App",37,5000,"married","other",3280,"SG","s","employed-salary","transport",2022-02-05 22:56:37.44,"App 1380","google"
"Sales rep  F","Expired App",51,41000,"married","home",2500,"SG","s","employed-salary","other",2022-02-06 00:08:08.677,"App 1381","nestia"
"Sales rep  F","Expired App",28,8000,"married","home",3200,"SG","s","employed-salary","education",2022-02-05 23:34:36.186,"App 1382","google"
"Sales rep  F","Closed App",21,8000,"single","debt-consolidation",3000,"SG","s","self-employed","logistic",2022-02-06 00:12:08.198,"App 1383","facebook"
"Sales rep  F","Closed App",28,2000,"married","paying-bills",1800,"SG","s","employed-salary","government",2022-02-06 01:22:33.241,"App 1384","e-mail"
"Sales rep  I","Expired App",40,18000,"married","paying-bills",6500,"PH","spass-wp","employed-salary","f-and-b",2022-02-06 02:15:13.012,"App 1385","e-mail"
"Sales rep  F","Loan Disbursed App",36,10000,"single","renovation",7100,"SG","s","employed-salary","retail",2022-02-06 04:24:16.481,"App 1386","google"
"Sales rep  F","Bank Declined App",29,20000,"married","home",3700,"IN","spass-wp","employed-salary","manufacturing",2022-02-06 11:31:07.557,"App 1387","facebook"
"Sales rep  F","Bank Declined App",29,2000,"married","home",1600,"BD","spass-wp","other","building-construction",2022-02-06 12:03:55.335,"App 1388","nestia"
"Sales rep  F","Expired App",22,20000,"single","debt-consolidation-ff",2200,"MY","pr","employed-salary","other",2022-02-06 12:52:36.697,"App 1389","google"
"Sales rep  F","Closed App",36,6000,"married","line-of-credit",6000,"SG","s","employed-salary","building-construction",2022-02-06 13:19:00.973,"App 1390","google"
"Sales rep  I","Expired App",28,15000,"divorced","home",5000,"SG","s","employed-salary","building-construction",2022-02-21 15:03:58.6,"App 1391","yahoo"
"Sales rep  F","Expired App",52,50000,"divorced","debt-consolidation-ff",7000,"SG","s","employed-salary","building-construction",2022-02-06 14:55:32.631,"App 1392","facebook"
"Sales rep  F","Expired App",35,2e+05,"married","credit-card-debt",10000,"SG","s","self-employed","other",2022-02-06 15:04:37.019,"App 1393","facebook"
"Sales rep  F","Bank Declined App",46,20000,"married","debt-consolidation",6000,"MY","spass-wp","employed-salary","manufacturing",2022-02-06 15:21:38.828,"App 1394","valuechampion_sg"
"Sales rep  F","Bank Declined App",28,10000,"single","home",1900,"MY","spass-wp","employed-salary","manufacturing",2022-02-06 17:13:57.719,"App 1395","wa"
"Sales rep  F","Loan Disbursed App",57,10000,"divorced","home",3200,"SG","s","employed-salary","f-and-b",2022-02-06 17:50:32.499,"App 1396","nestia"
"Sales rep  F","Expired App",36,5000,"married","debt-consolidation-ff",2450,"SG","s","employed-salary","other",2022-02-06 18:28:58.893,"App 1397","e-mail"
"Sales rep  F","Loan Disbursed App",34,10000,"divorced","debt-consolidation",6000,"SG","s","employed-salary","f-and-b",2022-02-06 18:32:29.589,"App 1398","direct"
"Sales rep  F","Closed App",32,5000,"single","other",3221,"MY","pr","employed-salary","f-and-b",2022-02-06 18:48:00.686,"App 1399","google"
"Sales rep  F","Closed App",38,25000,"married","investment",8000,"SG","s","employed-salary","government",2022-02-06 21:11:29.628,"App 1400","wa"
"Sales rep  F","Bank Declined App",31,5000,"single","debt-consolidation-ff",2900,"IN","spass-wp","employed-salary","manufacturing",2022-02-06 22:33:39.761,"App 1401","valuechampion_sg"
"Sales rep  F","Expired App",44,5000,"married","other",2450,"SG","s","employed-salary","hospitality",2022-02-06 23:23:25.191,"App 1402","facebook"
"Sales rep  F","Closed App",34,39000,"married","debt-consolidation",6500,"SG","s","employed-salary","building-construction",2022-02-06 23:51:17.984,"App 1403","google"
"Sales rep  F","Loan Disbursed App",43,1200,"divorced","home",2500,"SG","s","employed-salary","manufacturing",2022-02-07 00:34:25.55,"App 1404","facebook"
"Sales rep  F","Expired App",26,12000,"single","debt-consolidation-ff",1600,"SG","s","employed-salary","f-and-b",2022-02-07 01:11:33.427,"App 1405","direct"
"Sales rep  F","Closed App",38,10000,"married","investment",5100,"SG","s","employed-salary","banking-finance",2022-02-07 01:48:57.54,"App 1406","facebook"
"Sales rep  F","Expired App",44,10000,"divorced","debt-consolidation",2800,"SG","s","employed-salary","f-and-b",2022-02-07 03:49:39.184,"App 1407","facebook"
"Sales rep  F","Bank Declined App",34,7000,"married","debt-consolidation",2800,"MY","spass-wp","employed-salary","f-and-b",2022-02-07 04:16:16.004,"App 1408","direct"
"Sales rep  F","Closed App",24,2500,"single","debt-consolidation-ff",2100,"SG","s","employed-salary","transport",2022-02-07 06:59:06.718,"App 1409","google"
"Sales rep  F","Expired App",46,20000,"married","investment",3500,"MM","spass-wp","employed-salary","other",2022-02-07 08:28:54.706,"App 1410","facebook"
"Sales rep  F","Loan Disbursed App",29,3000,"single","wedding",2200,"SG","s","employed-salary","it-telco",2022-02-07 11:13:32.651,"App 1411","wa"
"Sales rep  F","Bank Declined App",48,20000,"divorced","debt-consolidation",3500,"SG","s","employed-salary","other",2022-02-07 11:19:58.052,"App 1412","sms"
"Sales rep  F","Loan Disbursed App",38,10000,"married","renovation",3000,"SG","s","employed-salary","f-and-b",2022-02-07 11:19:19.012,"App 1413","sms"
"Sales rep  I","Expired App",39,2000,"married","debt-consolidation-ff",2000,"SG","s","self-employed","logistic",2022-02-07 13:23:45.859,"App 1414","facebook"
"Sales rep  F","Expired App",34,2400,"married","paying-bills",3600,"SG","s","employed-salary","logistic",2022-02-07 11:49:40.666,"App 1415","e-mail"
"Sales rep  F","Closed App",29,1000,"married","medical",1600,"SG","s","employed-salary","government",2022-02-07 11:51:29.293,"App 1416","facebook"
"Sales rep  F","Expired App",23,5000,"single","other",2600,"SG","s","employed-salary","it-telco",2022-02-07 11:53:27.012,"App 1417","sms"
"Sales rep  I","Expired App",32,22000,"single","debt-consolidation-ff",2350,"SG","s","employed-salary","government",2022-02-07 12:14:42.562,"App 1418","sms"
"Sales rep  I","Expired App",36,20000,"married","business-expansion",3000,"SG","s","employed-salary","banking-finance",2022-02-07 12:26:03.845,"App 1419","sms"
"Sales rep  I","Expired App",42,2000,"married","other",3000,"SG","s","employed-salary","it-telco",2022-02-07 13:15:26.05,"App 1420","google"
"Sales rep  I","Expired App",29,20000,"single","car",6000,"SG","s","employed-salary","banking-finance",2022-02-07 13:08:56.219,"App 1421","e-mail"
"Sales rep  I","Expired App",31,20000,"married","debt-consolidation",3000,"SG","s","self-employed","transport",2022-02-07 13:12:56.221,"App 1422","valuechampion_sg"
"Sales rep  I","Closed App",39,20000,"married","debt-consolidation-ff",1600,"SG","s","employed-salary","other",2022-02-07 13:24:30.878,"App 1423","google"
"Sales rep  I","Expired App",46,20000,"divorced","debt-consolidation",1800,"SG","s","employed-salary","hospitality",2022-02-07 13:33:00.035,"App 1424","direct"
"Sales rep  I","Expired App",28,10000,"single","credit-card-debt",2800,"SG","s","employed-salary","other",2022-02-07 13:44:25.46,"App 1425","google"
"Sales rep  I","Expired App",61,30000,"divorced","debt-consolidation-ff",4080,"SG","s","employed-salary","other",2022-02-07 13:52:39.754,"App 1426","direct"
"Sales rep  I","Closed App",48,20000,"divorced","paying-bills",3470,"SG","s","employed-salary","logistic",2022-02-07 14:02:43.551,"App 1427","RAD"
"Sales rep  F","Loan Disbursed App",47,3000,"divorced","paying-bills",3300,"SG","s","employed-salary","other",2022-02-07 14:18:12.287,"App 1428","duplicate"
"Sales rep  I","Expired App",35,20000,"married","debt-consolidation-ff",3000,"SG","s","self-employed","other",2022-02-07 14:30:41.289,"App 1429","sms"
"Sales rep  I","Expired App",27,4000,"single","debt-consolidation-ff",1800,"SG","s","employed-salary","other",2022-02-07 14:59:23.282,"App 1430","google"
"Sales rep  I","Closed App",28,10000,"single","debt-consolidation",2950,"MY","ep","employed-salary","f-and-b",2022-02-07 15:01:29.349,"App 1431","google"
"Sales rep  I","Loan Disbursed App",55,33000,"married","debt-consolidation",6500,"SG","s","employed-salary","logistic",2022-02-07 15:13:40.711,"App 1432","sms"
"Sales rep  I","Expired App",31,15000,"married","debt-consolidation",2600,"SG","s","employed-salary","other",2022-02-07 16:11:31.99,"App 1433","google"
"Sales rep  I","Closed App",42,6000,"married","debt-consolidation-ff",2000,"CN","spass-wp","employed-contract","manufacturing",2022-02-07 16:23:35.662,"App 1434","nestia"
"Sales rep  I","Expired App",35,2e+05,"single","debt-consolidation",33000,"SG","s","employed-salary","other",2022-02-07 16:31:23.531,"App 1435","e-mail"
"Sales rep  I","Expired App",43,1000,"married","home",3200,"SG","s","employed-salary","transport",2022-02-07 16:44:43.35,"App 1436","google"
"Sales rep  F","Expired App",37,2e+05,"married","credit-card-debt",14332,"PE","ep","employed-salary","other",2022-02-07 17:19:10.757,"App 1437","google"
"Sales rep  F","Loan Disbursed App",36,3000,"single","debt-consolidation-ff",5500,"SG","s","employed-salary","building-construction",2022-02-07 17:23:29.731,"App 1438","google"
"Sales rep  I","Closed App",45,10000,"single","debt-consolidation-ff",4800,"SG","s","employed-salary","government",2022-02-07 17:41:31.225,"App 1439","valuechampion_sg"
"Sales rep  F","Closed App",40,10000,"single","debt-consolidation-ff",2500,"SG","s","self-employed","transport",2022-02-07 18:30:48.475,"App 1440","facebook"
"Sales rep  F","Bank Declined App",52,20000,"married","debt-consolidation",4100,"SG","s","employed-salary","government",2022-02-07 19:56:53.742,"App 1441","wa"
"Sales rep  F","Expired App",34,20000,"single","other",2650,"SG","s","employed-salary","f-and-b",2022-02-07 20:28:34.382,"App 1442","facebook"
"Sales rep  F","Loan Disbursed App",25,5000,"single","paying-bills",2000,"SG","s","employed-salary","f-and-b",2022-02-07 20:37:51.006,"App 1443","google"
"Sales rep  F","Expired App",41,20000,"married","debt-consolidation",4200,"SG","s","employed-salary","logistic",2022-02-07 20:42:40.355,"App 1444","e-mail"
"Sales rep  F","Expired App",74,20000,"widow","paying-bills",5000,"SG","s","self-employed","other",2022-02-10 13:32:36.123,"App 1445","direct"
"Sales rep  F","Closed App",27,10000,"single","business-expansion",4000,"IN","pr","employed-salary","f-and-b",2022-02-07 22:00:17.402,"App 1446","facebook"
"Sales rep  F","Expired App",36,20000,"married","business-expansion",2000,"SG","s","employed-salary","retail",2022-02-07 22:41:04.052,"App 1447","facebook"
"Sales rep  F","Bank Declined App",57,3000,"married","paying-bills",4400,"SG","s","employed-salary","retail",2022-02-07 22:49:57.958,"App 1448","sms"
"Sales rep  F","Loan Disbursed App",26,20000,"single","home",7600,"SG","s","employed-salary","other",2022-02-07 23:11:13.334,"App 1449","wa"
"Sales rep  F","Bank Declined App",22,20000,"single","debt-consolidation-ff",2500,"MY","spass-wp","employed-salary","f-and-b",2022-02-07 23:43:47.788,"App 1450","sms"
"Sales rep  F","Closed App",42,2000,"married","special-occasion",1800,"SG","s","employed-salary","other",2022-02-08 02:29:24.916,"App 1451","direct"
"Sales rep  F","Closed App",48,5000,"married","renovation",5000,"SG","s","self-employed","transport",2022-02-08 02:12:24.264,"App 1452","valuechampion_sg"
"Sales rep  F","Closed App",21,3000,"married","car",1130,"SG","s","employed-salary","other",2022-02-08 02:12:36.435,"App 1453","google"
"Sales rep  F","Bank Declined App",30,1000,"single","home",1200,"IN","spass-wp","employed-salary","building-construction",2022-02-08 11:16:44.152,"App 1454","nestia"
"Sales rep  I","Expired App",25,40000,"married","investment",6000,"SG","s","employed-salary","other",2022-02-08 12:16:34.456,"App 1455","google"
"Sales rep  I","Expired App",43,2000,"divorced","medical",1700,"SG","s","employed-salary","logistic",2022-02-08 12:22:46.955,"App 1456","e-mail"
"Sales rep  I","Expired App",19,5000,"single","debt-consolidation-ff",2015,"SG","s","self-employed","logistic",2022-02-08 13:28:33.724,"App 1457","wa"
"Sales rep  I","Closed App",41,30000,"married","other",8000,"PH","ep","employed-salary","education",2022-02-08 13:31:37.4,"App 1458","facebook"
"Sales rep  I","Closed App",21,6000,"single","paying-bills",1500,"SG","s","employed-salary","other",2022-02-08 14:17:37.032,"App 1459","valuechampion_sg"
"Sales rep  I","Expired App",45,20000,"married","credit-card-debt",10000,"SG","s","employed-salary","other",2022-02-08 14:30:21.22,"App 1460","RAD"
"Sales rep  I","Expired App",51,20000,"married","debt-consolidation-ff",10000,"SG","s","self-employed","f-and-b",2022-02-08 14:40:42.095,"App 1461","direct"
"Sales rep  I","Bank Declined App",34,20000,"married","debt-consolidation-ff",2800,"MY","spass-wp","employed-salary","transport",2022-02-08 14:42:31.085,"App 1462","google"
"Sales rep  I","Expired App",38,2500,"married","medical",5400,"SG","s","employed-salary","other",2022-02-08 14:43:26.704,"App 1463","google"
"Sales rep  I","Expired App",45,75000,"married","other",3000,"MY","pr","other","other",2022-02-08 15:27:17.318,"App 1464","facebook"
"Sales rep  I","Loan Disbursed App",29,5000,"married","special-occasion",4200,"SG","s","self-employed","education",2022-02-08 15:26:23.916,"App 1465","google"
"Sales rep  I","Closed App",41,5000,"single","credit-card-debt",3000,"SG","s","self-employed","transport",2022-02-08 15:29:45.667,"App 1466","google"
"Sales rep  I","Closed App",50,42000,"married","debt-consolidation",1800,"SG","s","employed-salary","other",2022-02-08 15:34:23.378,"App 1467","facebook"
"Sales rep  I","Closed App",29,1500,"married","paying-bills",2500,"SG","s","employed-salary","it-telco",2022-02-08 15:36:15.805,"App 1468","google"
"Sales rep  F","Expired App",48,20000,"married","education",3450,"IN","pr","employed-salary","manufacturing",2022-02-08 16:14:16.034,"App 1469","nestia"
"Sales rep  I","Loan Disbursed App",48,2000,"single","paying-bills",2000,"SG","s","employed-salary","f-and-b",2022-02-08 16:32:17.248,"App 1470","google"
"Sales rep  F","Bank Declined App",51,5000,"married","credit-card-debt",3300,"SG","s","employed-salary","other",2022-02-08 16:43:07.399,"App 1471","nestia"
"Sales rep  I","Expired App",34,30000,"married","other",7250,"IN","ep","employed-salary","banking-finance",2022-02-08 16:47:05.96,"App 1472","nestia"
"Sales rep  F","Expired App",46,40000,"married","debt-consolidation-ff",2358,"SG","s","employed-salary","other",2022-02-08 17:00:49.265,"App 1473","valuechampion_sg"
"Sales rep  I","Closed App",39,3000,"single","paying-bills",3400,"SG","s","employed-salary","building-construction",2022-02-08 17:02:51.678,"App 1474","google"
"Sales rep  I","Expired App",52,20000,"married","line-of-credit",8000,"SG","s","employed-salary","f-and-b",2022-02-08 17:12:47.97,"App 1475","yahoo"
"Sales rep  I","Closed App",37,25000,"married","home",31000,"IN","ep","employed-salary","banking-finance",2022-02-08 17:37:00.833,"App 1476","google"
"Sales rep  F","Bank Declined App",56,25000,"single","debt-consolidation-ff",4876,"SG","s","employed-salary","it-telco",2022-02-08 17:59:30.093,"App 1477","direct"
"Sales rep  F","Expired App",39,8000,"single","debt-consolidation-ff",2800,"SG","s","employed-salary","other",2022-02-08 18:08:33.516,"App 1478","l.facebook.com"
"Sales rep  I","Loan Disbursed App",29,3000,"married","other",3000,"MY","spass-wp","employed-salary","manufacturing",2022-02-08 18:13:12.919,"App 1479","facebook"
"Sales rep  F","Loan Disbursed App",35,20000,"married","other",3000,"SG","s","employed-salary","other",2022-02-08 18:19:54.032,"App 1480","facebook"
"Sales rep  F","Bank Declined App",47,30000,"divorced","other",1200,"SG","s","self-employed","f-and-b",2022-02-08 18:37:41.975,"App 1481","facebook"
"Sales rep  I","Closed App",38,2000,"married","paying-bills",5077,"SG","s","other","other",2022-02-08 18:41:10.895,"App 1482","e-mail"
"Sales rep  C","Expired App",25,25000,"single","debt-consolidation",4370,"SG","s","employed-salary","government",2022-02-08 18:52:39.494,"App 1483","direct"
"Sales rep  C","Expired App",42,5000,"single","wedding",2800,"SG","s","employed-salary","hospitality",2022-02-08 19:07:29.62,"App 1484","google"
"Sales rep  C","Expired App",31,10000,"single","other",2900,"SG","s","employed-salary","other",2022-02-08 20:19:17.503,"App 1485","facebook"
"Sales rep  C","Expired App",24,5000,"single","car",2000,"SG","s","employed-salary","f-and-b",2022-02-08 20:30:44.373,"App 1486","google"
"Sales rep  C","Bank Declined App",20,5000,"single","home",3500,"MY","spass-wp","other","f-and-b",2022-02-08 20:42:40.152,"App 1487","direct"
"Sales rep  C","Closed App",34,32000,"single","education",5600,"SG","s","employed-salary","other",2022-02-08 20:46:14.515,"App 1488","sbo.sg"
"Sales rep  I","Loan Disbursed App",28,5000,"single","home",2700,"MY","pr","employed-salary","other",2022-02-08 21:12:37.564,"App 1489","direct"
"Sales rep  C","Expired App",29,20000,"married","renovation",3300,"MY","pr","employed-salary","retail",2022-02-09 01:37:51.997,"App 1490","valuechampion_sg"
"Sales rep  F","Closed App",67,10000,"divorced","renovation",4500,"MY","pr","employed-salary","logistic",2022-02-09 01:43:12.693,"App 1491","direct"
"Sales rep  F","Loan Disbursed App",26,5500,"single","debt-consolidation-ff",2800,"SG","s","employed-salary","other",2022-02-10 04:05:06.532,"App 1492","direct"
"Sales rep  F","Closed App",48,20000,"single","other",4500,"SG","s","employed-salary","government",2022-02-09 11:28:06.261,"App 1493","direct"
"Sales rep  F","Bank Declined App",31,29000,"divorced","debt-consolidation",4500,"SG","s","self-employed","transport",2022-02-09 11:30:34.136,"App 1494","google"
"Sales rep  F","Expired App",32,3000,"married","other",2400,"SG","s","employed-salary","hospitality",2022-02-10 17:55:47.477,"App 1495","wa"
"Sales rep  F","Expired App",24,2000,"single","debt-consolidation-ff",2600,"SG","s","employed-salary","it-telco",2022-02-09 12:05:59.261,"App 1496","valuechampion_sg"
"Sales rep  F","Closed App",57,10000,"married","hobbies",2500,"IN","pr","employed-salary","other",2022-02-09 13:01:03.905,"App 1497","yahoo"
"Sales rep  C","Loan Disbursed App",24,30000,"married","debt-consolidation",3500,"MY","pr","employed-salary","transport",2022-02-09 13:05:29.919,"App 1498","google"
NA,"Bank Declined App",28,15000,"single","wedding",1300,"BD","spass-wp","employed-salary","building-construction",2022-02-09 13:17:45.885,"App 1499","nestia"
"Sales rep  F","Bank Declined App",36,20000,"married","business-expansion",6000,"SG","s","employed-salary","insurance",2022-02-09 13:30:03.177,"App 1500","wa"
"Sales rep  C","Expired App",50,10000,"married","home",3000,"SG","s","employed-salary","government",2022-02-09 13:45:54.8,"App 1501","wa"
"Sales rep  I","Loan Disbursed App",39,7000,"married","car",2500,"SG","s","self-employed","education",2022-02-09 14:05:10.716,"App 1502","google"
"Sales rep  I","Loan Disbursed App",26,10000,"single","debt-consolidation",2400,"SG","s","employed-salary","it-telco",2022-02-09 14:24:19.934,"App 1503","wa"
"Sales rep  I","Expired App",41,2000,"divorced","medical",2400,"SG","s","employed-salary","other",2022-02-09 14:55:45.843,"App 1504","wa"
"Sales rep  I","Expired App",50,50000,"married","debt-consolidation-ff",10000,"SG","s","employed-salary","other",2022-02-09 14:56:14.918,"App 1505","RAD"
"Sales rep  I","Bank Declined App",55,3000,"single","special-occasion",750,"SG","s","employed-salary","other",2022-02-09 15:05:52.985,"App 1506","wa"
"Sales rep  F","Closed App",34,4000,"single","business-expansion",4000,"SG","s","self-employed","other",2022-02-09 15:39:04.735,"App 1507","wa"
"Sales rep  I","Expired App",47,5000,"married","other",2500,"SG","s","employed-salary","transport",2022-02-09 16:14:08.639,"App 1508","wa"
"Sales rep  C","Expired App",38,3000,"single","paying-bills",2000,"SG","s","employed-salary","logistic",2022-02-09 16:17:53.242,"App 1509","wa"
"Sales rep  C","Bank Declined App",48,1000,"married","paying-bills",1000,"SG","s","employed-salary","manufacturing",2022-02-09 17:08:27.182,"App 1510","facebook"
"Sales rep  F","Loan Disbursed App",29,3000,"single","debt-consolidation",2985,"SG","s","self-employed","transport",2022-02-09 16:48:29.558,"App 1511","google"
"Sales rep  I","Expired App",62,20000,"married","debt-consolidation-ff",6000,"SG","s","self-employed","f-and-b",2022-02-09 17:14:44.717,"App 1512","wa"
"Sales rep  I","Expired App",51,5000,"single","paying-bills",2500,"SG","s","employed-salary","hospitality",2022-02-09 17:17:56.632,"App 1513","wa"
"Sales rep  I","Closed App",30,1e+05,"single","renovation",4700,"SG","s","employed-salary","other",2022-02-09 17:45:39.61,"App 1514","direct"
"Sales rep  C","Loan Disbursed App",27,20000,"single","other",3000,"MY","spass-wp","employed-salary","manufacturing",2022-02-09 18:04:07.338,"App 1515","direct"
"Sales rep  C","Loan Disbursed App",34,20000,"single","credit-card-debt",4500,"SG","s","employed-salary","other",2022-02-09 18:18:15.846,"App 1516","google"
"Sales rep  C","Loan Disbursed App",44,3200,"married","other",2400,"SG","s","employed-salary","other",2022-02-09 18:18:14.081,"App 1517","direct"
"Sales rep  C","Expired App",35,10000,"divorced","line-of-credit",2150,"MY","pr","employed-salary","manufacturing",2022-02-09 18:16:45.989,"App 1518","direct"
"Sales rep  C","Expired App",35,4000,"divorced","debt-consolidation",3200,"SG","s","employed-salary","other",2022-02-09 18:19:54.009,"App 1519","valuechampion_sg"
"Sales rep  C","Expired App",32,9000,"single","paying-bills",6500,"SG","s","employed-salary","government",2022-02-09 18:31:44.434,"App 1520","google"
"Sales rep  C","Closed App",33,14000,"single","investment",4500,"SG","s","employed-salary","other",2022-02-09 18:42:48.156,"App 1521","google"
"Sales rep  C","Expired App",48,40000,"married","credit-card-debt",3939,"PH","pr","employed-salary","manufacturing",2022-02-09 19:02:45.109,"App 1522","RAD"
"Sales rep  C","Closed App",28,30000,"single","debt-consolidation-ff",2911,"SG","s","employed-salary","it-telco",2022-02-09 19:05:56.56,"App 1523","wa"
"Sales rep  F","Expired App",42,20000,"married","business-expansion",6000,"SG","pr","self-employed","retail",2022-02-11 00:41:08.585,"App 1524","wa"
"Sales rep  C","Expired App",53,25000,"married","home",4182,"SG","s","employed-salary","other",2022-02-09 19:11:55.408,"App 1525","sms"
"Sales rep  C","Loan Disbursed App",32,20000,"married","other",5000,"IN","spass-wp","employed-salary","manufacturing",2022-02-09 19:12:06.27,"App 1526","valuechampion_sg"
"Sales rep  C","Closed App",26,6000,"married","paying-bills",2700,"SG","s","employed-salary","other",2022-02-09 19:20:14.696,"App 1527","google"
"Sales rep  F","Closed App",31,22000,"married","education",3810,"SG","s","employed-salary","building-construction",2022-02-09 19:23:50.408,"App 1528","duplicate"
"Sales rep  C","Expired App",26,7000,"divorced","medical",1700,"SG","s","employed-salary","other",2022-02-09 19:24:13.487,"App 1529","google"
"Sales rep  F","Expired App",41,55000,"married","debt-consolidation",2900,"SG","s","employed-salary","manufacturing",2022-02-09 19:40:17.525,"App 1530","wa"
"Sales rep  F","Expired App",41,25000,"single","other",3000,"SG","s","self-employed","logistic",2022-02-09 20:08:38.353,"App 1531","facebook"
"Sales rep  F","Expired App",36,10000,"single","debt-consolidation",2155,"SG","s","employed-salary","f-and-b",2022-02-09 20:10:39.446,"App 1532","direct"
"Sales rep  F","Closed App",41,6000,"married","debt-consolidation",4500,"SG","s","self-employed","logistic",2022-02-09 20:16:05.958,"App 1533","e-mail"
"Sales rep  C","Expired App",33,10000,"married","investment",5000,"SG","s","employed-salary","other",2022-02-10 18:07:50.567,"App 1534","google"
"Sales rep  F","Expired App",34,35000,"married","debt-consolidation-ff",4000,"SG","s","employed-salary","building-construction",2022-02-09 22:26:29.348,"App 1535","direct"
"Sales rep  F","Expired App",24,21000,"single","home",6000,"SG","s","employed-salary","it-telco",2022-02-09 23:31:34.711,"App 1536","google"
"Sales rep  F","Expired App",26,30000,"married","debt-consolidation",2200,"SG","s","employed-salary","logistic",2022-02-10 18:02:58.557,"App 1537","valuechampion_sg"
"Sales rep  I","Closed App",28,20000,"single","debt-consolidation",2000,"CN","spass-wp","employed-salary","manufacturing",2022-02-16 00:07:20.398,"App 1538","nestia"
"Sales rep  F","Expired App",47,90000,"married","renovation",20000,"SG","s","employed-salary","logistic",2022-02-10 01:42:57.466,"App 1539","yahoo"
"Sales rep  F","Closed App",30,30000,"single","debt-consolidation",10000,"SG","s","employed-salary","banking-finance",2022-02-10 03:09:19.364,"App 1540","google"
"Sales rep  F","Loan Disbursed App",30,20000,"married","other",7000,"SG","s","self-employed","other",2022-02-10 04:50:27.2,"App 1541","google"
"Sales rep  F","Loan Disbursed App",42,15000,"married","line-of-credit",3000,"SG","s","employed-salary","government",2022-02-10 10:28:05.141,"App 1542","facebook"
"Sales rep  F","Expired App",50,20000,"divorced","debt-consolidation-ff",3400,"SG","s","employed-salary","logistic",2022-02-10 11:45:00.653,"App 1543","e-mail"
"Sales rep  F","Loan Disbursed App",31,2000,"single","business-expansion",2500,"SG","s","employed-salary","retail",2022-02-10 11:19:05.49,"App 1544","google"
"Sales rep  F","Loan Disbursed App",30,20000,"married","other",2413,"SG","s","employed-salary","other",2022-02-10 11:30:55.813,"App 1545","wa"
"Sales rep  C","Expired App",37,5000,"married","renovation",4000,"SG","s","self-employed","other",2022-02-10 12:23:53.548,"App 1546","e-mail"
"Sales rep  F","Bank Declined App",48,20000,"married","other",6200,"SG","s","employed-salary","it-telco",2022-02-10 12:36:32.071,"App 1547","e-mail"
"Sales rep  C","Expired App",33,30000,"married","home",8400,"IN","ep","employed-salary","insurance",2022-02-10 12:39:07.773,"App 1548","e-mail"
"Sales rep  F","Bank Declined App",34,50000,"single","debt-consolidation",3500,"SG","s","employed-salary","manufacturing",2022-02-10 12:51:50.447,"App 1549","wa"
"Sales rep  C","Closed App",35,60000,"single","other",8800,"AR","ep","employed-salary","other",2022-02-10 12:59:21.311,"App 1550","e-mail"
"Sales rep  F","Expired App",40,10000,"married","home",4500,"MY","ep","employed-salary","other",2022-02-10 13:10:13.582,"App 1551","google"
"Sales rep  C","Loan Disbursed App",43,2000,"single","paying-bills",5600,"SG","s","employed-salary","manufacturing",2022-02-10 13:34:28.791,"App 1552","e-mail"
"Sales rep  F","Loan Disbursed App",37,40000,"married","credit-card-debt",7800,"IN","ep","employed-salary","hospitality",2022-02-10 13:59:06.363,"App 1553","direct"
"Sales rep  C","Expired App",41,20000,"married","business-expansion",8500,"IN","ep","self-employed","retail",2022-02-10 14:07:20.159,"App 1554","facebook"
"Sales rep  I","Loan Disbursed App",51,3000,"married","other",13000,"CA","ep","employed-salary","it-telco",2022-02-10 14:11:56.936,"App 1555","google"
"Sales rep  I","Closed App",29,10000,"single","investment",2600,"SG","s","employed-salary","government",2022-02-10 14:22:48.036,"App 1556","valuechampion_sg"
"Sales rep  I","Expired App",33,16000,"single","credit-card-debt",2500,"SG","s","self-employed","education",2022-02-10 14:31:36.652,"App 1557","google"
"Sales rep  I","Expired App",36,20000,"divorced","renovation",2000,"SG","s","employed-salary","logistic",2022-02-10 15:02:59.114,"App 1558","e-mail"
"Sales rep  I","Expired App",40,20000,"married","paying-bills",4500,"SG","s","employed-salary","other",2022-02-10 15:02:46.839,"App 1559","e-mail"
"Sales rep  I","Expired App",31,15000,"married","debt-consolidation",6102,"SG","s","employed-salary","other",2022-02-10 15:17:19.136,"App 1560","google"
"Sales rep  I","Closed App",25,2000,"married","paying-bills",1250,"SG","s","self-employed","other",2022-02-10 16:07:03.656,"App 1561","google"
"Sales rep  I","Closed App",30,10000,"single","debt-consolidation",2060,"SG","s","employed-salary","other",2022-02-10 16:46:42.062,"App 1562","google"
"Sales rep  I","Loan Disbursed App",30,30000,"single","debt-consolidation",5000,"SG","s","employed-salary","other",2022-02-10 16:55:45.065,"App 1563","google"
"Sales rep  I","Loan Disbursed App",28,6000,"single","home",3700,"SG","s","employed-salary","logistic",2022-02-10 17:45:05.091,"App 1564","google"
"Sales rep  I","Loan Disbursed App",27,3000,"married","debt-consolidation-ff",2800,"SG","s","employed-salary","f-and-b",2022-02-10 18:00:12.185,"App 1565","google"
"Sales rep  F","Closed App",48,3000,"widow","paying-bills",2400,"SG","s","self-employed","transport",2022-02-10 18:38:42.323,"App 1566","wa"
"Sales rep  I","Expired App",40,66000,"married","debt-consolidation",9500,"SG","s","employed-salary","other",2022-02-10 18:51:02.737,"App 1567","google"
"Sales rep  I","Expired App",39,3500,"married","paying-bills",2500,"SG","s","self-employed","transport",2022-02-10 19:14:32.146,"App 1568","e-mail"
"Sales rep  F","Expired App",28,2200,"single","credit-card-debt",3000,"SG","s","employed-salary","logistic",2022-02-10 19:29:01.889,"App 1569","google"
"Sales rep  F","Bank Declined App",30,150000,"married","car",3000,"SG","s","employed-salary","transport",2022-02-10 21:12:01.389,"App 1570","finder_sg"
"Sales rep  C","Loan Disbursed App",28,25000,"single","debt-consolidation-ff",3000,"MY","spass-wp","employed-salary","manufacturing",2022-02-10 20:08:01.532,"App 1571","direct"
"Sales rep  F","Bank Declined App",62,30000,"married","debt-consolidation",2967,"SG","s","employed-salary","government",2022-02-11 10:50:26.295,"App 1572","e-mail"
"Sales rep  C","Loan Disbursed App",29,9000,"single","wedding",3090,"MY","ep","employed-salary","other",2022-02-10 21:45:26.805,"App 1573","yahoo"
"Sales rep  F","Expired App",36,20000,"married","paying-bills",5800,"SG","s","employed-salary","other",2022-02-10 21:59:40.02,"App 1574","wa"
"Sales rep  C","Closed App",45,5000,"married","education",4600,"SG","s","employed-salary","other",2022-02-10 22:13:14.756,"App 1575","e-mail"
"Sales rep  F","Expired App",33,20000,"married","renovation",3000,"SG","s","employed-salary","other",2022-02-10 22:26:36.472,"App 1576","l.facebook.com"
"Sales rep  C","Expired App",25,4000,"married","wedding",3000,"SG","s","employed-salary","logistic",2022-02-10 22:53:29.615,"App 1577","google"
"Sales rep  F","Expired App",53,6000,"married","debt-consolidation-ff",2600,"SG","s","employed-salary","other",2022-02-10 23:07:04.111,"App 1578","e-mail"
"Sales rep  C","Expired App",29,20000,"single","other",1400,"MY","pr","employed-salary","building-construction",2022-02-10 23:26:33.266,"App 1579","wa"
"Sales rep  F","Bank Declined App",41,10000,"married","other",2050,"IN","spass-wp","employed-salary","other",2022-02-10 23:36:33.861,"App 1580","nestia"
"Sales rep  F","Expired App",32,20000,"married","debt-consolidation",3000,"SG","s","employed-salary","other",2022-02-11 00:07:42.952,"App 1581","wa"
"Sales rep  C","Closed App",24,20000,"married","debt-consolidation-ff",3250,"MY","pr","self-employed","transport",2022-02-11 01:52:06.43,"App 1582","direct"
"Sales rep  C","Closed App",29,8000,"single","debt-consolidation-ff",3500,"SG","s","employed-salary","hospitality",2022-02-11 02:52:12.095,"App 1583","wa"
"Sales rep  C","Closed App",42,30000,"married","debt-consolidation-ff",11500,"IN","ep","employed-salary","it-telco",2022-02-11 04:54:13.251,"App 1584","direct"
"Sales rep  C","Expired App",44,20000,"married","business-expansion",3000,"SG","s","employed-salary","insurance",2022-02-11 06:20:44.752,"App 1585","e-mail"
"Sales rep  C","Expired App",36,12000,"divorced","credit-card-debt",6000,"SG","s","self-employed","transport",2022-02-11 09:08:23.18,"App 1586","facebook"
"Sales rep  F","Expired App",40,40000,"single","credit-card-debt",3950,"SG","s","employed-salary","f-and-b",2022-02-11 12:56:24.351,"App 1587","l.instagram.com"
"Sales rep  C","Expired App",29,3000,"married","other",1800,"SG","s","employed-salary","hospitality",2022-02-11 13:00:15.988,"App 1588","google"
"Sales rep  F","Expired App",29,20000,"single","renovation",4200,"PH","ep","employed-salary","f-and-b",2022-02-11 13:09:13.824,"App 1589","facebook"
"Sales rep  C","Closed App",28,20000,"single","business-expansion",2000,"SG","s","self-employed","f-and-b",2022-02-11 13:34:06.955,"App 1590","google"
"Sales rep  I","Expired App",26,10000,"single","paying-bills",1800,"SG","s","employed-salary","other",2022-02-11 14:04:25.677,"App 1591","google"
"Sales rep  I","Closed App",24,30000,"married","debt-consolidation-ff",3500,"MY","pr","self-employed","transport",2022-02-11 14:02:43.44,"App 1592","direct"
"Sales rep  F","Bank Declined App",34,6000,"married","wedding",3000,"IN","spass-wp","employed-salary","manufacturing",2022-02-12 18:56:06.619,"App 1593","duplicate"
"Sales rep  I","Loan Disbursed App",41,20000,"married","debt-consolidation",6700,"PH","spass-wp","employed-salary","insurance",2022-02-11 15:03:27.98,"App 1594","facebook"
"Sales rep  I","Expired App",38,1e+05,"single","credit-card-debt",2500,"SG","s","employed-salary","other",2022-02-11 15:40:18.188,"App 1595","facebook"
"Sales rep  C","Expired App",29,3000,"single","paying-bills",2300,"SG","s","employed-salary","manufacturing",2022-02-11 16:33:07.545,"App 1596","facebook"
"Sales rep  F","Expired App",28,1e+05,"married","credit-card-debt",8000,"SG","s","self-employed","transport",2022-02-11 16:50:13.857,"App 1597","wa"
"Sales rep  I","Loan Disbursed App",23,10000,"single","other",60000,"SG","s","self-employed","banking-finance",2022-02-11 17:17:57.144,"App 1598","google"
"Sales rep  I","Expired App",39,20000,"married","debt-consolidation",8200,"SG","ep","employed-salary","manufacturing",2022-02-11 17:28:56.368,"App 1599","yahoo"
"Sales rep  I","Expired App",50,1000,"married","debt-consolidation",30000,"NO","ep","employed-salary","it-telco",2022-02-11 17:28:16.387,"App 1600","google"
"Sales rep  I","Loan Disbursed App",27,7000,"single","special-occasion",2700,"SG","s","employed-salary","other",2022-02-11 18:00:35.317,"App 1601","google"
"Sales rep  I","Expired App",42,5000,"married","renovation",5000,"SG","s","employed-salary","f-and-b",2022-02-11 18:00:57.707,"App 1602","e-mail"
"Sales rep  I","Expired App",44,25000,"single","debt-consolidation-ff",3000,"SG","s","employed-salary","other",2022-02-11 18:06:16.835,"App 1603","wa"
"Sales rep  I","Expired App",39,15000,"married","home",2100,"SG","s","employed-salary","government",2022-02-11 18:25:13.53,"App 1604","direct"
"Sales rep  F","Closed App",29,10000,"married","wedding",4200,"SG","s","employed-salary","manufacturing",2022-02-12 13:26:42.151,"App 1605","duplicate"
"Sales rep  C","Expired App",27,1000,"single","paying-bills",3000,"SG","s","employed-salary","hospitality",2022-02-11 19:07:25.371,"App 1606","wa"
"Sales rep  F","Expired App",30,3000,"married","renovation",3000,"SG","s","employed-salary","f-and-b",2022-02-11 19:10:05.772,"App 1607","e-mail"
NA,"Closed App",35,15000,"divorced","investment",8000,"SG","s","employed-salary","f-and-b",2022-02-11 19:25:05.193,"App 1608","google"
"Sales rep  I","Loan Disbursed App",22,20000,"single","wedding",3000,"SG","s","employed-salary","building-construction",2022-02-11 19:26:58.912,"App 1609","valuechampion_sg"
"Sales rep  I","Loan Disbursed App",30,20000,"single","debt-consolidation",5000,"SG","s","employed-salary","other",2022-02-11 19:57:47.274,"App 1610","direct"
"Sales rep  C","Expired App",29,6000,"single","debt-consolidation",4800,"SG","s","employed-salary","it-telco",2022-02-11 21:47:33.692,"App 1611","direct"
"Sales rep  F","Loan Disbursed App",31,2000,"single","line-of-credit",2700,"SG","s","employed-salary","banking-finance",2022-02-11 22:04:43.812,"App 1612","google"
"Sales rep  C","Expired App",35,13000,"single","debt-consolidation",4000,"MY","pr","employed-salary","it-telco",2022-02-11 22:20:50.24,"App 1613","google"
"Sales rep  F","Expired App",39,1000,"married","paying-bills",4300,"SG","s","employed-salary","it-telco",2022-02-11 22:30:26.586,"App 1614","direct"
"Sales rep  C","Expired App",20,4000,"single","business-expansion",1500,"SG","s","self-employed","f-and-b",2022-02-11 22:34:39.699,"App 1615","google"
"Sales rep  F","Closed App",46,20000,"married","paying-bills",4300,"PH","spass-wp","employed-salary","other",2022-02-11 22:47:56.528,"App 1616","direct"
"Sales rep  C","Expired App",34,20000,"married","special-occasion",3000,"SG","s","self-employed","other",2022-02-11 23:17:23.612,"App 1617","facebook"
"Sales rep  F","Loan Disbursed App",43,20000,"married","home",4000,"SG","s","self-employed","transport",2022-02-11 23:47:11.633,"App 1618","wa"
"Sales rep  C","Closed App",37,80000,"married","credit-card-debt",8200,"SG","s","employed-salary","manufacturing",2022-02-12 00:07:06.363,"App 1619","google"
"Sales rep  F","Bank Declined App",27,40000,"married","debt-consolidation",4000,"SG","s","employed-salary","hospitality",2022-02-12 00:35:48.814,"App 1620","valuechampion_sg"
"Sales rep  C","Expired App",21,1500,"single","debt-consolidation",1500,"SG","s","employed-salary","hospitality",2022-02-12 01:00:04.488,"App 1621","google"
"Sales rep  F","Closed App",32,2000,"single","debt-consolidation",4200,"SG","s","employed-salary","other",2022-02-12 01:19:26.145,"App 1622","google"
"Sales rep  C","Expired App",43,23000,"married","debt-consolidation",2650,"SG","s","employed-salary","banking-finance",2022-02-12 01:23:01.052,"App 1623","nestia"
"Sales rep  F","Closed App",32,15000,"single","renovation",3000,"SG","s","self-employed","other",2022-02-12 01:46:58.55,"App 1624","direct"
"Sales rep  C","Expired App",30,1000,"single","other",1200,"SG","s","employed-salary","retail",2022-02-12 01:55:15.633,"App 1625","facebook"
"Sales rep  F","Bank Declined App",26,1000,"single","home",2100,"MY","spass-wp","employed-salary","f-and-b",2022-02-12 02:04:32.384,"App 1626","nestia"
"Sales rep  C","Expired App",37,5000,"married","paying-bills",6000,"SG","s","employed-salary","manufacturing",2022-02-12 02:45:21.854,"App 1627","e-mail"
"Sales rep  F","Expired App",27,5000,"single","hobbies",2400,"MY","spass-wp","employed-salary","f-and-b",2022-02-12 02:20:23.77,"App 1628","nestia"
"Sales rep  C","Expired App",35,20000,"married","renovation",4000,"MY","pr","employed-salary","retail",2022-02-12 02:59:07.759,"App 1629","google"
"Sales rep  F","Closed App",24,15000,"single","credit-card-debt",2100,"SG","s","employed-salary","other",2022-02-12 08:17:22.191,"App 1630","facebook"
"Sales rep  C","Expired App",24,15000,"single","debt-consolidation",2500,"SG","s","employed-salary","other",2022-02-12 03:19:36.238,"App 1631","valuechampion_sg"
"Sales rep  F","Expired App",32,4000,"married","debt-consolidation-ff",1700,"SG","s","self-employed","transport",2022-02-12 03:48:47.54,"App 1632","valuechampion_sg"
"Sales rep  C","Expired App",25,5000,"married","paying-bills",2300,"SG","s","employed-salary","hospitality",2022-02-12 04:37:08.851,"App 1633","valuechampion_sg"
"Sales rep  F","Expired App",40,2000,"divorced","paying-bills",2900,"SG","s","employed-salary","other",2022-02-12 07:28:59.422,"App 1634","facebook"
"Sales rep  C","Bank Declined App",30,2000,"single","other",1500,"MM","spass-wp","other","building-construction",2022-02-12 12:18:27.372,"App 1635","nestia"
"Sales rep  F","Closed App",30,5000,"single","paying-bills",6000,"SG","s","employed-salary","other",2022-02-12 12:45:03.187,"App 1636","direct"
"Sales rep  C","Expired App",62,30000,"married","education",3000,"SG","s","self-employed","f-and-b",2022-02-12 13:07:59.341,"App 1637","facebook"
"Sales rep  F","Expired App",25,20000,"single","debt-consolidation",2000,"SG","s","employed-salary","other",2022-02-12 13:21:46.668,"App 1638","facebook"
"Sales rep  C","Closed App",30,5000,"single","paying-bills",6000,"SG","s","employed-salary","other",2022-02-12 13:59:52.544,"App 1639","direct"
"Sales rep  C","Loan Disbursed App",31,1000,"married","paying-bills",5500,"SG","s","employed-salary","other",2022-02-12 14:04:31.393,"App 1640","google"
"Sales rep  I","Loan Disbursed App",49,25000,"married","renovation",6150,"MY","pr","employed-salary","hospitality",2022-02-12 14:06:04.53,"App 1641","wa"
"Sales rep  I","Expired App",41,20000,"married","debt-consolidation",4000,"SG","s","employed-salary","logistic",2022-02-12 14:40:20.46,"App 1642","e-mail"
"Sales rep  F","Expired App",44,83000,"single","wedding",2700,"SG","s","self-employed","other",2022-02-12 14:50:04.144,"App 1643","duplicate"
"Sales rep  I","Expired App",46,20000,"married","debt-consolidation-ff",8000,"IN","pr","employed-salary","building-construction",2022-02-12 15:05:19.189,"App 1644","facebook"
"Sales rep  I","Expired App",37,60000,"married","debt-consolidation",5000,"PH","spass-wp","employed-salary","manufacturing",2022-02-12 16:06:51.819,"App 1645","google"
"Sales rep  I","Expired App",49,20000,"divorced","debt-consolidation-ff",3500,"SG","s","employed-salary","education",2022-02-12 16:14:51.483,"App 1646","google"
"Sales rep  I","Expired App",28,1e+05,"single","investment",3000,"SG","s","employed-salary","it-telco",2022-02-12 16:59:06.433,"App 1647","sms"
"Sales rep  I","Loan Disbursed App",30,3000,"single","credit-card-debt",2992,"MY","pr","employed-salary","manufacturing",2022-02-12 17:45:58.845,"App 1648","google"
"Sales rep  I","Expired App",37,75000,"married","credit-card-debt",8200,"SG","s","employed-salary","manufacturing",2022-02-12 18:06:12.947,"App 1649","e-mail"
"Sales rep  I","Expired App",34,8000,"married","debt-consolidation",2300,"SG","s","employed-salary","it-telco",2022-02-12 18:00:37.888,"App 1650","google"
"Sales rep  I","Closed App",20,1200,"single","paying-bills",1800,"SG","s","employed-salary","government",2022-02-12 18:03:44.875,"App 1651","google"
"Sales rep  I","Expired App",25,2000,"single","paying-bills",2000,"SG","s","employed-salary","retail",2022-02-12 18:13:23.926,"App 1652","google"
"Sales rep  F","Expired App",24,1800,"single","other",1400,"SG","s","employed-salary","retail",2022-02-12 18:52:43.808,"App 1653","valuechampion_sg"
"Sales rep  C","Loan Disbursed App",23,20000,"single","other",3600,"MY","spass-wp","employed-salary","it-telco",2022-02-12 19:03:22.069,"App 1654","nestia"
"Sales rep  I","Closed App",43,20000,"married","vacation",2780,"IN","spass-wp","employed-salary","manufacturing",2022-02-12 19:07:48.22,"App 1655","nestia"
"Sales rep  I","Closed App",25,1000,"married","other",2600,"MY","spass-wp","employed-salary","f-and-b",2022-02-12 19:16:07.176,"App 1656","direct"
"Sales rep  I","Loan Disbursed App",28,10000,"single","education",3000,"SG","s","self-employed","transport",2022-02-12 19:34:26.976,"App 1657","facebook"
"Sales rep  I","Expired App",48,20000,"married","car",7000,"SG","s","employed-salary","other",2022-02-12 19:43:47.928,"App 1658","e-mail"
"Sales rep  F","Expired App",25,1000,"single","special-occasion",2450,"SG","s","employed-salary","education",2022-02-12 19:48:14.003,"App 1659","facebook"
"Sales rep  I","Expired App",23,4000,"single","paying-bills",2800,"SG","s","self-employed","other",2022-02-12 19:48:19.688,"App 1660","facebook"
"Sales rep  C","Expired App",48,10000,"married","home",1900,"PH","pr","employed-salary","hospitality",2022-02-12 19:50:11.868,"App 1661","facebook"
"Sales rep  I","Expired App",32,2e+05,"married","business-expansion",18000,"SG","s","self-employed","building-construction",2022-02-12 20:03:40.192,"App 1662","google"
"Sales rep  I","Expired App",57,20000,"married","business-expansion",10000,"JP","ep","employed-salary","manufacturing",2022-02-12 20:26:03.161,"App 1663","facebook"
"Sales rep  I","Loan Disbursed App",37,10000,"married","education",3000,"SG","s","employed-salary","government",2022-02-12 21:04:19.483,"App 1664","wa"
"Sales rep  I","Expired App",41,3000,"married","debt-consolidation-ff",2700,"SG","s","employed-salary","other",2022-02-12 21:12:59.021,"App 1665","facebook"
"Sales rep  F","Expired App",34,20000,"married","debt-consolidation-ff",2500,"SG","s","employed-contract","building-construction",2022-02-12 22:04:15.244,"App 1666","wa"
"Sales rep  I","Closed App",39,10000,"married","renovation",2751,"SG","s","employed-salary","education",2022-02-12 21:50:43.855,"App 1667","google"
"Sales rep  C","Expired App",25,5000,"single","line-of-credit",5000,"SG","s","self-employed","logistic",2022-02-12 22:04:07.279,"App 1668","e-mail"
"Sales rep  I","Closed App",20,1500,"single","paying-bills",1800,"SG","s","employed-salary","government",2022-02-12 22:09:43.953,"App 1669","direct"
"Sales rep  C","Expired App",40,2000,"divorced","home",2700,"SG","s","employed-salary","other",2022-02-13 19:51:19.455,"App 1670","facebook"
"Sales rep  F","Bank Declined App",50,30000,"married","debt-consolidation",1620,"SG","s","employed-salary","hospitality",2022-02-13 00:20:39.817,"App 1671","wa"
"Sales rep  C","Expired App",43,5000,"married","debt-consolidation-ff",2360,"SG","s","employed-salary","it-telco",2022-02-13 01:28:51.161,"App 1672","m.facebook.com"
"Sales rep  F","Closed App",28,15000,"single","credit-card-debt",1500,"SG","s","employed-salary","other",2022-02-13 02:02:15.496,"App 1673","l.facebook.com"
"Sales rep  C","Closed App",48,6000,"single","hobbies",4500,"SG","s","employed-salary","government",2022-02-13 03:16:01.549,"App 1674","google"
"Sales rep  F","Bank Declined App",27,5000,"single","medical",1400,"BD","spass-wp","employed-salary","other",2022-02-13 03:34:32.643,"App 1675","facebook"
"Sales rep  F","Bank Declined App",30,13000,"married","home",1700,"MY","spass-wp","employed-salary","retail",2022-02-28 04:26:20.037,"App 1676","nestia"
"Sales rep  C","Expired App",31,20000,"single","debt-consolidation",5000,"SG","s","employed-salary","building-construction",2022-02-13 05:32:37.345,"App 1677","valuechampion_sg"
"Sales rep  F","Bank Declined App",36,5000,"widow","paying-bills",1200,"SG","s","self-employed","f-and-b",2022-02-13 11:05:14.912,"App 1678","nestia"
"Sales rep  I","Expired App",22,5000,"single","other",2400,"SG","s","employed-salary","f-and-b",2022-02-13 11:11:29.907,"App 1679","google"
"Sales rep  F","Loan Disbursed App",37,10000,"married","debt-consolidation",3300,"SG","s","employed-salary","government",2022-02-13 12:28:14.291,"App 1680","bing"
"Sales rep  C","Closed App",44,10000,"married","renovation",2500,"SG","s","employed-salary","other",2022-02-13 12:34:38.749,"App 1681","wa"
"Sales rep  F","Bank Declined App",58,2000,"married","other",5357,"SG","s","employed-salary","building-construction",2022-02-13 13:24:27.407,"App 1682","bing"
"Sales rep  C","Closed App",25,10000,"single","other",3000,"SG","s","employed-salary","banking-finance",2022-02-13 13:27:26.829,"App 1683","l.instagram.com"
"Sales rep  F","Expired App",47,4000,"married","debt-consolidation-ff",1398,"SG","s","employed-salary","building-construction",2022-02-13 14:11:29.507,"App 1684","direct"
"Sales rep  C","Closed App",37,10000,"divorced","other",2300,"SG","s","employed-salary","f-and-b",2022-02-13 16:51:50.616,"App 1685","bing"
"Sales rep  I","Expired App",23,6000,"single","credit-card-debt",2650,"SG","s","employed-salary","banking-finance",2022-02-28 18:02:49.855,"App 1686","facebook"
"Sales rep  F","Expired App",24,3000,"single","debt-consolidation-ff",3700,"SG","s","employed-contract","f-and-b",2022-02-13 17:49:08.002,"App 1687","facebook"
"Sales rep  C","Bank Declined App",27,1000,"single","other",1600,"PH","spass-wp","employed-contract","other",2022-02-13 18:53:45.823,"App 1688","valuechampion_sg"
"Sales rep  F","Bank Declined App",45,30000,"married","debt-consolidation",3000,"MY","pr","employed-salary","other",2022-02-13 19:06:27.698,"App 1689","facebook"
"Sales rep  C","Expired App",44,20000,"married","home",1700,"SG","s","employed-salary","education",2022-02-13 19:24:02.653,"App 1690","e-mail"
"Sales rep  F","Bank Declined App",35,15000,"divorced","other",1850,"SG","s","employed-salary","other",2022-02-13 20:07:08.343,"App 1691","direct"
"Sales rep  C","Loan Disbursed App",30,1000,"married","home",1500,"SG","s","employed-salary","education",2022-02-13 20:51:10.03,"App 1692","google"
"Sales rep  F","Expired App",49,1200,"married","paying-bills",2400,"SG","s","employed-contract","government",2022-02-13 21:19:19.543,"App 1693","valuechampion_sg"
"Sales rep  C","Expired App",39,20000,"single","credit-card-debt",3700,"PH","spass-wp","employed-salary","building-construction",2022-02-13 22:05:23.358,"App 1694","facebook"
"Sales rep  F","Closed App",23,7000,"single","credit-card-debt",3200,"SG","s","employed-salary","other",2022-02-13 22:14:04.432,"App 1695","facebook"
"Sales rep  C","Expired App",44,25000,"married","renovation",5500,"SG","s","employed-salary","government",2022-02-14 01:15:17.394,"App 1696","yahoo"
"Sales rep  F","Expired App",33,1000,"single","paying-bills",2500,"SG","s","employed-salary","f-and-b",2022-02-14 02:18:45.806,"App 1697","e-mail"
"Sales rep  C","Closed App",46,40000,"married","business-expansion",8000,"CN","pr","employed-salary","hospitality",2022-02-15 18:23:59.147,"App 1698","google"
"Sales rep  C","Loan Disbursed App",36,50000,"widow","business-expansion",5000,"ID","pr","self-employed","manufacturing",2022-02-14 05:05:53.567,"App 1699","facebook"
"Sales rep  F","Expired App",38,60000,"married","credit-card-debt",10000,"SG","s","employed-salary","logistic",2022-02-14 05:44:29.851,"App 1700","facebook"
"Sales rep  F","Closed App",44,150000,"married","credit-card-debt",20000,"SG","s","employed-salary","f-and-b",2022-02-18 12:24:36.222,"App 1701","l.instagram.com"
"Sales rep  C","Loan Disbursed App",29,20000,"married","debt-consolidation",4000,"SG","s","employed-salary","other",2022-02-14 10:37:55.217,"App 1702","facebook"
"Sales rep  F","Bank Declined App",23,1000,"single","paying-bills",2000,"MY","spass-wp","employed-salary","manufacturing",2022-02-14 11:25:24.044,"App 1703","e-mail"
"Sales rep  C","Expired App",35,50000,"single","investment",8000,"SG","s","self-employed","retail",2022-02-14 11:35:13.12,"App 1704","direct"
"Sales rep  C","Loan Disbursed App",39,3000,"married","home",1750,"SG","s","employed-salary","f-and-b",2022-02-14 12:59:28.881,"App 1705","e-mail"
"Sales rep  F","Loan Disbursed App",56,5000,"single","other",2400,"SG","s","other","other",2022-02-14 13:13:28.439,"App 1706","wa"
"Sales rep  C","Loan Disbursed App",52,20000,"divorced","wedding",3100,"SG","s","employed-salary","manufacturing",2022-02-14 13:22:33.904,"App 1707","direct"
"Sales rep  F","Expired App",54,20000,"married","other",6600,"SG","s","employed-salary","manufacturing",2022-02-14 14:52:45.74,"App 1708","RAD"
"Sales rep  I","Expired App",29,20000,"single","debt-consolidation",6000,"SG","s","employed-salary","other",2022-02-14 14:59:03.267,"App 1709","google"
"Sales rep  F","Expired App",42,20000,"married","debt-consolidation-ff",2100,"SG","s","employed-salary","government",2022-02-14 15:11:48.681,"App 1710","direct"
"Sales rep  F","Loan Disbursed App",44,20000,"married","debt-consolidation-ff",17500,"SG","s","employed-salary","other",2022-02-14 15:13:42.647,"App 1711","google"
"Sales rep  C","Closed App",29,20000,"married","other",2000,"SG","s","employed-salary","other",2022-02-14 15:29:21.9,"App 1712","facebook"
"Sales rep  I","Closed App",34,10000,"single","debt-consolidation",3000,"MY","spass-wp","employed-salary","manufacturing",2022-02-14 15:41:40.701,"App 1713","google"
"Sales rep  F","Expired App",36,20000,"married","business-expansion",1200,"SG","s","self-employed","other",2022-02-14 16:10:33.131,"App 1714","direct"
"Sales rep  C","Expired App",40,4000,"single","debt-consolidation-ff",3000,"SG","s","employed-salary","manufacturing",2022-02-14 16:20:52.916,"App 1715","google"
"Sales rep  I","Expired App",22,10000,"single","investment",2000,"SG","s","self-employed","retail",2022-02-14 16:32:18.275,"App 1716","facebook"
"Sales rep  I","Closed App",45,10000,"married","medical",3800,"IN","spass-wp","employed-salary","building-construction",2022-02-14 16:47:25.578,"App 1717","wa"
"Sales rep  I","Expired App",30,15000,"married","medical",2700,"SG","s","employed-salary","other",2022-02-14 17:14:43.964,"App 1718","direct"
"Sales rep  F","Closed App",30,2000,"single","paying-bills",2500,"SG","s","employed-salary","logistic",2022-02-14 17:23:19.471,"App 1719","google"
"Sales rep  F","Closed App",33,5000,"married","other",3400,"SG","s","employed-salary","building-construction",2022-02-14 17:38:33.303,"App 1720","direct"
"Sales rep  F","Expired App",49,10000,"divorced","renovation",6900,"SG","s","employed-salary","building-construction",2022-02-14 17:48:31.906,"App 1721","bing"
"Sales rep  I","Expired App",31,2000,"married","renovation",4608,"SG","s","employed-salary","other",2022-02-14 18:19:25.662,"App 1722","google"
"Sales rep  C","Expired App",36,80000,"divorced","paying-bills",2200,"SG","s","employed-salary","transport",2022-02-14 18:38:16.043,"App 1723","facebook"
"Sales rep  F","Expired App",42,50000,"married","business-expansion",12000,"SG","s","self-employed","retail",2022-02-14 20:27:10.241,"App 1724","yahoo"
"Sales rep  C","Expired App",30,4000,"single","paying-bills",3000,"MY","spass-wp","employed-salary","retail",2022-02-14 20:37:23.162,"App 1725","wa"
"Sales rep  F","Loan Disbursed App",52,20000,"married","renovation",4500,"SG","s","employed-salary","building-construction",2022-02-14 21:36:09.328,"App 1726","duplicate"
"Sales rep  C","Loan Disbursed App",26,3200,"single","special-occasion",2500,"SG","s","employed-salary","building-construction",2022-02-14 22:00:38.75,"App 1727","wa"
"Sales rep  F","Loan Disbursed App",30,1500,"married","paying-bills",2600,"SG","s","employed-salary","banking-finance",2022-02-14 22:46:03.967,"App 1728","wa"
"Sales rep  C","Expired App",34,20000,"married","renovation",2500,"SG","s","employed-salary","retail",2022-02-15 00:28:22.326,"App 1729","google"
"Sales rep  C","Expired App",26,10000,"single","home",2000,"MY","spass-wp","employed-salary","f-and-b",2022-02-15 00:58:04.773,"App 1730","nestia"
"Sales rep  C","Expired App",47,2000,"married","renovation",4000,"MY","pr","self-employed","transport",2022-03-02 12:27:54.421,"App 1731","direct"
"Sales rep  F","Loan Disbursed App",36,20000,"married","medical",6700,"IN","spass-wp","employed-salary","building-construction",2022-02-16 20:44:35.521,"App 1732","yahoo"
"Sales rep  F","Bank Declined App",27,1000,"single","other",1600,"PH","spass-wp","employed-contract","other",2022-02-15 01:46:11.094,"App 1733","direct"
"Sales rep  C","Closed App",51,30000,"divorced","debt-consolidation",5500,"SG","s","employed-salary","other",2022-02-15 02:01:45.162,"App 1734","google"
"Sales rep  C","Expired App",44,15000,"married","debt-consolidation",4500,"PH","spass-wp","employed-salary","manufacturing",2022-02-15 02:43:03.973,"App 1735","yahoo"
"Sales rep  F","Expired App",41,10000,"married","renovation",5000,"SG","s","employed-salary","building-construction",2022-02-15 02:53:19.599,"App 1736","valuechampion_sg"
"Sales rep  C","Expired App",49,9000,"divorced","debt-consolidation",2346,"SG","s","employed-salary","it-telco",2022-02-15 03:05:19.421,"App 1737","facebook"
"Sales rep  F","Expired App",25,10000,"single","car",4000,"SG","s","employed-salary","government",2022-02-15 14:21:02.436,"App 1738","direct"
"Sales rep  C","Expired App",61,30000,"divorced","debt-consolidation",4500,"SG","s","employed-salary","logistic",2022-02-15 04:24:43.275,"App 1739","facebook"
"Sales rep  F","Expired App",31,5000,"married","vacation",1200,"SG","s","self-employed","f-and-b",2022-02-15 10:42:57.822,"App 1740","bing"
"Sales rep  C","Expired App",29,3000,"married","paying-bills",1400,"SG","s","employed-salary","other",2022-02-15 11:16:07.182,"App 1741","e-mail"
"Sales rep  C","Closed App",45,20000,"single","investment",8400,"PH","ep","employed-salary","it-telco",2022-02-15 11:32:49.663,"App 1742","e-mail"
"Sales rep  F","Closed App",46,1000,"married","special-occasion",9500,"SG","s","employed-salary","logistic",2022-02-15 11:34:27.277,"App 1743","e-mail"
"Sales rep  C","Expired App",35,1000,"divorced","other",1500,"SG","s","self-employed","logistic",2022-02-15 11:41:39.978,"App 1744","facebook"
"Sales rep  F","Expired App",49,10000,"married","home",7500,"SG","s","employed-salary","other",2022-02-15 11:53:27.992,"App 1745","google"
"Sales rep  F","Closed App",54,15000,"divorced","medical",2700,"SG","s","employed-salary","it-telco",2022-02-15 12:20:49.469,"App 1746","e-mail"
"Sales rep  C","Closed App",45,20000,"married","debt-consolidation",2940,"SG","s","employed-salary","government",2022-02-15 12:38:11.738,"App 1747","e-mail"
"Sales rep  F","Expired App",28,15000,"single","car",3500,"SG","s","employed-salary","other",2022-02-15 12:54:29.585,"App 1748","wa"
"Sales rep  F","Bank Declined App",31,1000,"married","paying-bills",2700,"SG","s","employed-salary","other",2022-02-15 13:22:25.108,"App 1749","e-mail"
"Sales rep  C","Expired App",39,8000,"married","paying-bills",1750,"SG","s","employed-salary","f-and-b",2022-02-15 13:38:31.317,"App 1750","google"
"Sales rep  C","Closed App",34,10000,"single","debt-consolidation-ff",2500,"SG","s","employed-salary","logistic",2022-02-15 15:36:53.89,"App 1751","e-mail"
"Sales rep  F","Bank Declined App",25,1000,"married","other",2700,"MY","spass-wp","employed-salary","f-and-b",2022-02-15 15:40:47.645,"App 1752","wa"
"Sales rep  C","Expired App",32,15000,"single","debt-consolidation",3500,"SG","s","employed-salary","other",2022-02-15 16:04:37.448,"App 1753","nestia"
"Sales rep  F","Closed App",28,1000,"divorced","debt-consolidation",3400,"SG","s","employed-salary","other",2022-02-15 16:13:50.751,"App 1754","google"
"Sales rep  C","Closed App",42,1e+05,"married","debt-consolidation",6000,"SG","s","self-employed","f-and-b",2022-02-15 16:14:57.779,"App 1755","nestia"
"Sales rep  F","Expired App",38,20000,"married","business-expansion",6100,"SG","s","employed-salary","other",2022-02-15 16:23:53.011,"App 1756","direct"
NA,"Bank Declined App",19,5000,"single","home",1600,"MY","spass-wp","employed-salary","retail",2022-02-15 17:20:38.679,"App 1757","nestia"
"Sales rep  C","Expired App",30,60000,"single","other",4700,"SG","s","employed-salary","other",2022-02-15 16:58:41.224,"App 1758","direct"
"Sales rep  C","Loan Disbursed App",37,10000,"single","paying-bills",5630,"PH","spass-wp","employed-salary","manufacturing",2022-02-15 18:17:44.078,"App 1759","facebook"
"Sales rep  F","Expired App",32,20000,"married","debt-consolidation",3250,"SG","s","employed-salary","other",2022-02-15 17:23:29.457,"App 1760","e-mail"
NA,"Bank Declined App",28,1000,"divorced","debt-consolidation",3400,"SG","s","other","other",2022-02-15 18:13:58.412,"App 1761","google"
"Sales rep  F","Loan Disbursed App",35,1000,"single","debt-consolidation",2000,"SG","s","employed-salary","transport",2022-02-17 19:14:12.468,"App 1762","google"
"Sales rep  F","Expired App",49,130000,"divorced","business-expansion",10459,"SG","s","employed-salary","other",2022-02-15 19:12:08.447,"App 1763","direct"
"Sales rep  F","Loan Disbursed App",33,15000,"married","home",7560,"SG","s","self-employed","other",2022-02-16 01:47:58.071,"App 1764","google"
"Sales rep  C","Expired App",41,20000,"married","renovation",3500,"SG","s","employed-salary","hospitality",2022-02-15 20:33:23.387,"App 1765","valuechampion_sg"
"Sales rep  C","Expired App",24,30000,"single","home",1950,"MY","spass-wp","employed-salary","other",2022-02-17 15:49:53.252,"App 1766","l.instagram.com"
"Sales rep  C","Loan Disbursed App",44,40000,"married","credit-card-debt",10000,"PH","ep","employed-salary","it-telco",2022-02-15 19:58:10.189,"App 1767","direct"
"Sales rep  I","Closed App",39,10000,"married","other",1750,"SG","s","employed-salary","f-and-b",2022-02-15 20:38:35.795,"App 1768","google"
"Sales rep  C","Closed App",41,10000,"married","paying-bills",3600,"SG","s","employed-salary","retail",2022-02-15 20:51:17.519,"App 1769","e-mail"
"Sales rep  F","Expired App",57,1e+05,"married","business-expansion",6000,"SG","s","employed-salary","banking-finance",2022-02-15 21:54:45.778,"App 1770","yahoo"
"Sales rep  F","Loan Disbursed App",47,15000,"divorced","debt-consolidation",2500,"SG","s","employed-salary","other",2022-02-15 22:20:15.452,"App 1771","yahoo"
"Sales rep  F","Expired App",51,2000,"married","medical",2300,"SG","s","employed-contract","other",2022-03-06 18:00:07.356,"App 1772","facebook"
"Sales rep  C","Expired App",27,20000,"single","debt-consolidation-ff",3500,"SG","s","self-employed","other",2022-02-15 23:34:28.633,"App 1773","facebook"
"Sales rep  I","Closed App",48,3000,"single","paying-bills",2000,"SG","s","employed-salary","f-and-b",2022-02-15 23:38:37.812,"App 1774","e-mail"
"Sales rep  F","Closed App",26,5000,"single","paying-bills",2900,"PH","ep","employed-contract","manufacturing",2022-02-16 00:08:18.918,"App 1775","google"
"Sales rep  C","Closed App",29,1300,"single","paying-bills",1960,"SG","s","employed-salary","retail",2022-02-16 01:20:05.814,"App 1776","google"
"Sales rep  I","Expired App",26,1000,"single","debt-consolidation-ff",2100,"SG","s","employed-salary","f-and-b",2022-02-16 03:40:45.128,"App 1777","facebook"
"Sales rep  F","Expired App",30,6000,"single","medical",6400,"PH","ep","employed-salary","retail",2022-02-16 03:53:49.338,"App 1778","google"
"Sales rep  C","Expired App",32,24000,"married","paying-bills",3000,"SG","s","employed-salary","other",2022-02-16 07:16:32.227,"App 1779","google"
"Sales rep  I","Bank Declined App",23,20000,"single","debt-consolidation-ff",1490,"SG","s","employed-salary","hospitality",2022-02-16 08:16:49.132,"App 1780","e-mail"
"Sales rep  F","Loan Disbursed App",44,10000,"divorced","other",4000,"SG","s","employed-salary","it-telco",2022-02-16 09:05:02.708,"App 1781","google"
"Sales rep  C","Expired App",32,20000,"single","credit-card-debt",7260,"SG","s","employed-salary","it-telco",2022-02-16 09:44:14.062,"App 1782","facebook"
"Sales rep  I","Expired App",59,1e+05,"married","credit-card-debt",7500,"SG","s","employed-salary","manufacturing",2022-02-16 13:19:49.434,"App 1783","RAD"
"Sales rep  F","Expired App",29,20000,"single","business-expansion",2000,"SG","s","self-employed","other",2022-02-16 11:17:40.527,"App 1784","sms"
"Sales rep  I","Closed App",29,20000,"married","business-expansion",5000,"SG","s","self-employed","building-construction",2022-02-16 11:31:12.779,"App 1785","sms"
"Sales rep  C","Loan Disbursed App",51,50000,"divorced","credit-card-debt",9500,"SG","s","employed-salary","education",2022-02-16 11:39:54.483,"App 1786","direct"
"Sales rep  I","Expired App",60,20000,"divorced","debt-consolidation",3000,"SG","s","employed-salary","manufacturing",2022-02-16 12:11:11.203,"App 1787","sms"
"Sales rep  F","Bank Declined App",30,40000,"single","debt-consolidation-ff",2800,"MY","spass-wp","employed-salary","other",2022-02-16 12:21:56.768,"App 1788","direct"
"Sales rep  F","Bank Declined App",56,1500,"divorced","debt-consolidation-ff",1600,"SG","s","employed-salary","f-and-b",2022-02-16 12:28:42.438,"App 1789","sms"
"Sales rep  F","Expired App",35,15000,"single","line-of-credit",6970,"PH","ep","employed-salary","it-telco",2022-02-16 12:47:50.373,"App 1790","sms"
"Sales rep  C","Closed App",47,5000,"divorced","business-expansion",4500,"SG","s","self-employed","other",2022-02-16 12:49:03.301,"App 1791","lm.facebook.com"
"Sales rep  I","Expired App",33,18000,"married","investment",2500,"SG","s","employed-salary","other",2022-02-16 13:22:32.697,"App 1792","l.facebook.com"
"Sales rep  I","Expired App",28,22000,"married","credit-card-debt",3200,"SG","s","employed-salary","other",2022-02-16 15:00:18.275,"App 1793","facebook"
"Sales rep  C","Expired App",33,20000,"married","home",3484,"IN","spass-wp","employed-salary","other",2022-02-16 15:09:05.208,"App 1794","wa"
"Sales rep  I","Closed App",28,20000,"single","debt-consolidation",1900,"SG","s","employed-salary","manufacturing",2022-02-16 15:17:06.362,"App 1795","sms"
NA,"Bank Declined App",36,20000,"married","debt-consolidation",2558,"SG","s","employed-salary","building-construction",2022-02-16 15:18:29.225,"App 1796","google"
"Sales rep  F","Closed App",34,7000,"married","other",4280,"SG","s","employed-salary","it-telco",2022-02-16 15:18:14.761,"App 1797","google"
"Sales rep  C","Loan Disbursed App",26,3000,"single","paying-bills",1960,"SG","s","employed-salary","retail",2022-02-16 16:02:57.277,"App 1798","direct"
"Sales rep  C","Closed App",36,10000,"married","debt-consolidation",3850,"SG","s","employed-salary","other",2022-02-16 16:09:26.146,"App 1799","e-mail"
"Sales rep  F","Closed App",47,3000,"single","business-expansion",1500,"SG","s","self-employed","retail",2022-02-16 16:31:37.527,"App 1800","google"
"Sales rep  F","Expired App",34,3000,"married","investment",3400,"SG","s","employed-salary","logistic",2022-02-16 16:59:53.931,"App 1801","wa"
"Sales rep  F","Expired App",36,10000,"married","debt-consolidation",3850,"SG","s","employed-salary","other",2022-02-16 17:48:57.053,"App 1802","e-mail"
"Sales rep  F","Expired App",24,1500,"married","paying-bills",3000,"SG","s","employed-salary","education",2022-02-16 18:18:29.177,"App 1803","facebook"
"Sales rep  I","Closed App",25,2000,"married","paying-bills",3250,"SG","s","employed-salary","other",2022-02-17 18:54:43.719,"App 1804","google"
"Sales rep  F","Bank Declined App",50,50000,"widow","other",5000,"SG","s","employed-salary","other",2022-02-16 18:39:25.747,"App 1805","bing"
"Sales rep  C","Closed App",71,20000,"married","debt-consolidation-ff",6800,"SG","s","employed-salary","retail",2022-02-16 18:45:10.833,"App 1806","RAD"
"Sales rep  F","Expired App",25,7000,"married","business-expansion",1900,"SG","s","employed-salary","other",2022-02-16 19:04:42.812,"App 1807","direct"
"Sales rep  I","Expired App",57,20000,"married","paying-bills",2600,"SG","s","employed-salary","other",2022-02-16 20:42:13.366,"App 1808","duplicate"
"Sales rep  C","Expired App",38,20000,"married","debt-consolidation",4000,"SG","s","employed-salary","other",2022-02-16 20:45:06.085,"App 1809","wa"
"Sales rep  I","Expired App",32,70000,"single","medical",8000,"SG","s","employed-salary","other",2022-02-16 21:17:44.835,"App 1810","google"
"Sales rep  I","Expired App",36,4000,"single","credit-card-debt",2400,"SG","s","employed-salary","government",2022-02-16 21:31:23.689,"App 1811","google"
"Sales rep  I","Loan Disbursed App",40,10000,"married","home",1873,"SG","s","employed-salary","other",2022-03-03 04:27:45.578,"App 1812","e-mail"
"Sales rep  C","Expired App",34,2e+05,"married","business-expansion",14000,"SG","s","employed-salary","logistic",2022-02-16 22:05:11.171,"App 1813","e-mail"
"Sales rep  I","Loan Disbursed App",54,4000,"divorced","debt-consolidation",2800,"SG","s","employed-salary","other",2022-02-16 22:10:08.356,"App 1814","wa"
"Sales rep  F","Expired App",41,10000,"married","renovation",3500,"SG","s","employed-salary","building-construction",2022-02-16 22:16:32.308,"App 1815","valuechampion_sg"
"Sales rep  C","Closed App",53,20000,"divorced","debt-consolidation",3500,"SG","s","employed-salary","other",2022-02-16 22:23:57.902,"App 1816","facebook"
"Sales rep  I","Closed App",30,10000,"single","wedding",5500,"SG","s","employed-salary","other",2022-02-16 22:31:41.796,"App 1817","direct"
"Sales rep  C","Expired App",53,3000,"married","debt-consolidation-ff",5500,"MY","pr","employed-salary","other",2022-02-17 00:31:54.295,"App 1818","google"
"Sales rep  I","Loan Disbursed App",34,10000,"married","debt-consolidation",4000,"SG","s","employed-salary","logistic",2022-02-16 23:22:19.243,"App 1819","google"
"Sales rep  F","Loan Disbursed App",41,20000,"married","credit-card-debt",7873,"IN","ep","employed-salary","it-telco",2022-02-16 23:30:44.442,"App 1820","RAD"
"Sales rep  C","Expired App",28,1800,"single","wedding",1200,"SG","s","employed-salary","other",2022-02-16 23:49:14.801,"App 1821","sms"
"Sales rep  C","Loan Disbursed App",33,20000,"single","debt-consolidation",5600,"MY","pr","employed-salary","it-telco",2022-02-17 00:46:27.661,"App 1822","google"
"Sales rep  I","Loan Disbursed App",30,15000,"single","debt-consolidation",3800,"SG","s","employed-salary","government",2022-02-17 01:04:55.552,"App 1823","facebook"
"Sales rep  C","Expired App",32,20000,"married","other",5250,"SG","s","employed-salary","manufacturing",2022-02-17 01:03:06.147,"App 1824","google"
"Sales rep  F","Bank Declined App",29,30000,"married","credit-card-debt",5735,"SG","s","employed-salary","government",2022-02-17 02:24:43.521,"App 1825","google"
"Sales rep  I","Expired App",30,20000,"single","other",2592,"SG","s","employed-salary","other",2022-02-17 02:28:30.408,"App 1826","direct"
"Sales rep  C","Bank Declined App",22,10000,"single","wedding",3200,"SG","s","self-employed","transport",2022-02-17 02:42:08.784,"App 1827","e-mail"
"Sales rep  F","Closed App",25,30000,"single","education",3500,"MY","spass-wp","employed-salary","retail",2022-02-17 03:15:17.332,"App 1828","facebook"
"Sales rep  I","Closed App",42,29000,"married","debt-consolidation-ff",11500,"IN","ep","employed-salary","it-telco",2022-02-17 03:51:32.574,"App 1829","google"
"Sales rep  C","Closed App",54,50000,"married","home",4000,"SG","s","employed-salary","other",2022-02-17 04:09:59.539,"App 1830","google"
"Sales rep  F","Loan Disbursed App",28,20000,"single","debt-consolidation",2500,"SG","s","employed-salary","logistic",2022-02-17 05:44:18.609,"App 1831","facebook"
"Sales rep  I","Closed App",27,4000,"married","credit-card-debt",2800,"SG","s","employed-salary","transport",2022-02-17 07:37:46.74,"App 1832","google"
"Sales rep  I","Loan Disbursed App",25,3000,"single","debt-consolidation-ff",2600,"SG","s","employed-salary","it-telco",2022-02-17 09:55:11.014,"App 1833","wa"
"Sales rep  F","Bank Declined App",25,10000,"married","other",2000,"MY","spass-wp","employed-salary","retail",2022-02-17 10:42:19.136,"App 1834","facebook"
"Sales rep  I","Expired App",48,1000,"single","debt-consolidation",1900,"SG","s","employed-salary","f-and-b",2022-02-17 11:09:22.929,"App 1835","wa"
"Sales rep  F","Closed App",29,30000,"single","debt-consolidation",3000,"SG","s","employed-salary","building-construction",2022-03-04 12:56:59.791,"App 1836","facebook"
"Sales rep  C","Closed App",37,2000,"single","other",1745,"SG","s","employed-salary","logistic",2022-02-17 11:20:15.561,"App 1837","facebook"
"Sales rep  C","Loan Disbursed App",32,30000,"married","renovation",5000,"CN","spass-wp","employed-salary","building-construction",2022-02-17 12:37:35.933,"App 1838","google"
"Sales rep  F","Expired App",46,25000,"married","education",14000,"IN","ep","employed-salary","logistic",2022-02-17 12:57:33.976,"App 1839","RAD"
"Sales rep  F","Bank Declined App",49,5000,"married","credit-card-debt",4000,"SG","s","employed-salary","hospitality",2022-02-17 13:47:30.722,"App 1840","e-mail"
"Sales rep  C","Closed App",24,70000,"single","education",4600,"IN","spass-wp","employed-salary","manufacturing",2022-02-20 16:32:31.182,"App 1841","bing"
"Sales rep  I","Expired App",31,11000,"married","debt-consolidation",2300,"SG","s","employed-salary","building-construction",2022-02-17 14:18:28.139,"App 1842","google"
"Sales rep  F","Closed App",33,3000,"single","debt-consolidation-ff",3200,"PH","spass-wp","employed-salary","education",2022-02-17 14:40:20.601,"App 1843","direct"
"Sales rep  I","Loan Disbursed App",40,3000,"married","home",2300,"SG","s","employed-salary","building-construction",2022-02-17 14:50:28.696,"App 1844","lm.facebook.com"
"Sales rep  C","Expired App",44,50000,"single","investment",4750,"SG","s","employed-salary","it-telco",2022-02-17 15:08:09.101,"App 1845","valuechampion_sg"
"Sales rep  I","Bank Declined App",66,5000,"single","medical",1300,"SG","s","employed-salary","other",2022-02-17 16:33:05.625,"App 1846","direct"
"Sales rep  I","Loan Disbursed App",30,2000,"single","paying-bills",2900,"MY","pr","employed-salary","government",2022-02-17 15:16:34.671,"App 1847","google"
"Sales rep  F","Bank Declined App",42,2000,"divorced","education",2600,"MY","spass-wp","employed-salary","f-and-b",2022-02-17 15:41:39.164,"App 1848","google"
"Sales rep  I","Loan Disbursed App",36,50000,"married","other",4200,"SG","s","employed-salary","other",2022-02-17 15:58:57.72,"App 1849","facebook"
"Sales rep  C","Expired App",33,3000,"single","paying-bills",2600,"MY","spass-wp","employed-salary","f-and-b",2022-02-17 16:12:52.324,"App 1850","e-mail"
"Sales rep  I","Expired App",34,20000,"single","paying-bills",3400,"SG","s","employed-salary","manufacturing",2022-02-17 16:17:40.635,"App 1851","wa"
"Sales rep  F","Expired App",33,3000,"single","debt-consolidation-ff",3200,"PH","spass-wp","employed-salary","education",2022-02-17 16:28:24.177,"App 1852","duplicate"
"Sales rep  C","Loan Disbursed App",34,1000,"single","paying-bills",2200,"SG","s","employed-salary","logistic",2022-02-17 16:40:27.162,"App 1853","google"
"Sales rep  F","Closed App",20,2000,"single","paying-bills",1800,"SG","s","employed-salary","government",2022-02-17 16:43:03.251,"App 1854","wa"
"Sales rep  C","Closed App",28,50000,"single","wedding",3500,"SG","s","employed-salary","transport",2022-02-17 17:02:05.394,"App 1855","wa"
"Sales rep  I","Expired App",49,50000,"divorced","renovation",3300,"SG","s","employed-contract","it-telco",2022-02-17 17:06:47.288,"App 1856","bing"
"Sales rep  F","Closed App",41,20000,"widow","car",3800,"SG","s","employed-salary","manufacturing",2022-02-17 17:16:39.001,"App 1857","wa"
"Sales rep  F","Expired App",50,10000,"married","home",2600,"SG","s","employed-salary","other",2022-02-17 17:18:40.718,"App 1858","sms"
"Sales rep  C","Expired App",25,5000,"single","wedding",1900,"SG","s","employed-salary","f-and-b",2022-02-17 17:30:37.692,"App 1859","google"
"Sales rep  C","Expired App",46,10000,"married","other",3249,"SG","s","employed-salary","government",2022-02-17 17:52:39.425,"App 1860","facebook"
"Sales rep  F","Bank Declined App",35,10000,"divorced","debt-consolidation",3000,"SG","s","employed-salary","transport",2022-02-17 18:00:35.787,"App 1861","wa"
"Sales rep  I","Closed App",31,20000,"single","debt-consolidation",5300,"MY","pr","employed-salary","f-and-b",2022-02-17 18:14:41.755,"App 1862","facebook"
"Sales rep  F","Loan Disbursed App",43,17000,"married","credit-card-debt",6000,"SG","s","employed-salary","education",2022-02-17 18:48:48.418,"App 1863","yahoo"
"Sales rep  C","Expired App",59,10000,"married","other",3000,"SG","s","employed-salary","other",2022-02-17 19:01:43.275,"App 1864","facebook"
"Sales rep  C","Expired App",25,10000,"single","debt-consolidation-ff",1800,"MY","spass-wp","employed-salary","retail",2022-02-17 19:06:21.284,"App 1865","direct"
NA,"Bank Declined App",22,2500,"single","paying-bills",1300,"SG","s","employed-salary","retail",2022-02-17 19:15:02.228,"App 1866","direct"
"Sales rep  I","Closed App",31,4000,"single","line-of-credit",4000,"SG","s","self-employed","insurance",2022-02-17 19:18:46.923,"App 1867","google"
"Sales rep  C","Expired App",27,39000,"single","debt-consolidation-ff",3000,"MY","spass-wp","employed-salary","f-and-b",2022-02-17 20:37:44.845,"App 1868","bing"
"Sales rep  F","Expired App",36,20000,"married","debt-consolidation",3000,"SG","s","employed-salary","retail",2022-02-17 20:52:51.238,"App 1869","google"
"Sales rep  I","Loan Disbursed App",25,10000,"married","home",2500,"SG","s","employed-salary","other",2022-02-17 21:41:16.017,"App 1870","google"
"Sales rep  I","Expired App",61,15000,"married","education",3050,"SG","s","employed-salary","logistic",2022-02-21 14:07:43.143,"App 1871","facebook"
"Sales rep  I","Loan Disbursed App",41,6500,"divorced","medical",2700,"SG","s","employed-salary","other",2022-02-17 22:22:01.982,"App 1872","plannerbee.co"
"Sales rep  C","Closed App",34,20000,"single","renovation",2000,"MY","pr","employed-salary","manufacturing",2022-02-17 23:27:50.212,"App 1873","wa"
"Sales rep  F","Loan Disbursed App",49,10000,"married","renovation",2650,"IN","pr","employed-salary","other",2022-02-18 00:08:14.305,"App 1874","wa"
"Sales rep  I","Expired App",43,18000,"single","credit-card-debt",4450,"SG","s","employed-salary","other",2022-02-18 00:44:13.896,"App 1875","l.instagram.com"
"Sales rep  C","Expired App",30,20000,"married","renovation",2000,"SG","s","employed-salary","transport",2022-02-18 00:53:37.498,"App 1876","direct"
"Sales rep  F","Loan Disbursed App",30,2000,"single","education",2800,"IN","spass-wp","employed-salary","building-construction",2022-02-18 02:08:47.791,"App 1877","facebook"
"Sales rep  I","Loan Disbursed App",39,10000,"divorced","education",3000,"SG","s","employed-salary","other",2022-02-18 02:46:38.286,"App 1878","e-mail"
"Sales rep  F","Bank Declined App",35,25000,"single","business-expansion",2300,"MY","spass-wp","employed-salary","government",2022-02-20 01:21:34.852,"App 1879","facebook"
"Sales rep  C","Bank Declined App",23,5000,"single","education",1400,"MY","spass-wp","employed-salary","building-construction",2022-02-18 03:00:20.786,"App 1880","google"
"Sales rep  F","Bank Declined App",44,31000,"married","renovation",11500,"MY","pr","employed-salary","building-construction",2022-02-18 03:56:07.038,"App 1881","bing"
"Sales rep  I","Closed App",59,20000,"single","debt-consolidation-ff",1900,"SG","s","employed-salary","logistic",2022-02-18 04:18:17.513,"App 1882","direct"
"Sales rep  C","Expired App",35,20000,"single","debt-consolidation",2500,"MY","spass-wp","employed-salary","it-telco",2022-02-18 06:50:46.502,"App 1883","google"
"Sales rep  F","Expired App",34,40000,"married","business-expansion",7000,"SG","s","self-employed","other",2022-02-18 10:09:02.405,"App 1884","google"
"Sales rep  I","Expired App",42,20000,"single","debt-consolidation",1700,"SG","s","employed-salary","retail",2022-02-18 10:10:06.138,"App 1885","facebook"
"Sales rep  C","Expired App",24,20000,"single","investment",3500,"SG","s","employed-salary","hospitality",2022-02-18 10:13:16.984,"App 1886","google"
"Sales rep  F","Expired App",29,4000,"single","debt-consolidation-ff",2500,"MY","ep","employed-salary","f-and-b",2022-02-18 10:54:18.56,"App 1887","valuechampion_sg"
"Sales rep  I","Closed App",38,30000,"married","credit-card-debt",8000,"IN","ep","employed-salary","it-telco",2022-02-18 12:20:25.985,"App 1888","wa"
"Sales rep  F","Closed App",38,1500,"single","other",2800,"SG","s","employed-salary","retail",2022-02-18 12:35:02.929,"App 1889","wa"
"Sales rep  C","Expired App",48,10000,"married","business-expansion",4600,"PH","spass-wp","employed-salary","building-construction",2022-02-18 12:35:44.497,"App 1890","lm.facebook.com"
"Sales rep  I","Closed App",28,50000,"married","investment",10000,"SG","s","employed-salary","other",2022-02-18 12:56:28.933,"App 1891","google"
"Sales rep  I","Expired App",34,25000,"married","renovation",4500,"SG","s","self-employed","building-construction",2022-02-18 13:05:58.731,"App 1892","facebook"
"Sales rep  C","Loan Disbursed App",33,3000,"married","paying-bills",2400,"SG","s","employed-salary","other",2022-02-18 13:15:05.977,"App 1893","l.facebook.com"
"Sales rep  F","Closed App",30,20000,"single","other",6000,"SG","s","employed-salary","other",2022-02-18 13:34:09.694,"App 1894","direct"
"Sales rep  I","Closed App",31,5000,"single","line-of-credit",4000,"SG","s","self-employed","insurance",2022-02-18 14:49:55.08,"App 1895","wa"
"Sales rep  F","Loan Disbursed App",35,5000,"married","home",6000,"PH","spass-wp","employed-salary","it-telco",2022-02-18 16:24:31.375,"App 1896","valuechampion_sg"
"Sales rep  I","Closed App",25,20000,"married","home",4000,"IN","spass-wp","employed-salary","f-and-b",2022-02-18 16:28:04.607,"App 1897","direct"
"Sales rep  C","Expired App",41,5000,"married","credit-card-debt",13550,"SG","s","employed-salary","banking-finance",2022-02-18 16:27:41.332,"App 1898","google"
"Sales rep  F","Expired App",31,20000,"married","credit-card-debt",4700,"SG","s","employed-salary","education",2022-02-18 16:40:47.623,"App 1899","bing"
"Sales rep  C","Expired App",28,15000,"single","debt-consolidation-ff",3000,"SG","s","self-employed","retail",2022-02-18 16:43:22.902,"App 1900","google"
"Sales rep  I","Closed App",47,30000,"married","debt-consolidation",4600,"US","pr","employed-salary","education",2022-02-18 17:14:56.348,"App 1901","facebook"
"Sales rep  C","Closed App",34,3000,"single","investment",3500,"PH","spass-wp","employed-salary","education",2022-02-18 17:34:54.74,"App 1902","google"
"Sales rep  C","Loan Disbursed App",31,10000,"married","paying-bills",2000,"SG","s","employed-salary","retail",2022-02-18 20:12:01.093,"App 1903","direct"
"Sales rep  C","Loan Disbursed App",48,2500,"divorced","paying-bills",3000,"SG","s","self-employed","education",2022-02-18 21:23:49.792,"App 1904","bing"
"Sales rep  C","Closed App",39,5000,"married","paying-bills",1900,"SG","s","employed-salary","f-and-b",2022-02-18 22:03:36.69,"App 1905","e-mail"
"Sales rep  C","Bank Declined App",28,20000,"married","paying-bills",1600,"SG","s","employed-salary","government",2022-02-18 22:34:26.692,"App 1906","google"
"Sales rep  C","Closed App",40,20000,"married","debt-consolidation",2070,"SG","s","employed-salary","other",2022-02-18 22:39:05.451,"App 1907","wa"
"Sales rep  C","Expired App",20,1000,"single","vacation",2000,"SG","s","employed-salary","government",2022-02-18 22:54:30.404,"App 1908","google"
"Sales rep  C","Expired App",26,20000,"married","credit-card-debt",4000,"SG","pr","employed-salary","education",2022-02-18 23:15:21.022,"App 1909","l.facebook.com"
"Sales rep  C","Expired App",42,50000,"married","business-expansion",3200,"SG","s","employed-salary","retail",2022-02-19 00:21:15.421,"App 1910","bing"
"Sales rep  C","Loan Disbursed App",44,20000,"divorced","business-expansion",2800,"SG","s","self-employed","transport",2022-02-19 00:40:29.989,"App 1911","facebook"
"Sales rep  C","Closed App",40,5000,"divorced","wedding",2040,"SG","s","employed-salary","other",2022-02-19 01:13:29.617,"App 1912","wa"
"Sales rep  C","Expired App",39,50000,"single","wedding",8000,"SG","s","employed-salary","education",2022-02-19 03:04:58.884,"App 1913","facebook"
"Sales rep  C","Expired App",31,15000,"married","renovation",4000,"SG","s","self-employed","logistic",2022-02-19 03:53:49.082,"App 1914","google"
"Sales rep  C","Expired App",42,3500,"married","other",5000,"SG","s","employed-salary","other",2022-02-19 05:19:21.298,"App 1915","e-mail"
"Sales rep  C","Expired App",26,8000,"single","debt-consolidation-ff",1900,"SG","s","employed-salary","f-and-b",2022-02-19 09:50:55.711,"App 1916","google"
"Sales rep  C","Expired App",41,1000,"single","debt-consolidation-ff",2000,"SG","s","employed-salary","f-and-b",2022-02-19 10:42:42.36,"App 1917","plannerbee"
"Sales rep  C","Loan Disbursed App",42,50000,"single","renovation",3650,"SG","s","employed-salary","it-telco",2022-02-19 13:26:06.105,"App 1918","direct"
"Sales rep  C","Bank Declined App",62,20000,"married","paying-bills",4300,"SG","s","employed-salary","building-construction",2022-02-19 13:51:50.807,"App 1919","e-mail"
"Sales rep  F","Closed App",40,2000,"married","education",2800,"SG","s","employed-salary","education",2022-02-19 14:15:57.817,"App 1920","google"
"Sales rep  F","Closed App",33,20000,"single","debt-consolidation-ff",2750,"SG","s","employed-salary","hospitality",2022-02-19 14:34:20.249,"App 1921","facebook"
"Sales rep  I","Loan Disbursed App",45,10000,"married","other",3247,"SG","s","employed-salary","other",2022-02-19 14:59:17.2,"App 1922","google"
"Sales rep  C","Bank Declined App",51,20000,"widow","business-expansion",3800,"SG","s","self-employed","building-construction",2022-02-19 15:21:03.126,"App 1923","e-mail"
"Sales rep  C","Expired App",31,5000,"single","line-of-credit",4000,"SG","s","self-employed","insurance",2022-02-19 15:30:04.462,"App 1924","google"
"Sales rep  C","Closed App",25,5000,"single","medical",2500,"SG","s","employed-salary","other",2022-02-19 15:55:36.686,"App 1925","google"
"Sales rep  I","Closed App",44,10000,"married","hobbies",4000,"SG","s","employed-salary","other",2022-02-19 16:32:15.745,"App 1926","wa"
"Sales rep  I","Expired App",46,17000,"married","other",3320,"SG","s","employed-salary","logistic",2022-02-19 17:13:28.818,"App 1927","facebook"
"Sales rep  I","Closed App",28,20000,"single","special-occasion",3180,"MY","spass-wp","other","f-and-b",2022-02-19 17:25:59.375,"App 1928","wa"
"Sales rep  F","Expired App",35,25000,"single","debt-consolidation",4855,"SG","s","employed-salary","government",2022-02-19 17:29:43.665,"App 1929","google"
"Sales rep  F","Expired App",39,5000,"married","other",1900,"SG","s","employed-salary","f-and-b",2022-02-19 17:47:39.046,"App 1930","google"
"Sales rep  C","Closed App",36,30000,"single","renovation",3600,"SG","s","employed-salary","f-and-b",2022-02-19 18:25:39.593,"App 1931","facebook"
"Sales rep  F","Expired App",44,5000,"divorced","renovation",2000,"SG","s","employed-salary","retail",2022-02-21 14:28:49.092,"App 1932","google"
"Sales rep  F","Closed App",42,5000,"married","debt-consolidation",2200,"SG","s","employed-salary","transport",2022-02-19 20:36:13.734,"App 1933","wa"
"Sales rep  I","Closed App",37,1000,"single","debt-consolidation",1800,"MY","spass-wp","employed-salary","f-and-b",2022-02-19 20:10:05.627,"App 1934","nestia"
"Sales rep  I","Loan Disbursed App",46,30000,"married","renovation",6000,"SG","s","employed-salary","it-telco",2022-02-19 20:37:16.141,"App 1935","direct"
"Sales rep  I","Loan Disbursed App",30,20000,"single","home",3500,"SG","s","self-employed","transport",2022-02-19 20:42:14.77,"App 1936","facebook"
"Sales rep  I","Closed App",31,30000,"single","line-of-credit",7500,"SG","s","employed-salary","other",2022-02-21 17:58:53.621,"App 1937","google"
"Sales rep  C","Expired App",35,20000,"married","renovation",2500,"SG","s","employed-salary","other",2022-02-19 22:32:34.919,"App 1938","direct"
"Sales rep  I","Closed App",30,20000,"single","other",6000,"SG","s","employed-salary","other",2022-02-19 22:42:59.046,"App 1939","direct"
"Sales rep  C","Expired App",28,20000,"single","wedding",3910,"SG","s","employed-salary","hospitality",2022-02-19 22:54:51.937,"App 1940","wa"
"Sales rep  F","Loan Disbursed App",46,10000,"divorced","medical",3500,"SG","s","employed-salary","government",2022-02-19 23:20:09.403,"App 1941","facebook"
"Sales rep  F","Bank Declined App",30,6000,"single","home",1200,"BD","spass-wp","other","building-construction",2022-02-19 23:37:11.608,"App 1942","nestia"
"Sales rep  C","Closed App",26,4000,"divorced","medical",1700,"SG","s","employed-salary","other",2022-02-20 00:02:54.512,"App 1943","direct"
"Sales rep  I","Bank Declined App",36,15000,"single","debt-consolidation",2500,"MY","spass-wp","employed-salary","other",2022-02-20 00:42:40.269,"App 1944","valuechampion_sg"
"Sales rep  I","Expired App",37,22000,"divorced","debt-consolidation",3400,"SG","s","employed-salary","other",2022-02-20 01:34:29.589,"App 1945","bing"
"Sales rep  C","Expired App",33,20000,"married","debt-consolidation",3950,"SG","s","employed-salary","it-telco",2022-02-20 02:35:40.462,"App 1946","facebook"
"Sales rep  F","Closed App",36,5000,"married","paying-bills",5000,"SG","s","employed-salary","logistic",2022-02-20 02:58:31.184,"App 1947","wa"
"Sales rep  F","Closed App",39,1e+05,"divorced","medical",10000,"SG","s","self-employed","transport",2022-02-20 03:21:43.794,"App 1948","valuechampion_sg"
"Sales rep  C","Expired App",35,3000,"single","other",1800,"MY","spass-wp","other","manufacturing",2022-02-20 04:14:42.658,"App 1949","facebook"
"Sales rep  I","Expired App",27,20000,"single","wedding",3100,"SG","s","employed-salary","retail",2022-02-20 04:45:51.229,"App 1950","facebook"
"Sales rep  C","Closed App",37,20000,"married","renovation",2200,"SG","s","employed-salary","logistic",2022-02-20 08:16:09.024,"App 1951","facebook"
"Sales rep  I","Expired App",40,15000,"divorced","home",2500,"SG","s","employed-salary","education",2022-02-20 09:06:44.642,"App 1952","facebook"
"Sales rep  F","Closed App",28,27000,"single","credit-card-debt",2800,"SG","s","employed-salary","manufacturing",2022-02-20 09:38:34.087,"App 1953","wa"
"Sales rep  F","Closed App",39,10000,"single","other",3200,"SG","s","employed-salary","other",2022-02-20 10:34:10.429,"App 1954","valuechampion_sg"
"Sales rep  C","Expired App",34,1000,"married","other",3000,"MY","pr","employed-salary","other",2022-02-20 11:28:56.635,"App 1955","facebook"
"Sales rep  F","Expired App",31,25000,"married","credit-card-debt",3400,"SG","s","employed-salary","building-construction",2022-02-20 12:01:25.957,"App 1956","facebook"
"Sales rep  I","Bank Declined App",33,10000,"married","medical",1200,"IN","spass-wp","employed-salary","logistic",2022-02-20 13:15:07.236,"App 1957","nestia"
"Sales rep  C","Expired App",46,10000,"single","debt-consolidation-ff",1698,"SG","s","employed-salary","logistic",2022-02-20 13:11:10.747,"App 1958","facebook"
"Sales rep  I","Closed App",27,10000,"single","debt-consolidation",3200,"SG","s","employed-salary","other",2022-02-20 13:10:03.522,"App 1959","direct"
"Sales rep  I","Expired App",21,6000,"single","debt-consolidation-ff",1800,"SG","s","employed-salary","f-and-b",2022-02-28 18:41:07.187,"App 1960","facebook"
"Sales rep  F","Expired App",33,10000,"single","debt-consolidation",2600,"SG","s","employed-salary","hospitality",2022-02-20 15:58:16.615,"App 1961","nestia"
"Sales rep  C","Loan Disbursed App",56,60000,"married","investment",20000,"GB","ep","employed-salary","it-telco",2022-02-20 16:19:05.78,"App 1962","valuechampion_sg"
"Sales rep  I","Loan Disbursed App",62,20000,"married","home",8000,"US","pr","employed-salary","it-telco",2022-02-20 16:26:11.274,"App 1963","bing"
"Sales rep  F","Expired App",31,5000,"married","paying-bills",2150,"SG","s","employed-salary","education",2022-02-20 16:50:30.349,"App 1964","sms"
"Sales rep  I","Expired App",60,10000,"married","home",2100,"SG","s","employed-salary","f-and-b",2022-02-21 15:18:43.737,"App 1965","nestia"
"Sales rep  F","Bank Declined App",61,20000,"married","debt-consolidation",2700,"SG","s","employed-salary","building-construction",2022-02-20 17:06:15.251,"App 1966","bing"
"Sales rep  C","Expired App",33,20000,"single","renovation",3000,"SG","s","employed-salary","logistic",2022-02-20 17:55:57.06,"App 1967","google"
"Sales rep  C","Bank Declined App",53,20000,"single","debt-consolidation",1600,"SG","s","employed-salary","f-and-b",2022-03-11 19:47:34.877,"App 1968","wa"
"Sales rep  I","Expired App",60,20000,"married","paying-bills",10000,"SG","pr","employed-salary","education",2022-02-20 18:10:56.695,"App 1969","valuechampion_sg"
"Sales rep  C","Expired App",41,20000,"single","credit-card-debt",4200,"PH","spass-wp","employed-salary","other",2022-02-20 18:49:54.413,"App 1970","facebook"
"Sales rep  I","Expired App",24,3000,"single","debt-consolidation",2300,"SG","s","employed-salary","f-and-b",2022-02-20 18:54:04.936,"App 1971","google"
"Sales rep  F","Loan Disbursed App",51,20000,"divorced","debt-consolidation",6800,"SG","s","employed-salary","it-telco",2022-02-20 19:00:16.843,"App 1972","valuechampion_sg"
"Sales rep  F","Closed App",27,3000,"single","wedding",4500,"SG","s","employed-salary","manufacturing",2022-02-20 19:16:18.949,"App 1973","wa"
"Sales rep  C","Closed App",64,6000,"married","wedding",2600,"SG","s","other","other",2022-02-20 20:38:40.234,"App 1974","wa"
"Sales rep  C","Loan Disbursed App",29,1000,"single","paying-bills",2900,"PH","spass-wp","employed-contract","education",2022-02-20 21:13:34.554,"App 1975","google"
"Sales rep  I","Closed App",38,20000,"married","paying-bills",2500,"SG","s","self-employed","transport",2022-02-20 22:33:36.409,"App 1976","direct"
"Sales rep  I","Bank Declined App",36,30000,"married","debt-consolidation",2900,"SG","s","employed-salary","education",2022-02-20 22:52:47.825,"App 1977","lm.facebook.com"
"Sales rep  C","Closed App",39,30000,"single","debt-consolidation-ff",3000,"SG","s","employed-salary","retail",2022-02-21 00:21:03.394,"App 1978","facebook"
"Sales rep  F","Bank Declined App",31,70000,"married","debt-consolidation",5000,"SG","s","employed-salary","other",2022-02-21 00:10:52.558,"App 1979","google"
"Sales rep  F","Closed App",32,40000,"married","renovation",2860,"SG","s","employed-salary","government",2022-02-21 01:02:09.263,"App 1980","e-mail"
"Sales rep  C","Loan Disbursed App",29,10000,"single","debt-consolidation",3500,"SG","s","employed-salary","it-telco",2022-02-21 03:04:21.982,"App 1981","valuechampion_sg"
"Sales rep  F","Expired App",42,5000,"married","paying-bills",1800,"SG","s","employed-salary","other",2022-02-21 16:32:42.517,"App 1982","facebook"
"Sales rep  I","Expired App",39,20000,"married","other",5200,"SG","s","employed-salary","logistic",2022-02-21 05:36:38.836,"App 1983","direct"
"Sales rep  C","Bank Declined App",25,2000,"single","debt-consolidation-ff",1700,"SG","s","self-employed","logistic",2022-02-21 08:40:33.169,"App 1984","facebook"
"Sales rep  F","Closed App",35,8000,"married","debt-consolidation",2100,"SG","s","employed-salary","other",2022-02-21 10:47:41.839,"App 1985","google"
"Sales rep  F","Expired App",25,5000,"single","debt-consolidation-ff",2850,"MY","spass-wp","employed-salary","building-construction",2022-02-21 13:04:42.25,"App 1986","wa"
"Sales rep  I","Closed App",30,10000,"single","debt-consolidation",3900,"SG","s","employed-salary","building-construction",2022-02-21 13:36:07.411,"App 1987","facebook"
"Sales rep  I","Expired App",30,10000,"single","debt-consolidation",10000,"SG","s","employed-salary","banking-finance",2022-02-21 13:36:40.898,"App 1988","google"
"Sales rep  F","Expired App",50,5000,"widow","medical",1700,"SG","s","employed-salary","hospitality",2022-02-21 13:46:50.898,"App 1989","facebook"
"Sales rep  C","Expired App",38,3000,"married","debt-consolidation-ff",3000,"SG","s","employed-salary","building-construction",2022-02-21 14:22:26.399,"App 1990","bing"
"Sales rep  F","Bank Declined App",44,2e+05,"married","credit-card-debt",15000,"SG","s","self-employed","other",2022-02-21 14:29:46.306,"App 1991","google"
"Sales rep  C","Expired App",38,7000,"married","debt-consolidation-ff",1850,"SG","s","self-employed","f-and-b",2022-02-21 14:31:24.458,"App 1992","facebook"
"Sales rep  F","Closed App",48,20000,"married","debt-consolidation",6300,"SG","s","employed-salary","logistic",2022-02-21 14:40:26.035,"App 1993","facebook"
"Sales rep  C","Expired App",46,40000,"married","credit-card-debt",1900,"SG","s","employed-salary","other",2022-02-21 14:53:06.767,"App 1994","l.instagram.com"
"Sales rep  I","Closed App",30,5000,"single","renovation",6300,"SG","s","employed-salary","other",2022-02-21 14:53:00.314,"App 1995","direct"
"Sales rep  C","Bank Declined App",30,27000,"married","debt-consolidation",2500,"SG","s","employed-salary","other",2022-02-21 15:05:28.202,"App 1996","google"
"Sales rep  F","Bank Declined App",56,12000,"married","special-occasion",15000,"SG","s","employed-salary","other",2022-02-21 19:52:18.14,"App 1997","bing"
"Sales rep  I","Closed App",26,2000,"single","debt-consolidation-ff",2400,"SG","s","employed-salary","it-telco",2022-02-21 15:12:09.816,"App 1998","google"
"Sales rep  F","Loan Disbursed App",36,15000,"married","investment",2650,"MY","pr","employed-salary","banking-finance",2022-02-21 15:13:06.955,"App 1999","facebook"
"Sales rep  C","Expired App",30,4000,"single","other",6300,"SG","s","employed-salary","other",2022-02-21 15:20:05.092,"App 2000","google"
"Sales rep  C","Expired App",25,40000,"married","wedding",18000,"SG","s","employed-salary","it-telco",2022-02-21 15:28:34.368,"App 2001","google"
"Sales rep  F","Bank Declined App",34,20000,"single","home",2900,"MM","spass-wp","employed-salary","other",2022-02-21 16:45:06.223,"App 2002","direct"
"Sales rep  C","Expired App",34,60000,"single","debt-consolidation",4874,"SG","s","employed-salary","other",2022-02-21 16:46:20.806,"App 2003","facebook"
"Sales rep  I","Expired App",38,40000,"married","credit-card-debt",8000,"SG","ep","employed-salary","it-telco",2022-02-21 16:47:45.965,"App 2004","direct"
"Sales rep  I","Expired App",43,1000,"single","debt-consolidation-ff",1800,"SG","s","employed-salary","logistic",2022-02-21 17:12:34.622,"App 2005","wa"
"Sales rep  C","Closed App",27,20000,"married","credit-card-debt",3400,"SG","s","employed-salary","other",2022-02-21 17:24:39.618,"App 2006","direct"
"Sales rep  C","Loan Disbursed App",33,2000,"married","debt-consolidation-ff",3400,"MY","pr","self-employed","f-and-b",2022-02-21 17:57:29.349,"App 2007","wa"
"Sales rep  C","Expired App",37,1000,"single","debt-consolidation",1800,"MY","spass-wp","employed-salary","f-and-b",2022-02-21 18:53:02.79,"App 2008","wa"
NA,"Closed App",40,5000,"single","paying-bills",2800,"SG","s","employed-salary","retail",2022-02-21 19:31:59.216,"App 2009","google"
"Sales rep  F","Expired App",32,18000,"married","line-of-credit",9300,"SG","s","employed-salary","it-telco",2022-02-21 19:07:49.753,"App 2010","google"
"Sales rep  I","Loan Disbursed App",38,20000,"married","paying-bills",3500,"SG","s","self-employed","transport",2022-02-21 19:05:51.589,"App 2011","duplicate"
"Sales rep  C","Closed App",45,2e+05,"married","business-expansion",28000,"SG","s","employed-salary","retail",2022-02-21 19:05:35.724,"App 2012","bing"
"Sales rep  I","Expired App",45,50000,"single","debt-consolidation",5000,"SG","s","employed-salary","it-telco",2022-02-21 19:25:14.349,"App 2013","google"
NA,"Closed App",40,2000,"single","paying-bills",2800,"SG","s","employed-salary","retail",2022-02-21 20:03:00.46,"App 2014","direct"
"Sales rep  F","Expired App",31,20000,"married","home",2000,"SG","s","self-employed","transport",2022-02-21 20:04:15.374,"App 2015","facebook"
"Sales rep  I","Expired App",42,10000,"married","other",3500,"SG","s","employed-salary","transport",2022-02-21 20:42:52.974,"App 2016","m.facebook.com"
"Sales rep  I","Expired App",35,10000,"single","debt-consolidation",1700,"MY","pr","employed-salary","building-construction",2022-02-21 20:51:22.099,"App 2017","google"
"Sales rep  F","Expired App",21,12000,"single","investment",1500,"SG","s","self-employed","hospitality",2022-02-21 21:35:49.012,"App 2018","google"
"Sales rep  I","Closed App",49,2e+05,"married","debt-consolidation",10198,"SG","s","employed-salary","manufacturing",2022-02-21 22:05:51.992,"App 2019","lm.facebook.com"
"Sales rep  C","Expired App",35,1200,"married","debt-consolidation-ff",1600,"SG","s","employed-salary","logistic",2022-02-21 23:17:28.704,"App 2020","facebook"
"Sales rep  F","Closed App",27,10000,"single","debt-consolidation",3200,"SG","s","employed-salary","other",2022-02-21 23:14:36.97,"App 2021","direct"
"Sales rep  I","Expired App",35,10000,"married","education",4200,"SG","s","employed-salary","banking-finance",2022-02-21 23:46:37.581,"App 2022","google"
"Sales rep  F","Bank Declined App",58,6000,"married","debt-consolidation",1400,"SG","s","employed-salary","f-and-b",2022-02-22 00:55:35.805,"App 2023","facebook"
"Sales rep  C","Loan Disbursed App",36,10000,"single","debt-consolidation-ff",3125,"SG","s","employed-salary","f-and-b",2022-02-22 02:57:13.64,"App 2024","google"
"Sales rep  F","Expired App",26,12000,"single","wedding",2928,"SG","s","employed-salary","government",2022-02-22 12:35:05.158,"App 2025","google"
"Sales rep  F","Expired App",31,32500,"married","credit-card-debt",3000,"SG","s","employed-salary","other",2022-02-22 05:27:27.129,"App 2026","facebook"
"Sales rep  I","Expired App",40,20000,"single","debt-consolidation",2800,"SG","s","employed-salary","retail",2022-02-22 06:04:34.266,"App 2027","e-mail"
"Sales rep  C","Expired App",30,20000,"single","debt-consolidation",3200,"SG","s","employed-salary","retail",2022-02-22 10:25:51.529,"App 2028","facebook"
"Sales rep  F","Closed App",58,5000,"married","debt-consolidation-ff",3200,"SG","s","employed-salary","other",2022-02-22 11:04:11.337,"App 2029","e-mail"
"Sales rep  C","Expired App",64,20000,"single","paying-bills",2800,"SG","s","employed-salary","f-and-b",2022-02-22 11:18:31.088,"App 2030","e-mail"
"Sales rep  I","Closed App",33,2000,"single","paying-bills",3200,"MY","spass-wp","employed-salary","other",2022-02-22 11:23:54.298,"App 2031","e-mail"
"Sales rep  F","Expired App",44,5000,"married","business-expansion",2000,"SG","s","self-employed","f-and-b",2022-02-22 11:36:51.729,"App 2032","e-mail"
"Sales rep  C","Expired App",66,30000,"married","business-expansion",4500,"SG","s","self-employed","building-construction",2022-02-22 12:03:26.202,"App 2033","e-mail"
"Sales rep  I","Closed App",39,5000,"married","other",4500,"MY","spass-wp","employed-salary","logistic",2022-02-22 12:23:28.807,"App 2034","sms"
"Sales rep  F","Expired App",33,20000,"married","debt-consolidation",3200,"SG","s","employed-salary","other",2022-02-22 12:52:11.874,"App 2035","direct"
"Sales rep  C","Closed App",32,10000,"single","home",2800,"SG","s","employed-salary","logistic",2022-02-22 13:03:33.825,"App 2036","bing"
"Sales rep  I","Expired App",43,20000,"single","line-of-credit",5800,"SG","s","employed-salary","hospitality",2022-02-22 13:12:50.061,"App 2037","e-mail"
"Sales rep  F","Bank Declined App",37,250000,"single","debt-consolidation",16000,"SG","s","self-employed","building-construction",2022-02-22 13:14:23.639,"App 2038","facebook"
"Sales rep  C","Expired App",27,30000,"married","debt-consolidation",2500,"SG","s","employed-salary","other",2022-02-22 13:31:25.094,"App 2039","valuechampion_sg"
"Sales rep  C","Expired App",32,5000,"married","medical",5000,"CN","spass-wp","employed-salary","manufacturing",2022-02-22 13:59:50.644,"App 2040","direct"
"Sales rep  C","Expired App",28,15000,"married","credit-card-debt",3500,"SG","s","employed-salary","education",2022-02-22 13:45:29.599,"App 2041","google"
"Sales rep  I","Loan Disbursed App",27,10000,"single","debt-consolidation",2300,"SG","s","employed-salary","logistic",2022-02-22 14:24:37.831,"App 2042","valuechampion_sg"
"Sales rep  F","Closed App",47,19000,"married","renovation",2500,"SG","s","employed-salary","hospitality",2022-02-22 14:43:56.551,"App 2043","facebook"
"Sales rep  I","Bank Declined App",25,10000,"married","business-expansion",2300,"MY","spass-wp","employed-salary","logistic",2022-02-23 05:19:49.199,"App 2044","direct"
"Sales rep  C","Expired App",29,20000,"single","investment",3100,"SG","s","employed-salary","other",2022-02-22 15:24:50.395,"App 2045","google"
"Sales rep  C","Bank Declined App",26,20000,"single","other",1000,"SG","s","employed-salary","f-and-b",2022-02-22 21:14:10.36,"App 2046","facebook"
"Sales rep  I","Expired App",24,10000,"single","investment",2200,"SG","s","employed-salary","logistic",2022-02-22 15:56:38.863,"App 2047","wa"
"Sales rep  F","Loan Disbursed App",33,25000,"married","credit-card-debt",3100,"SG","s","employed-salary","banking-finance",2022-02-22 16:16:56.202,"App 2048","facebook"
"Sales rep  C","Closed App",50,8000,"married","business-expansion",2900,"SG","s","self-employed","f-and-b",2022-02-22 16:18:53.066,"App 2049","nestia"
"Sales rep  F","Closed App",27,10000,"single","debt-consolidation",3200,"SG","s","employed-salary","other",2022-02-22 16:28:09.2,"App 2050","direct"
"Sales rep  I","Loan Disbursed App",34,5000,"married","debt-consolidation-ff",5000,"SG","s","employed-salary","building-construction",2022-02-22 16:34:30.23,"App 2051","wa"
"Sales rep  F","Bank Declined App",75,8000,"married","debt-consolidation-ff",1500,"SG","s","self-employed","other",2022-02-22 16:51:31.109,"App 2052","nestia"
"Sales rep  I","Closed App",35,1500,"married","home",2000,"IN","spass-wp","employed-salary","education",2022-02-22 17:39:16.481,"App 2053","direct"
"Sales rep  F","Bank Declined App",35,6000,"single","paying-bills",4876,"IN","spass-wp","employed-salary","transport",2022-02-22 18:05:40.773,"App 2054","direct"
"Sales rep  F","Expired App",41,20000,"married","renovation",1500,"SG","s","employed-salary","f-and-b",2022-02-22 18:18:01.371,"App 2055","facebook"
"Sales rep  I","Expired App",62,8000,"married","education",2300,"SG","s","employed-salary","f-and-b",2022-02-22 18:24:15.28,"App 2056","bing"
"Sales rep  I","Closed App",31,2000,"single","investment",2800,"SG","s","employed-salary","hospitality",2022-02-22 18:28:19.993,"App 2057","google"
"Sales rep  C","Bank Declined App",39,60000,"single","debt-consolidation",5300,"SG","s","employed-salary","retail",2022-02-22 18:41:04.208,"App 2058","google"
"Sales rep  C","Expired App",28,20000,"single","debt-consolidation",2300,"SG","s","employed-salary","other",2022-02-22 18:56:02.842,"App 2059","wa"
"Sales rep  F","Loan Disbursed App",28,6000,"single","investment",3500,"PH","spass-wp","employed-salary","other",2022-02-22 19:29:15.636,"App 2060","direct"
"Sales rep  I","Expired App",37,15000,"single","paying-bills",6000,"SG","s","employed-salary","other",2022-02-22 19:29:24.088,"App 2061","l.instagram.com"
"Sales rep  C","Expired App",27,20000,"single","debt-consolidation",2500,"SG","s","employed-salary","other",2022-02-22 19:31:57.369,"App 2062","wa"
"Sales rep  F","Closed App",24,20000,"married","line-of-credit",3000,"SG","s","employed-salary","other",2022-02-22 20:08:05.419,"App 2063","facebook"
"Sales rep  I","Bank Declined App",25,5000,"single","car",1650,"MY","spass-wp","employed-salary","f-and-b",2022-02-22 20:51:26.764,"App 2064","nestia"
"Sales rep  C","Closed App",30,5000,"single","other",7000,"SG","s","employed-salary","other",2022-02-22 20:58:24.436,"App 2065","direct"
"Sales rep  C","Expired App",34,5000,"divorced","paying-bills",1633,"IN","pr","self-employed","retail",2022-02-22 21:15:21.558,"App 2066","google"
"Sales rep  F","Closed App",27,20000,"single","debt-consolidation-ff",20000,"MY","spass-wp","employed-salary","f-and-b",2022-02-22 21:38:02.472,"App 2067","duplicate"
"Sales rep  I","Expired App",29,30000,"single","debt-consolidation",30000,"MY","pr","self-employed","transport",2022-02-22 22:06:10.38,"App 2068","google"
"Sales rep  F","Bank Declined App",34,5000,"single","debt-consolidation",4092,"MY","spass-wp","employed-salary","logistic",2022-02-22 22:23:18.49,"App 2069","yahoo"
"Sales rep  I","Closed App",38,150000,"divorced","paying-bills",1600,"SG","s","employed-salary","logistic",2022-02-22 22:44:54.196,"App 2070","facebook"
"Sales rep  C","Closed App",60,20000,"single","other",4000,"SG","s","self-employed","other",2022-02-23 00:08:00.766,"App 2071","facebook"
"Sales rep  I","Bank Declined App",23,5000,"single","other",2350,"MY","spass-wp","employed-salary","f-and-b",2022-03-10 00:44:50.534,"App 2072","facebook"
"Sales rep  I","Expired App",54,20000,"divorced","medical",6489,"SG","s","employed-salary","other",2022-02-23 00:33:11.198,"App 2073","direct"
"Sales rep  C","Bank Declined App",32,3000,"single","paying-bills",791,"SG","s","employed-salary","retail",2022-02-23 01:25:28.082,"App 2074","google"
"Sales rep  F","Expired App",38,20000,"married","home",7000,"SG","s","employed-salary","it-telco",2022-02-23 02:09:39.16,"App 2075","google"
"Sales rep  I","Closed App",32,5000,"divorced","home",2610,"SG","s","employed-salary","it-telco",2022-02-23 02:49:52.969,"App 2076","facebook"
"Sales rep  C","Expired App",30,15000,"single","wedding",2000,"SG","s","employed-salary","government",2022-02-23 02:48:26.064,"App 2077","facebook"
"Sales rep  F","Expired App",28,30000,"single","other",2500,"SG","s","self-employed","transport",2022-02-23 02:59:23.111,"App 2078","valuechampion_sg"
"Sales rep  I","Expired App",31,8000,"single","debt-consolidation",2500,"SG","s","employed-salary","government",2022-02-23 04:33:10.742,"App 2079","facebook"
"Sales rep  C","Bank Declined App",25,20000,"married","debt-consolidation",2500,"SG","s","other","other",2022-02-23 04:36:11.816,"App 2080","e-mail"
"Sales rep  C","Bank Declined App",25,2000,"single","paying-bills",1200,"SG","s","self-employed","f-and-b",2022-02-23 10:22:38.219,"App 2081","l.facebook.com"
"Sales rep  F","Expired App",25,8000,"married","debt-consolidation-ff",2300,"SG","s","employed-salary","transport",2022-02-23 10:21:45.587,"App 2082","google"
"Sales rep  C","Loan Disbursed App",34,5000,"single","debt-consolidation",5800,"MY","pr","employed-salary","logistic",2022-02-23 11:32:31.427,"App 2083","google"
"Sales rep  F","Expired App",21,10000,"single","home",2000,"MY","spass-wp","employed-salary","manufacturing",2022-02-23 12:00:19.899,"App 2084","google"
NA,"Closed App",36,5000,"married","special-occasion",2650,"MY","pr","employed-salary","insurance",2022-02-23 12:32:12.308,"App 2085","bing"
"Sales rep  C","Loan Disbursed App",35,15000,"married","home",4200,"MY","spass-wp","employed-salary","other",2022-02-23 12:49:46.576,"App 2086","google"
"Sales rep  I","Expired App",29,5500,"divorced","other",3400,"SG","s","employed-salary","other",2022-02-23 12:53:03.314,"App 2087","direct"
"Sales rep  F","Expired App",62,7000,"married","paying-bills",4300,"SG","s","employed-salary","building-construction",2022-02-23 13:09:59.986,"App 2088","google"
"Sales rep  I","Expired App",34,3000,"married","renovation",2900,"SG","s","employed-salary","banking-finance",2022-02-23 13:12:45.183,"App 2089","google"
"Sales rep  C","Closed App",39,70000,"single","debt-consolidation-ff",5500,"SG","s","employed-salary","other",2022-02-23 13:35:51.475,"App 2090","facebook"
"Sales rep  F","Closed App",29,49000,"married","debt-consolidation",3500,"SG","s","employed-salary","other",2022-02-23 13:41:17.33,"App 2091","google"
"Sales rep  F","Bank Declined App",27,10000,"married","debt-consolidation",1400,"SG","s","employed-salary","other",2022-02-23 14:20:49.051,"App 2092","e-mail"
"Sales rep  F","Loan Disbursed App",24,10000,"single","investment",2800,"SG","s","employed-salary","other",2022-02-23 15:05:46.72,"App 2093","facebook"
"Sales rep  F","Expired App",35,20000,"single","debt-consolidation",3300,"SG","s","employed-salary","f-and-b",2022-02-23 15:10:10.459,"App 2094","direct"
"Sales rep  C","Expired App",35,10000,"single","home",5000,"SG","s","employed-salary","manufacturing",2022-02-23 15:19:49.641,"App 2095","google"
"Sales rep  I","Closed App",27,10000,"single","debt-consolidation",3200,"SG","s","employed-salary","other",2022-02-23 16:29:12.003,"App 2096","direct"
"Sales rep  F","Expired App",27,20000,"married","credit-card-debt",3200,"SG","s","employed-salary","other",2022-02-23 16:45:00.261,"App 2097","direct"
"Sales rep  F","Expired App",38,15000,"married","debt-consolidation",3692,"SG","s","self-employed","other",2022-02-23 17:11:34.491,"App 2098","direct"
"Sales rep  C","Expired App",35,20000,"divorced","debt-consolidation-ff",3000,"SG","s","self-employed","other",2022-02-23 18:25:30.454,"App 2099","valuechampion_sg"
"Sales rep  I","Loan Disbursed App",30,2000,"single","paying-bills",1900,"SG","s","employed-salary","other",2022-02-23 18:33:15.109,"App 2100","direct"
"Sales rep  F","Expired App",46,50000,"married","home",11000,"SG","s","employed-salary","education",2022-02-23 18:54:59.273,"App 2101","bing"
"Sales rep  C","Bank Declined App",41,2000,"married","paying-bills",4500,"SG","s","self-employed","logistic",2022-02-23 19:01:28.521,"App 2102","direct"
"Sales rep  F","Closed App",34,20000,"married","debt-consolidation-ff",2500,"SG","s","self-employed","f-and-b",2022-02-23 19:04:13.732,"App 2103","wa"
"Sales rep  C","Closed App",33,10000,"married","debt-consolidation",3000,"MY","spass-wp","employed-salary","building-construction",2022-02-23 20:06:13.6,"App 2104","google"
"Sales rep  F","Expired App",32,6000,"single","debt-consolidation",4000,"SG","s","self-employed","transport",2022-02-23 20:02:17.37,"App 2105","e-mail"
"Sales rep  I","Expired App",32,15000,"married","debt-consolidation-ff",3800,"SG","s","employed-salary","f-and-b",2022-02-23 20:22:19.538,"App 2106","valuechampion_sg"
"Sales rep  C","Bank Declined App",25,11000,"married","debt-consolidation-ff",1400,"SG","s","employed-salary","building-construction",2022-02-23 21:59:44.9,"App 2107","direct"
"Sales rep  F","Closed App",35,8000,"married","vacation",3500,"SG","s","employed-salary","it-telco",2022-02-23 22:10:08.115,"App 2108","wa"
"Sales rep  F","Closed App",33,4000,"married","paying-bills",1900,"MY","s","other","transport",2022-02-24 13:34:53.792,"App 2109","wa"
"Sales rep  C","Loan Disbursed App",26,15000,"married","debt-consolidation-ff",2800,"MY","pr","employed-salary","government",2022-02-23 22:31:05.309,"App 2110","direct"
"Sales rep  F","Closed App",41,20000,"married","business-expansion",4000,"SG","s","employed-salary","government",2022-02-23 22:38:11.666,"App 2111","e-mail"
"Sales rep  C","Closed App",32,20000,"single","debt-consolidation-ff",5100,"SG","s","employed-salary","manufacturing",2022-02-23 22:57:28.682,"App 2112","valuechampion_sg"
"Sales rep  C","Closed App",33,40000,"married","business-expansion",3500,"CN","pr","employed-salary","other",2022-02-23 23:11:44.93,"App 2113","direct"
"Sales rep  F","Expired App",48,50000,"married","business-expansion",5000,"SG","s","self-employed","f-and-b",2022-02-23 23:12:46.698,"App 2114","facebook"
"Sales rep  C","Expired App",28,20000,"married","other",3800,"SG","s","employed-salary","other",2022-02-24 00:02:13.954,"App 2115","google"
"Sales rep  F","Closed App",60,3500,"widow","other",1800,"SG","s","employed-salary","f-and-b",2022-02-24 00:22:06.229,"App 2116","facebook"
"Sales rep  C","Bank Declined App",56,1500,"divorced","paying-bills",1600,"SG","s","employed-salary","f-and-b",2022-02-24 01:12:17.962,"App 2117","sms"
"Sales rep  I","Expired App",32,3000,"divorced","debt-consolidation",3000,"SG","s","employed-salary","government",2022-02-25 12:09:31.855,"App 2118","direct"
"Sales rep  F","Loan Disbursed App",29,6000,"married","debt-consolidation",1800,"SG","s","employed-salary","education",2022-02-24 02:09:53.782,"App 2119","direct"
"Sales rep  C","Expired App",29,14000,"married","home",3000,"SG","s","employed-salary","it-telco",2022-02-24 05:17:47.011,"App 2120","google"
"Sales rep  F","Expired App",27,20000,"single","business-expansion",3970,"SG","s","self-employed","insurance",2022-02-24 06:02:02.298,"App 2121","e-mail"
"Sales rep  C","Loan Disbursed App",30,5000,"married","paying-bills",3500,"SG","s","employed-salary","hospitality",2022-02-24 08:56:20.019,"App 2122","google"
"Sales rep  I","Closed App",59,20000,"widow","credit-card-debt",8000,"PH","ep","employed-salary","other",2022-03-01 21:50:12.135,"App 2123","yahoo"
"Sales rep  F","Closed App",30,12000,"single","debt-consolidation",3800,"SG","s","employed-salary","other",2022-02-24 09:03:11.338,"App 2124","google"
"Sales rep  C","Expired App",29,20000,"single","debt-consolidation-ff",4800,"SG","s","employed-salary","building-construction",2022-02-24 11:25:48.844,"App 2125","google"
"Sales rep  F","Closed App",28,35000,"single","other",3855,"SG","s","employed-salary","banking-finance",2022-02-24 11:54:45.614,"App 2126","facebook"
"Sales rep  C","Expired App",36,5000,"married","other",8000,"SG","s","employed-salary","transport",2022-02-24 12:22:31.955,"App 2127","facebook"
"Sales rep  F","Closed App",37,40000,"married","credit-card-debt",3500,"SG","s","employed-salary","other",2022-02-24 13:59:21.478,"App 2128","google"
"Sales rep  C","Expired App",69,5000,"married","home",2500,"SG","s","employed-salary","transport",2022-02-24 14:10:18.049,"App 2129","direct"
"Sales rep  C","Closed App",47,20000,"married","paying-bills",5000,"SG","s","employed-salary","banking-finance",2022-02-24 14:29:36.913,"App 2130","bing"
"Sales rep  F","Expired App",29,20000,"single","investment",4000,"SG","s","self-employed","other",2022-02-24 14:31:51.521,"App 2131","google"
"Sales rep  F","Loan Disbursed App",30,20000,"single","car",3100,"SG","s","employed-salary","government",2022-02-24 14:50:12.006,"App 2132","direct"
"Sales rep  C","Expired App",60,20000,"married","other",5000,"MY","spass-wp","employed-salary","building-construction",2022-02-24 15:00:05.942,"App 2133","finder_sg"
"Sales rep  F","Closed App",33,30000,"single","credit-card-debt",5000,"MY","pr","employed-salary","other",2022-02-24 15:18:04.322,"App 2134","google"
"Sales rep  C","Closed App",41,25000,"married","credit-card-debt",3200,"SG","s","employed-salary","f-and-b",2022-02-24 15:15:40.351,"App 2135","valuechampion_sg"
"Sales rep  C","Closed App",46,20000,"single","line-of-credit",2500,"SG","s","employed-salary","other",2022-02-24 15:27:35.63,"App 2136","bing"
"Sales rep  C","Expired App",22,20000,"single","other",2100,"MY","pr","employed-salary","f-and-b",2022-02-24 15:50:24.615,"App 2137","nestia"
"Sales rep  F","Closed App",41,40000,"married","debt-consolidation",4800,"SG","s","employed-salary","building-construction",2022-02-24 16:06:12.897,"App 2138","e-mail"
"Sales rep  F","Closed App",42,3000,"single","other",2200,"SG","s","employed-salary","f-and-b",2022-02-24 17:01:39.14,"App 2139","e-mail"
"Sales rep  C","Loan Disbursed App",28,3000,"single","debt-consolidation-ff",2700,"SG","s","employed-salary","other",2022-02-24 16:23:18.77,"App 2140","e-mail"
"Sales rep  C","Closed App",71,20000,"married","credit-card-debt",6800,"SG","s","employed-salary","retail",2022-02-24 16:39:22.111,"App 2141","rad"
"Sales rep  F","Expired App",39,20000,"married","business-expansion",3600,"SG","s","employed-salary","retail",2022-02-24 16:50:56.92,"App 2142","yahoo"
"Sales rep  F","Expired App",34,3000,"married","home",2500,"SG","s","employed-salary","transport",2022-02-24 16:54:00.432,"App 2143","direct"
"Sales rep  I","Expired App",30,1e+05,"single","business-expansion",3000,"SG","s","self-employed","other",2022-02-24 17:19:15.331,"App 2144","facebook"
"Sales rep  I","Expired App",31,10000,"single","renovation",3000,"SG","s","self-employed","other",2022-02-24 17:39:34.278,"App 2145","valuechampion_sg"
"Sales rep  C","Expired App",56,12000,"divorced","other",3400,"SG","s","employed-salary","building-construction",2022-02-24 17:46:00.75,"App 2146","direct"
"Sales rep  F","Bank Declined App",18,20000,"single","debt-consolidation-ff",1000,"SG","s","other","other",2022-02-24 19:10:08.048,"App 2147","facebook"
"Sales rep  C","Closed App",36,2000,"married","credit-card-debt",1800,"SG","s","employed-salary","education",2022-03-07 10:28:31.556,"App 2148","facebook"
"Sales rep  C","Expired App",39,20000,"married","debt-consolidation-ff",3000,"SG","s","employed-contract","other",2022-02-24 21:08:37.788,"App 2149","e-mail"
"Sales rep  I","Expired App",49,28000,"divorced","other",8000,"SG","s","self-employed","other",2022-02-24 21:52:49.868,"App 2150","google"
"Sales rep  F","Closed App",77,10000,"married","debt-consolidation-ff",6500,"IN","pr","employed-salary","building-construction",2022-02-24 22:38:39.67,"App 2151","wa"
"Sales rep  C","Closed App",37,60000,"married","credit-card-debt",5000,"PH","spass-wp","employed-salary","manufacturing",2022-02-24 23:58:09.395,"App 2152","direct"
"Sales rep  C","Closed App",40,10000,"single","paying-bills",1800,"SG","s","employed-salary","logistic",2022-02-25 00:20:05.926,"App 2153","google"
"Sales rep  F","Expired App",25,6000,"married","vacation",2400,"SG","s","employed-salary","other",2022-02-25 01:46:43.428,"App 2154","direct"
"Sales rep  C","Expired App",21,10500,"single","other",400,"SG","s","self-employed","other",2022-02-25 03:46:36.005,"App 2155","facebook"
"Sales rep  I","Expired App",51,70000,"married","debt-consolidation",8000,"SG","s","self-employed","transport",2022-02-25 03:56:27.992,"App 2156","e-mail"
"Sales rep  F","Loan Disbursed App",27,8000,"single","debt-consolidation",2700,"SG","s","employed-salary","it-telco",2022-02-25 09:13:41.631,"App 2157","google"
"Sales rep  C","Loan Disbursed App",36,20000,"married","debt-consolidation-ff",4500,"SG","s","employed-salary","manufacturing",2022-02-25 10:44:35.386,"App 2158","google"
"Sales rep  I","Expired App",23,12000,"single","other",1900,"SG","s","employed-salary","hospitality",2022-02-25 11:23:31.123,"App 2159","google"
"Sales rep  C","Closed App",38,50000,"married","business-expansion",11000,"SG","s","employed-salary","banking-finance",2022-03-02 15:27:45.525,"App 2160","direct"
"Sales rep  F","Loan Disbursed App",34,10000,"married","debt-consolidation-ff",2800,"IN","spass-wp","employed-salary","building-construction",2022-02-25 14:53:05.033,"App 2161","e-mail"
"Sales rep  C","Closed App",41,15000,"single","other",3800,"SG","s","employed-salary","other",2022-02-25 12:15:29.354,"App 2162","e-mail"
"Sales rep  F","Expired App",34,20000,"single","business-expansion",8140,"PH","spass-wp","employed-salary","insurance",2022-02-25 12:16:48.406,"App 2163","direct"
"Sales rep  F","Bank Declined App",35,1000,"married","debt-consolidation-ff",1600,"SG","s","employed-salary","transport",2022-02-25 12:58:00.789,"App 2164","sms"
"Sales rep  F","Bank Declined App",36,10000,"married","paying-bills",1500,"SG","s","employed-salary","logistic",2022-02-25 13:10:38.206,"App 2165","direct"
"Sales rep  C","Closed App",48,10000,"married","home",3300,"PH","spass-wp","employed-salary","manufacturing",2022-02-25 13:29:22.073,"App 2166","direct"
"Sales rep  C","Expired App",34,1200,"single","hobbies",2900,"CN","spass-wp","employed-salary","building-construction",2022-02-25 13:34:08.784,"App 2167","valuechampion_sg"
"Sales rep  F","Bank Declined App",32,2000,"divorced","debt-consolidation-ff",2100,"MY","spass-wp","employed-salary","f-and-b",2022-02-25 14:03:23.098,"App 2168","e-mail"
"Sales rep  C","Expired App",25,30000,"married","wedding",2000,"MY","spass-wp","employed-salary","retail",2022-02-25 14:19:54.537,"App 2169","google"
"Sales rep  I","Expired App",56,20000,"divorced","debt-consolidation",2500,"SG","s","employed-salary","government",2022-02-25 14:44:45.69,"App 2170","direct"
"Sales rep  I","Closed App",30,6000,"single","debt-consolidation",7500,"SG","s","employed-salary","other",2022-02-25 14:40:08.236,"App 2171","direct"
"Sales rep  I","Expired App",39,20000,"divorced","other",10000,"IN","ep","employed-salary","it-telco",2022-02-25 14:55:17.42,"App 2172","e-mail"
"Sales rep  F","Expired App",32,35000,"single","business-expansion",6000,"SG","s","employed-salary","manufacturing",2022-02-25 14:56:48.85,"App 2173","facebook"
"Sales rep  F","Expired App",46,20000,"married","debt-consolidation",4685,"SG","s","employed-salary","manufacturing",2022-02-25 15:08:41.385,"App 2174","e-mail"
"Sales rep  F","Expired App",26,1000,"single","education",1823,"SG","s","employed-salary","transport",2022-02-25 18:07:41.51,"App 2175","google"
"Sales rep  C","Loan Disbursed App",26,3000,"single","debt-consolidation-ff",2400,"SG","s","employed-salary","education",2022-02-25 15:39:51.414,"App 2176","google"
"Sales rep  I","Expired App",28,20000,"married","other",3000,"SG","s","employed-salary","building-construction",2022-02-25 16:04:21.613,"App 2177","wa"
"Sales rep  C","Closed App",33,10000,"married","debt-consolidation",13000,"IN","ep","employed-salary","manufacturing",2022-02-25 16:25:53.961,"App 2178","valuechampion_sg"
"Sales rep  I","Expired App",26,70000,"single","debt-consolidation",3000,"SG","s","employed-salary","other",2022-02-25 16:25:39.971,"App 2179","direct"
"Sales rep  I","Loan Disbursed App",28,25000,"married","paying-bills",3500,"SG","s","employed-salary","other",2022-02-25 16:33:11.872,"App 2180","direct"
"Sales rep  C","Closed App",45,15000,"married","credit-card-debt",8500,"IT","ep","employed-salary","f-and-b",2022-02-25 16:48:42.356,"App 2181","direct"
"Sales rep  F","Bank Declined App",38,8000,"widow","renovation",2500,"PH","spass-wp","employed-salary","other",2022-02-26 00:22:19.329,"App 2182","wa"
"Sales rep  F","Expired App",29,35000,"single","debt-consolidation",3700,"SG","s","employed-salary","logistic",2022-02-25 17:40:32.898,"App 2183","google"
"Sales rep  F","Expired App",53,20000,"married","debt-consolidation",3500,"SG","s","employed-salary","other",2022-02-25 19:08:44.604,"App 2184","wa"
"Sales rep  I","Expired App",27,2000,"single","debt-consolidation",1770,"SG","s","employed-salary","it-telco",2022-02-25 19:33:58.262,"App 2185","yahoo"
"Sales rep  F","Expired App",26,10000,"married","debt-consolidation",3200,"SG","s","employed-salary","other",2022-02-25 19:42:18.148,"App 2186","google"
"Sales rep  I","Expired App",33,5000,"married","other",2000,"SG","s","employed-salary","government",2022-02-25 19:45:27.393,"App 2187","bing"
"Sales rep  F","Closed App",44,20000,"married","other",4000,"SG","s","self-employed","f-and-b",2022-02-25 20:53:58.112,"App 2188","valuechampion_sg"
"Sales rep  C","Expired App",36,20000,"married","debt-consolidation",3500,"MY","pr","employed-salary","f-and-b",2022-02-25 21:11:27.147,"App 2189","wa"
"Sales rep  F","Closed App",28,5000,"married","car",3500,"SG","s","employed-salary","other",2022-02-25 22:39:49.886,"App 2190","wa"
"Sales rep  F","Expired App",45,10000,"married","business-expansion",4500,"SG","s","employed-contract","transport",2022-02-25 22:55:57.927,"App 2191","facebook"
"Sales rep  F","Loan Disbursed App",29,5000,"married","paying-bills",2000,"SG","s","self-employed","other",2022-02-25 23:30:24.067,"App 2192","facebook"
"Sales rep  F","Closed App",26,1000,"single","paying-bills",3133,"SG","s","employed-salary","other",2022-02-26 00:12:45.518,"App 2193","google"
"Sales rep  F","Loan Disbursed App",37,20000,"married","debt-consolidation",6000,"SG","s","employed-salary","building-construction",2022-02-26 02:50:09.529,"App 2194","facebook"
"Sales rep  F","Expired App",41,20000,"married","business-expansion",6000,"MY","pr","self-employed","other",2022-02-26 10:10:57.193,"App 2195","facebook"
"Sales rep  F","Expired App",23,15000,"single","debt-consolidation",3000,"SG","s","employed-salary","other",2022-02-26 10:23:43.748,"App 2196","wa"
"Sales rep  F","Expired App",27,12000,"married","paying-bills",3000,"SG","s","employed-salary","manufacturing",2022-02-26 13:07:02.928,"App 2197","facebook"
"Sales rep  I","Expired App",64,8000,"married","wedding",2600,"SG","s","employed-contract","other",2022-02-26 14:29:21.944,"App 2198","wa"
"Sales rep  I","Expired App",24,15000,"single","credit-card-debt",4200,"SG","s","employed-salary","it-telco",2022-02-26 14:05:31.933,"App 2199","google"
"Sales rep  I","Expired App",57,20000,"married","investment",22700,"IN","ep","employed-salary","it-telco",2022-02-26 14:51:21.146,"App 2200","google"
"Sales rep  F","Expired App",35,10000,"single","renovation",3900,"SG","s","employed-salary","building-construction",2022-02-26 14:28:09.525,"App 2201","wa"
"Sales rep  I","Expired App",26,10000,"single","debt-consolidation-ff",2572,"SG","s","employed-salary","manufacturing",2022-02-26 14:39:51.655,"App 2202","google"
"Sales rep  I","Expired App",23,2500,"single","debt-consolidation-ff",2200,"MY","spass-wp","employed-salary","building-construction",2022-02-26 14:48:33.589,"App 2203","direct"
"Sales rep  I","Expired App",49,25000,"married","paying-bills",9000,"SG","s","employed-salary","education",2022-02-26 14:47:04.563,"App 2204","direct"
"Sales rep  I","Expired App",44,8000,"single","other",2000,"MY","spass-wp","employed-salary","manufacturing",2022-02-26 14:51:53.044,"App 2205","direct"
"Sales rep  I","Closed App",42,8000,"married","line-of-credit",4000,"SG","s","employed-salary","building-construction",2022-02-26 15:25:52.904,"App 2206","facebook"
"Sales rep  I","Expired App",21,6000,"single","debt-consolidation-ff",1400,"SG","s","employed-salary","logistic",2022-02-26 15:37:35.645,"App 2207","facebook"
"Sales rep  I","Loan Disbursed App",28,3000,"married","paying-bills",3000,"SG","s","self-employed","other",2022-02-26 15:53:44.96,"App 2208","google"
"Sales rep  I","Expired App",35,5000,"married","other",6000,"SG","s","employed-salary","other",2022-02-26 16:30:20.515,"App 2209","google"
"Sales rep  I","Closed App",39,3000,"single","education",3310,"PH","spass-wp","employed-salary","building-construction",2022-02-26 16:48:17.69,"App 2210","google"
"Sales rep  I","Expired App",28,10000,"single","education",3000,"SG","s","self-employed","other",2022-02-26 17:17:25.325,"App 2211","google"
"Sales rep  I","Expired App",32,6000,"married","debt-consolidation-ff",1850,"SG","s","employed-salary","building-construction",2022-02-26 17:26:34.494,"App 2212","google"
"Sales rep  I","Expired App",23,6000,"single","paying-bills",2700,"SG","s","employed-salary","retail",2022-02-26 17:36:30.934,"App 2213","l.instagram.com"
"Sales rep  I","Expired App",30,8000,"divorced","debt-consolidation-ff",3500,"SG","s","employed-salary","retail",2022-02-26 17:40:54.293,"App 2214","facebook"
"Sales rep  I","Closed App",43,20000,"married","home",4500,"SG","s","self-employed","transport",2022-02-26 18:01:28.869,"App 2215","direct"
"Sales rep  I","Expired App",44,50000,"married","debt-consolidation",3800,"ID","pr","employed-salary","banking-finance",2022-02-26 18:21:51.465,"App 2216","facebook"
"Sales rep  I","Closed App",30,10000,"married","debt-consolidation-ff",2200,"MY","pr","employed-salary","other",2022-02-26 18:34:09.363,"App 2217","google"
"Sales rep  I","Expired App",32,30000,"married","debt-consolidation-ff",2450,"SG","s","employed-salary","other",2022-02-26 18:57:46.119,"App 2218","direct"
"Sales rep  I","Loan Disbursed App",37,20000,"married","debt-consolidation",2708,"SG","s","employed-salary","logistic",2022-02-26 18:59:53.182,"App 2219","wa"
"Sales rep  I","Expired App",39,10000,"married","debt-consolidation",3300,"PH","pr","employed-salary","f-and-b",2022-02-26 19:03:52.527,"App 2220","wa"
"Sales rep  I","Expired App",51,20000,"married","debt-consolidation",4000,"SG","s","employed-salary","other",2022-02-26 19:05:56.878,"App 2221","nestia"
"Sales rep  I","Expired App",37,5000,"married","paying-bills",1450,"SG","s","employed-salary","other",2022-02-26 19:26:47.281,"App 2222","valuechampion_sg"
"Sales rep  I","Loan Disbursed App",27,20000,"single","debt-consolidation-ff",4000,"SG","s","self-employed","banking-finance",2022-02-26 19:25:15.755,"App 2223","valuechampion_sg"
"Sales rep  I","Expired App",22,10000,"single","other",2000,"SG","s","employed-salary","f-and-b",2022-02-26 20:33:19.83,"App 2224","facebook"
"Sales rep  I","Closed App",67,1e+05,"married","home",2000,"SG","s","self-employed","f-and-b",2022-02-26 20:44:50.919,"App 2225","direct"
"Sales rep  I","Closed App",55,1000,"divorced","paying-bills",2000,"SG","s","employed-salary","f-and-b",2022-02-26 20:10:01.494,"App 2226","nestia"
"Sales rep  I","Expired App",26,10000,"married","other",3350,"SG","s","employed-salary","insurance",2022-02-26 21:28:26.676,"App 2227","direct"
"Sales rep  I","Expired App",25,6000,"single","education",2200,"SG","s","employed-salary","education",2022-02-26 21:52:21.231,"App 2228","wa"
"Sales rep  I","Closed App",36,15000,"single","other",3800,"MY","pr","employed-salary","manufacturing",2022-02-28 12:56:24.949,"App 2229","facebook"
"Sales rep  I","Expired App",29,20000,"single","credit-card-debt",3800,"MY","pr","employed-salary","other",2022-02-26 22:26:34.694,"App 2230","google"
"Sales rep  F","Expired App",46,5000,"married","home",3500,"SG","s","self-employed","transport",2022-02-26 23:41:13.655,"App 2231","direct"
"Sales rep  C","Closed App",55,30000,"divorced","business-expansion",5000,"SG","s","self-employed","f-and-b",2022-02-26 23:50:22.798,"App 2232","facebook"
"Sales rep  F","Closed App",55,1e+05,"married","renovation",12500,"SG","s","employed-salary","education",2022-02-27 01:07:55.482,"App 2233","facebook"
"Sales rep  C","Loan Disbursed App",30,2000,"single","medical",2800,"PH","spass-wp","employed-salary","education",2022-02-27 01:26:53.069,"App 2234","valuechampion_sg"
"Sales rep  F","Loan Disbursed App",28,15000,"single","renovation",3265,"SG","s","employed-salary","retail",2022-02-27 01:48:02.722,"App 2235","google"
"Sales rep  C","Expired App",25,10000,"single","investment",4500,"SG","s","self-employed","insurance",2022-02-27 01:59:57.024,"App 2236","valuechampion_sg"
"Sales rep  F","Expired App",51,25000,"single","business-expansion",2100,"SG","s","employed-salary","other",2022-02-27 02:40:25.134,"App 2237","bing"
"Sales rep  C","Closed App",28,5000,"single","business-expansion",4500,"SG","s","self-employed","other",2022-02-27 02:54:49.868,"App 2238","wa"
"Sales rep  F","Expired App",36,50000,"single","home",7270,"SG","s","employed-salary","hospitality",2022-02-27 06:08:07.301,"App 2239","bing"
"Sales rep  F","Loan Disbursed App",47,20000,"married","business-expansion",4410,"PH","spass-wp","employed-salary","other",2022-02-27 11:51:23.219,"App 2240","e-mail"
"Sales rep  C","Expired App",49,60000,"married","investment",6000,"PH","spass-wp","employed-salary","other",2022-02-27 12:53:55.645,"App 2241","facebook"
"Sales rep  I","Loan Disbursed App",28,5000,"divorced","paying-bills",1900,"SG","s","employed-salary","retail",2022-02-27 16:18:02.088,"App 2242","google"
"Sales rep  F","Loan Disbursed App",49,1000,"divorced","paying-bills",1500,"SG","s","self-employed","education",2022-02-27 16:36:32.144,"App 2243","google"
"Sales rep  F","Closed App",28,5000,"married","other",2600,"SG","s","employed-salary","logistic",2022-02-27 17:19:24.983,"App 2244","wa"
"Sales rep  C","Expired App",32,10000,"married","debt-consolidation",2300,"SG","s","employed-salary","other",2022-02-27 18:19:30.443,"App 2245","google"
"Sales rep  F","Loan Disbursed App",30,3000,"single","paying-bills",2100,"SG","s","employed-salary","government",2022-02-27 18:34:45.325,"App 2246","direct"
"Sales rep  C","Loan Disbursed App",27,15000,"single","credit-card-debt",3200,"SG","s","employed-salary","retail",2022-02-27 19:23:51.127,"App 2247","valuechampion_sg"
"Sales rep  C","Loan Disbursed App",42,5000,"single","education",3500,"SG","s","employed-salary","logistic",2022-02-27 19:29:31.39,"App 2248","google"
"Sales rep  F","Bank Declined App",52,20000,"divorced","home",1400,"SG","s","employed-salary","other",2022-02-27 22:23:08.759,"App 2249","l.facebook.com"
"Sales rep  C","Closed App",37,20000,"single","business-expansion",3800,"SG","s","employed-salary","hospitality",2022-02-27 22:50:26.767,"App 2250","wa"
"Sales rep  F","Bank Declined App",29,50000,"married","debt-consolidation",1700,"SG","s","employed-salary","logistic",2022-02-28 00:59:38.917,"App 2251","facebook"
"Sales rep  C","Expired App",28,4000,"single","education",1600,"SG","s","employed-salary","logistic",2022-02-28 01:17:18.482,"App 2252","facebook"
"Sales rep  F","Loan Disbursed App",26,10000,"single","wedding",1500,"SG","s","employed-salary","f-and-b",2022-02-28 01:52:08.662,"App 2253","google"
"Sales rep  C","Expired App",44,15000,"married","debt-consolidation",3100,"SG","s","employed-salary","f-and-b",2022-02-28 02:17:59.293,"App 2254","google"
"Sales rep  F","Closed App",26,20000,"single","debt-consolidation-ff",1900,"SG","s","employed-salary","it-telco",2022-02-28 03:43:08.052,"App 2255","direct"
"Sales rep  C","Closed App",52,6000,"divorced","debt-consolidation-ff",2500,"SG","s","employed-salary","f-and-b",2022-02-28 03:56:23.188,"App 2256","valuechampion_sg"
"Sales rep  F","Closed App",30,4000,"married","paying-bills",3500,"SG","s","employed-salary","hospitality",2022-02-28 04:22:34.838,"App 2257","wa"
"Sales rep  C","Closed App",27,10000,"single","wedding",4500,"SG","s","employed-salary","manufacturing",2022-02-28 04:27:46.217,"App 2258","google"
"Sales rep  F","Expired App",44,8000,"married","credit-card-debt",4000,"SG","s","self-employed","f-and-b",2022-02-28 05:30:34.884,"App 2259","google"
"Sales rep  C","Expired App",45,5000,"married","debt-consolidation-ff",2000,"SG","s","self-employed","transport",2022-02-28 06:01:09.032,"App 2260","facebook"
"Sales rep  F","Closed App",33,10000,"married","debt-consolidation",4000,"SG","s","employed-salary","hospitality",2022-02-28 09:57:22.017,"App 2261","direct"
"Sales rep  C","Expired App",37,12000,"married","debt-consolidation-ff",2600,"SG","s","employed-salary","government",2022-02-28 11:11:40.432,"App 2262","wa"
"Sales rep  C","Expired App",39,4000,"married","other",6000,"SG","s","employed-salary","manufacturing",2022-02-28 11:40:38.128,"App 2263","bing"
NA,"Bank Declined App",38,2000,"married","paying-bills",500,"SG","s","self-employed","other",2022-02-28 12:33:36.913,"App 2264","facebook"
"Sales rep  I","Expired App",44,20000,"married","other",3000,"SG","s","self-employed","transport",2022-02-28 12:59:48.826,"App 2265","direct"
"Sales rep  F","Expired App",51,40000,"married","business-expansion",2500,"SG","s","employed-contract","transport",2022-02-28 13:16:45.11,"App 2266","facebook"
"Sales rep  I","Loan Disbursed App",52,20000,"married","credit-card-debt",20600,"SG","s","employed-salary","it-telco",2022-02-28 13:51:20.691,"App 2267","wa"
"Sales rep  C","Expired App",51,1000,"single","paying-bills",1650,"SG","s","self-employed","transport",2022-02-28 14:24:55.258,"App 2268","facebook"
"Sales rep  C","Expired App",38,12000,"married","business-expansion",12000,"SG","s","employed-salary","it-telco",2022-02-28 15:04:26.418,"App 2269","direct"
"Sales rep  F","Closed App",28,5000,"single","paying-bills",2800,"SG","s","employed-salary","f-and-b",2022-02-28 15:06:32.391,"App 2270","e-mail"
"Sales rep  F","Expired App",32,10000,"divorced","debt-consolidation-ff",4000,"SG","s","self-employed","other",2022-02-28 16:22:20.655,"App 2271","valuechampion_sg"
"Sales rep  C","Expired App",55,20000,"married","business-expansion",4550,"SG","s","employed-salary","building-construction",2022-02-28 16:25:15.611,"App 2272","wa"
"Sales rep  C","Expired App",34,6000,"married","debt-consolidation-ff",1950,"SG","s","employed-salary","other",2022-02-28 16:30:28.183,"App 2273","google"
"Sales rep  C","Loan Disbursed App",45,6000,"married","debt-consolidation",2800,"SG","s","employed-salary","logistic",2022-02-28 17:30:20.654,"App 2274","wa"
"Sales rep  I","Expired App",25,3000,"single","debt-consolidation",1500,"SG","s","employed-salary","other",2022-02-28 17:21:57.158,"App 2275","google"
"Sales rep  C","Expired App",41,40000,"married","credit-card-debt",8700,"IN","pr","employed-salary","it-telco",2022-02-28 17:39:07.417,"App 2276","facebook"
"Sales rep  F","Expired App",52,15000,"divorced","home",2796,"SG","s","employed-salary","other",2022-02-28 17:50:12.478,"App 2277","direct"
"Sales rep  C","Closed App",33,5000,"married","debt-consolidation-ff",3300,"MY","pr","employed-salary","other",2022-02-28 18:26:20.912,"App 2278","wa"
"Sales rep  I","Expired App",23,30000,"single","debt-consolidation-ff",15000,"SG","s","employed-salary","banking-finance",2022-02-28 18:32:43.698,"App 2279","google"
"Sales rep  C","Expired App",26,20000,"single","debt-consolidation-ff",4000,"SG","s","self-employed","other",2022-02-28 18:36:49.933,"App 2280","direct"
"Sales rep  I","Loan Disbursed App",52,5000,"married","credit-card-debt",20600,"SG","s","employed-salary","it-telco",2022-02-28 18:38:44.724,"App 2281","duplicate"
"Sales rep  F","Expired App",30,18000,"married","credit-card-debt",4700,"SG","s","employed-salary","it-telco",2022-02-28 19:12:10.322,"App 2282","direct"
"Sales rep  C","Loan Disbursed App",38,5000,"married","business-expansion",2500,"SG","s","self-employed","transport",2022-02-28 19:19:23.672,"App 2283","valuechampion_sg"
"Sales rep  F","Expired App",36,5000,"married","paying-bills",1500,"SG","s","employed-salary","logistic",2022-02-28 19:43:23.356,"App 2284","google"
"Sales rep  F","Closed App",29,14000,"single","debt-consolidation-ff",2500,"SG","s","other","retail",2022-02-28 19:44:37.759,"App 2285","direct"
"Sales rep  C","Expired App",28,3000,"married","renovation",2130,"SG","s","employed-salary","other",2022-02-28 20:27:49.057,"App 2286","wa"
"Sales rep  I","Expired App",35,10000,"single","debt-consolidation",2600,"SG","s","employed-salary","f-and-b",2022-02-28 20:37:06.854,"App 2287","facebook"
"Sales rep  F","Closed App",49,5000,"divorced","home",2600,"SG","s","employed-salary","f-and-b",2022-02-28 20:41:38.212,"App 2288","direct"
"Sales rep  I","Expired App",39,4000,"married","paying-bills",2678,"SG","s","employed-salary","other",2022-02-28 21:03:52.697,"App 2289","direct"
"Sales rep  C","Closed App",25,1000,"single","debt-consolidation",1800,"MY","spass-wp","employed-salary","retail",2022-02-28 21:13:30.508,"App 2290","e-mail"
"Sales rep  F","Loan Disbursed App",31,2200,"single","paying-bills",3500,"SG","s","self-employed","f-and-b",2022-02-28 21:20:12.724,"App 2291","google"
"Sales rep  F","Expired App",46,2000,"married","debt-consolidation-ff",2500,"SG","s","self-employed","it-telco",2022-02-28 21:22:58.139,"App 2292","direct"
"Sales rep  I","Expired App",34,20000,"single","debt-consolidation",3500,"SG","s","employed-salary","it-telco",2022-02-28 21:31:21.558,"App 2293","google"
"Sales rep  C","Closed App",22,9000,"single","debt-consolidation-ff",1300,"SG","s","other","f-and-b",2022-02-28 21:36:08.596,"App 2294","facebook"
"Sales rep  F","Expired App",28,8000,"single","credit-card-debt",3500,"SG","s","employed-salary","banking-finance",2022-02-28 22:17:12.375,"App 2295","facebook"
"Sales rep  I","Expired App",41,20000,"single","credit-card-debt",3250,"MY","pr","employed-salary","it-telco",2022-02-28 23:39:55.888,"App 2296","google"
"Sales rep  C","Closed App",40,1500,"married","paying-bills",1800,"SG","s","employed-salary","retail",2022-03-01 00:07:19.328,"App 2297","facebook"
"Sales rep  F","Expired App",50,4000,"married","debt-consolidation",2200,"SG","s","employed-salary","logistic",2022-03-01 01:38:51.034,"App 2298","lm.facebook.com"
"Sales rep  I","Expired App",24,3000,"single","paying-bills",2750,"SG","s","employed-salary","other",2022-03-01 02:42:20.87,"App 2299","google"
"Sales rep  C","Closed App",28,11000,"married","car",3500,"SG","s","employed-salary","other",2022-03-01 02:54:48.617,"App 2300","wa"
"Sales rep  F","Bank Declined App",51,40000,"divorced","debt-consolidation",3200,"SG","s","employed-salary","hospitality",2022-03-01 03:14:00.565,"App 2301","google"
"Sales rep  I","Expired App",27,13000,"single","debt-consolidation-ff",4000,"SG","s","self-employed","banking-finance",2022-03-01 06:51:17.023,"App 2302","google"
"Sales rep  C","Expired App",34,10000,"single","debt-consolidation-ff",3000,"MY","spass-wp","employed-salary","education",2022-03-01 08:36:55.377,"App 2303","google"
"Sales rep  F","Expired App",30,1200,"married","paying-bills",1700,"SG","s","self-employed","other",2022-03-01 08:45:22.272,"App 2304","sms"
"Sales rep  I","Expired App",27,16000,"single","debt-consolidation-ff",4000,"SG","s","employed-salary","government",2022-03-01 09:32:28.819,"App 2305","google"
"Sales rep  C","Expired App",26,5000,"married","debt-consolidation",2500,"SG","s","employed-salary","transport",2022-03-01 10:37:45.962,"App 2306","google"
"Sales rep  F","Closed App",48,10000,"divorced","other",2800,"SG","s","employed-salary","manufacturing",2022-03-01 11:04:35.295,"App 2307","valuechampion_sg"
"Sales rep  I","Expired App",61,10000,"married","debt-consolidation",5500,"SG","s","employed-salary","other",2022-03-01 12:00:29.455,"App 2308","google"
"Sales rep  F","Bank Declined App",29,20000,"married","debt-consolidation",3000,"MY","spass-wp","employed-salary","other",2022-03-01 12:09:59.331,"App 2309","valuechampion_sg"
"Sales rep  F","Closed App",39,20000,"single","debt-consolidation-ff",2500,"SG","s","employed-salary","other",2022-03-01 12:24:22.294,"App 2310","e-mail"
"Sales rep  C","Loan Disbursed App",27,3000,"single","other",3000,"MY","pr","employed-salary","building-construction",2022-03-01 12:29:34.72,"App 2311","google"
"Sales rep  I","Bank Declined App",37,2000,"single","debt-consolidation",1800,"MY","spass-wp","employed-salary","f-and-b",2022-03-01 12:49:53.237,"App 2312","nestia"
"Sales rep  I","Loan Disbursed App",48,11000,"single","debt-consolidation",5000,"JP","pr","employed-salary","f-and-b",2022-03-01 13:02:42.764,"App 2313","e-mail"
"Sales rep  C","Closed App",53,50000,"married","credit-card-debt",4000,"NL","pr","self-employed","other",2022-03-01 13:28:22.935,"App 2314","facebook"
"Sales rep  F","Closed App",31,20000,"married","debt-consolidation",3000,"SG","s","employed-salary","education",2022-03-01 13:30:52.777,"App 2315","google"
"Sales rep  I","Expired App",53,5000,"married","paying-bills",2300,"MY","pr","employed-salary","other",2022-03-01 14:07:25.25,"App 2316","e-mail"
"Sales rep  C","Expired App",33,30000,"married","debt-consolidation",5500,"SG","s","employed-salary","other",2022-03-01 13:49:17.681,"App 2317","google"
"Sales rep  F","Closed App",32,20000,"married","debt-consolidation",2600,"SG","s","employed-salary","transport",2022-03-01 13:52:39.292,"App 2318","direct"
"Sales rep  I","Bank Declined App",54,1000,"married","debt-consolidation-ff",1300,"SG","s","employed-salary","f-and-b",2022-03-01 14:31:34.357,"App 2319","nestia"
"Sales rep  F","Expired App",26,5000,"single","hobbies",2000,"SG","s","employed-salary","other",2022-03-01 14:29:59.819,"App 2320","direct"
"Sales rep  C","Loan Disbursed App",39,10000,"married","other",3000,"SG","s","employed-salary","f-and-b",2022-03-01 14:45:26.341,"App 2321","google"
"Sales rep  I","Closed App",40,5000,"married","paying-bills",1800,"SG","s","employed-salary","retail",2022-03-01 14:56:25.236,"App 2322","wa"
"Sales rep  F","Expired App",33,2000,"married","medical",3366,"SG","s","employed-salary","education",2022-03-01 15:09:31.974,"App 2323","facebook"
"Sales rep  I","Expired App",38,15000,"married","home",3639,"PH","pr","employed-salary","other",2022-03-01 15:20:17.565,"App 2324","bing"
"Sales rep  C","Expired App",40,7000,"divorced","debt-consolidation-ff",2300,"SG","s","employed-salary","building-construction",2022-03-01 15:27:11.283,"App 2325","google"
"Sales rep  I","Expired App",34,12000,"single","debt-consolidation",3100,"SG","s","employed-salary","logistic",2022-03-01 15:41:23.788,"App 2326","valuechampion_sg"
"Sales rep  F","Expired App",29,15000,"single","debt-consolidation",3100,"SG","s","employed-salary","building-construction",2022-03-01 15:54:27.206,"App 2327","google"
"Sales rep  C","Expired App",31,60000,"single","credit-card-debt",3603,"SG","s","employed-salary","retail",2022-03-01 16:05:58.688,"App 2328","direct"
"Sales rep  C","Closed App",41,20000,"married","debt-consolidation",6800,"IN","pr","employed-salary","it-telco",2022-03-01 16:11:39.963,"App 2329","nestia"
"Sales rep  F","Bank Declined App",32,5000,"married","paying-bills",4400,"SG","s","employed-salary","it-telco",2022-03-01 16:57:14.173,"App 2330","google"
"Sales rep  F","Bank Declined App",33,1000,"single","paying-bills",3000,"SG","s","employed-salary","other",2022-03-01 16:59:27.322,"App 2331","google"
"Sales rep  C","Expired App",28,30000,"married","debt-consolidation",5000,"SG","s","employed-salary","other",2022-03-01 17:20:20.688,"App 2332","direct"
"Sales rep  F","Closed App",27,20000,"single","home",2400,"MY","spass-wp","employed-salary","other",2022-03-01 17:09:59.634,"App 2333","valuechampion_sg"
"Sales rep  I","Expired App",40,35000,"divorced","renovation",5650,"SG","s","employed-salary","education",2022-03-01 17:25:48.387,"App 2334","direct"
"Sales rep  C","Closed App",36,20000,"married","credit-card-debt",2300,"SG","s","employed-salary","retail",2022-03-01 17:56:49.915,"App 2335","nestia"
"Sales rep  C","Closed App",31,45000,"married","renovation",6400,"SG","s","employed-salary","education",2022-03-01 17:41:36.194,"App 2336","facebook"
"Sales rep  F","Loan Disbursed App",28,4000,"married","debt-consolidation",2180,"SG","s","employed-salary","logistic",2022-03-01 17:45:07.601,"App 2337","direct"
"Sales rep  C","Closed App",39,3000,"single","education",3310,"PH","spass-wp","employed-salary","building-construction",2022-03-01 18:11:40.837,"App 2338","duplicate"
"Sales rep  F","Closed App",36,6000,"single","debt-consolidation",4900,"SG","pr","employed-salary","building-construction",2022-03-01 18:17:20.173,"App 2339","google"
"Sales rep  C","Loan Disbursed App",36,1e+05,"widow","business-expansion",6500,"ID","pr","self-employed","manufacturing",2022-03-01 18:35:02.915,"App 2340","direct"
"Sales rep  I","Loan Disbursed App",52,20000,"divorced","business-expansion",10000,"SG","s","self-employed","transport",2022-03-01 19:00:20.187,"App 2341","direct"
"Sales rep  C","Closed App",33,10000,"married","credit-card-debt",13000,"SG","s","employed-salary","banking-finance",2022-03-01 18:58:30.091,"App 2342","google"
"Sales rep  C","Loan Disbursed App",29,20000,"single","business-expansion",10000,"SG","s","self-employed","other",2022-03-01 19:13:17.651,"App 2343","direct"
"Sales rep  F","Expired App",28,13000,"divorced","home",3400,"SG","s","employed-salary","government",2022-03-01 19:22:12.729,"App 2344","google"
"Sales rep  I","Loan Disbursed App",32,6000,"married","business-expansion",2600,"SG","s","employed-salary","other",2022-03-01 19:32:26.704,"App 2345","google"
"Sales rep  F","Closed App",31,30000,"married","debt-consolidation",2900,"SG","s","employed-salary","other",2022-03-01 20:09:37.35,"App 2346","google"
"Sales rep  I","Loan Disbursed App",26,15000,"married","home",2400,"GB","pr","employed-salary","other",2022-03-01 20:43:48.855,"App 2347","facebook"
"Sales rep  C","Loan Disbursed App",52,6000,"married","paying-bills",3500,"SG","s","employed-salary","transport",2022-03-01 21:05:56.277,"App 2348","sms"
"Sales rep  C","Expired App",27,10000,"single","vacation",4500,"SG","s","employed-salary","manufacturing",2022-03-01 21:12:54.627,"App 2349","e-mail"
"Sales rep  F","Expired App",27,10000,"single","debt-consolidation",3600,"SG","s","employed-salary","it-telco",2022-03-01 21:30:57.82,"App 2350","valuechampion_sg"
"Sales rep  F","Loan Disbursed App",33,10000,"married","credit-card-debt",13750,"SG","s","employed-salary","banking-finance",2022-03-01 21:42:39.171,"App 2351","wa"
"Sales rep  I","Bank Declined App",34,26000,"married","debt-consolidation",4400,"SG","s","employed-salary","manufacturing",2022-03-01 22:51:49.303,"App 2352","google"
"Sales rep  C","Loan Disbursed App",25,8000,"single","paying-bills",1800,"SG","s","employed-salary","other",2022-03-01 23:25:32.453,"App 2353","google"
"Sales rep  F","Closed App",40,40000,"married","debt-consolidation-ff",2050,"SG","s","employed-salary","other",2022-03-02 13:13:13.701,"App 2354","facebook"
"Sales rep  F","Loan Disbursed App",33,5000,"married","paying-bills",2800,"SG","s","employed-salary","other",2022-03-02 03:03:52.993,"App 2355","google"
"Sales rep  I","Closed App",34,30000,"married","debt-consolidation",3800,"SG","s","employed-salary","government",2022-03-02 03:37:54.442,"App 2356","google"
"Sales rep  C","Expired App",26,6000,"single","investment",3000,"MY","spass-wp","employed-salary","other",2022-03-02 08:15:54.312,"App 2357","facebook"
"Sales rep  F","Expired App",37,10000,"married","debt-consolidation-ff",3000,"SG","s","self-employed","f-and-b",2022-03-02 09:12:41.338,"App 2358","facebook"
"Sales rep  I","Bank Declined App",36,1000,"single","home",2000,"SG","s","employed-contract","government",2022-03-02 11:11:18.33,"App 2359","sms"
"Sales rep  C","Loan Disbursed App",49,5000,"married","home",3150,"SG","s","employed-salary","building-construction",2022-03-02 11:26:48.667,"App 2360","sms"
"Sales rep  F","Loan Disbursed App",58,20000,"married","credit-card-debt",7500,"SG","s","employed-salary","building-construction",2022-03-02 11:29:22.809,"App 2361","sms"
"Sales rep  I","Expired App",36,1500,"married","paying-bills",2300,"SG","s","employed-salary","other",2022-03-02 11:53:00.857,"App 2362","sms"
"Sales rep  I","Loan Disbursed App",36,30000,"married","debt-consolidation",3600,"SG","s","employed-salary","manufacturing",2022-03-02 12:03:03.992,"App 2363","sms"
"Sales rep  I","Expired App",47,15000,"divorced","renovation",3000,"SG","s","employed-salary","other",2022-03-02 12:45:11.486,"App 2364","facebook"
"Sales rep  C","Expired App",35,10000,"single","debt-consolidation",3850,"SG","s","employed-salary","other",2022-03-02 12:50:34.21,"App 2365","facebook"
"Sales rep  I","Bank Declined App",23,2000,"single","home",1500,"MY","spass-wp","employed-salary","manufacturing",2022-03-02 12:58:11.823,"App 2366","valuechampion_sg"
"Sales rep  F","Expired App",27,5000,"single","special-occasion",3000,"MY","spass-wp","employed-salary","building-construction",2022-03-02 12:59:43.583,"App 2367","google"
"Sales rep  I","Expired App",34,10000,"single","business-expansion",4000,"SG","s","self-employed","building-construction",2022-03-02 13:18:04.604,"App 2368","wa"
"Sales rep  I","Loan Disbursed App",27,10000,"single","wedding",2200,"SG","s","employed-salary","other",2022-03-02 13:23:46.822,"App 2369","facebook"
"Sales rep  I","Closed App",43,5000,"married","renovation",2200,"SG","s","employed-salary","other",2022-03-02 13:38:18.388,"App 2370","google"
"Sales rep  F","Closed App",32,20000,"married","debt-consolidation",3300,"SG","s","employed-salary","transport",2022-03-02 13:48:21.185,"App 2371","duplicate"
"Sales rep  F","Closed App",34,20000,"married","debt-consolidation",2600,"SG","s","employed-salary","other",2022-03-02 13:56:53.792,"App 2372","direct"
"Sales rep  C","Expired App",31,20000,"single","investment",5000,"MY","pr","employed-salary","other",2022-03-02 14:08:11.863,"App 2373","facebook"
"Sales rep  F","Loan Disbursed App",44,10000,"married","paying-bills",1950,"SG","s","employed-salary","government",2022-03-02 14:17:06.133,"App 2374","duplicate"
"Sales rep  I","Expired App",28,5000,"single","business-expansion",4500,"SG","s","self-employed","other",2022-03-02 14:18:17.217,"App 2375","e-mail"
"Sales rep  I","Loan Disbursed App",30,20000,"single","debt-consolidation-ff",2292,"SG","s","employed-salary","it-telco",2022-03-02 14:38:19.594,"App 2376","valuechampion_sg"
"Sales rep  C","Expired App",27,13000,"single","other",3900,"SG","s","employed-salary","transport",2022-03-02 14:38:15.028,"App 2377","google"
"Sales rep  F","Loan Disbursed App",30,5000,"married","paying-bills",3500,"SG","s","employed-salary","hospitality",2022-03-02 14:45:52.562,"App 2378","valuechampion_sg"
"Sales rep  C","Closed App",30,30000,"married","credit-card-debt",2829,"SG","s","employed-salary","government",2022-03-02 14:59:36.599,"App 2379","direct"
"Sales rep  F","Expired App",28,12000,"married","car",2000,"SG","s","employed-salary","other",2022-03-02 14:55:08.725,"App 2380","google"
"Sales rep  I","Expired App",28,5000,"married","paying-bills",2066,"SG","s","employed-salary","it-telco",2022-03-02 15:04:45.73,"App 2381","facebook"
"Sales rep  I","Expired App",28,3500,"married","debt-consolidation",2600,"SG","s","employed-salary","logistic",2022-03-02 15:21:34.26,"App 2382","direct"
"Sales rep  F","Expired App",25,16000,"married","credit-card-debt",5500,"SG","s","employed-salary","logistic",2022-03-02 15:33:00.802,"App 2383","google"
"Sales rep  C","Expired App",37,20000,"divorced","business-expansion",3000,"SG","s","self-employed","other",2022-03-02 15:52:13.017,"App 2384","wa"
NA,"Closed App",27,1000,"single","other",2382323,"AX","ep","self-employed","it-telco",2022-03-02 16:09:35.444,"App 2385","direct"
"Sales rep  I","Expired App",33,4000,"married","credit-card-debt",8500,"SG","s","employed-salary","manufacturing",2022-03-02 16:14:41.504,"App 2386","google"
"Sales rep  I","Loan Disbursed App",52,5000,"married","credit-card-debt",20600,"SG","s","employed-salary","it-telco",2022-03-02 16:36:33.216,"App 2387","google"
"Sales rep  C","Expired App",44,40000,"married","home",2800,"SG","s","employed-salary","other",2022-03-02 16:51:04.381,"App 2388","google"
NA,"Closed App",26,20000,"single","paying-bills",2600,"SG","s","employed-salary","hospitality",2022-03-02 17:04:59.186,"App 2389","wa"
"Sales rep  F","Loan Disbursed App",27,30000,"married","investment",12000,"SG","s","self-employed","insurance",2022-03-02 18:23:26.088,"App 2390","google"
"Sales rep  I","Expired App",44,12000,"divorced","debt-consolidation",3800,"SG","s","employed-salary","f-and-b",2022-03-02 19:03:11.603,"App 2391","valuechampion_sg"
"Sales rep  F","Loan Disbursed App",34,1000,"married","medical",2960,"SG","s","employed-salary","education",2022-03-02 19:04:36.469,"App 2392","google"
"Sales rep  F","Expired App",27,30000,"married","renovation",2776,"SG","s","employed-salary","other",2022-03-02 19:41:19.224,"App 2393","direct"
"Sales rep  I","Expired App",53,20000,"married","renovation",4000,"IN","pr","employed-salary","building-construction",2022-03-02 20:35:56.645,"App 2394","sms"
"Sales rep  I","Bank Declined App",26,25000,"single","debt-consolidation",2600,"SG","s","employed-salary","hospitality",2022-03-02 21:00:20.829,"App 2395","wa"
"Sales rep  F","Expired App",41,25000,"married","other",3500,"SG","s","employed-salary","transport",2022-03-02 21:05:26.689,"App 2396","wa"
"Sales rep  I","Bank Declined App",30,55000,"single","debt-consolidation",3500,"SG","s","employed-salary","other",2022-03-02 21:44:57.667,"App 2397","facebook"
"Sales rep  F","Closed App",28,20000,"single","paying-bills",3829,"SG","s","employed-salary","banking-finance",2022-03-02 21:47:48.743,"App 2398","l.facebook.com"
"Sales rep  I","Expired App",28,3000,"married","credit-card-debt",2800,"SG","s","employed-salary","transport",2022-03-02 21:56:10.692,"App 2399","wa"
"Sales rep  F","Bank Declined App",26,5000,"single","debt-consolidation",2400,"SG","s","employed-salary","it-telco",2022-03-02 22:39:21.208,"App 2400","google"
NA,"Bank Declined App",42,20000,"married","debt-consolidation",11500,"IN","ep","employed-salary","it-telco",2022-03-02 22:56:43.363,"App 2401","direct"
"Sales rep  F","Loan Disbursed App",36,18000,"single","debt-consolidation",4800,"SG","s","employed-salary","hospitality",2022-03-02 23:07:13.205,"App 2402","e-mail"
"Sales rep  I","Bank Declined App",23,2000,"single","home",1500,"MY","spass-wp","employed-salary","manufacturing",2022-03-02 23:10:48.172,"App 2403","google"
"Sales rep  F","Closed App",52,20000,"married","business-expansion",6000,"IN","pr","self-employed","logistic",2022-03-02 23:22:40.026,"App 2404","e-mail"
"Sales rep  I","Expired App",28,5000,"single","credit-card-debt",3000,"SG","s","employed-salary","it-telco",2022-03-02 23:40:47.344,"App 2405","google"
"Sales rep  I","Expired App",25,28000,"single","debt-consolidation",2100,"SG","s","employed-salary","other",2022-03-02 23:49:28.454,"App 2406","valuechampion_sg"
"Sales rep  F","Loan Disbursed App",22,20000,"single","debt-consolidation",4000,"SG","s","employed-salary","other",2022-03-02 23:53:20.217,"App 2407","google"
"Sales rep  I","Expired App",53,60000,"married","debt-consolidation",2000,"SG","s","self-employed","transport",2022-03-03 01:07:22.141,"App 2408","facebook"
"Sales rep  F","Closed App",27,6000,"single","education",3000,"IN","spass-wp","employed-salary","building-construction",2022-03-03 01:35:34.184,"App 2409","google"
"Sales rep  I","Expired App",24,20000,"single","debt-consolidation",2400,"SG","s","employed-salary","education",2022-03-03 02:16:20.461,"App 2410","google"
"Sales rep  I","Expired App",46,40000,"married","investment",5620,"SG","s","employed-salary","other",2022-03-03 06:01:31.082,"App 2411","direct"
"Sales rep  F","Bank Declined App",22,1500,"single","paying-bills",2500,"SG","s","unemployed",NA,2022-03-03 06:49:31.51,"App 2412","facebook"
"Sales rep  F","Closed App",23,8000,"single","paying-bills",2000,"SG","s","self-employed","transport",2022-03-03 10:57:30.491,"App 2413","facebook"
"Sales rep  I","Expired App",41,10000,"single","other",1680,"SG","s","employed-salary","logistic",2022-03-03 10:59:50.001,"App 2414","facebook"
"Sales rep  F","Expired App",44,20000,"single","debt-consolidation-ff",11420,"MY","ep","employed-salary","transport",2022-03-03 11:03:49.137,"App 2415","yahoo"
"Sales rep  F","Closed App",47,20000,"divorced","debt-consolidation-ff",3300,"SG","s","employed-salary","other",2022-03-03 12:04:14.993,"App 2416","direct"
"Sales rep  I","Loan Disbursed App",30,20000,"single","paying-bills",5330,"MY","pr","employed-salary","manufacturing",2022-03-03 13:17:16.692,"App 2417","e-mail"
"Sales rep  I","Loan Disbursed App",19,3000,"single","debt-consolidation-ff",2200,"SG","s","employed-salary","building-construction",2022-03-03 13:21:55.59,"App 2418","best_in_singapore"
"Sales rep  I","Expired App",35,1000,"divorced","other",1600,"SG","s","employed-salary","other",2022-03-03 13:47:12.028,"App 2419","google"
"Sales rep  F","Expired App",30,25000,"married","debt-consolidation-ff",2700,"SG","s","employed-salary","other",2022-03-03 13:45:42.086,"App 2420","facebook"
"Sales rep  I","Bank Declined App",23,2000,"single","home",2100,"MY","spass-wp","employed-salary","manufacturing",2022-03-03 13:58:33.132,"App 2421","google"
"Sales rep  F","Closed App",37,20000,"single","wedding",2300,"SG","s","employed-salary","f-and-b",2022-03-03 14:05:18.216,"App 2422","facebook"
"Sales rep  F","Expired App",29,3000,"single","line-of-credit",3000,"SG","s","employed-salary","manufacturing",2022-03-03 14:03:16.361,"App 2423","direct"
"Sales rep  I","Expired App",64,20000,"single","debt-consolidation",3500,"SG","s","employed-salary","government",2022-03-03 14:38:31.952,"App 2424","bing"
"Sales rep  I","Expired App",31,10000,"married","business-expansion",1800,"SG","s","employed-salary","other",2022-03-03 14:57:39.201,"App 2425","facebook"
"Sales rep  I","Expired App",29,1500,"single","paying-bills",2000,"PH","pr","employed-salary","hospitality",2022-03-03 15:22:12.602,"App 2426","google"
"Sales rep  F","Closed App",32,6000,"single","other",3400,"SG","s","employed-salary","other",2022-03-03 16:07:09.666,"App 2427","google"
"Sales rep  F","Closed App",28,25000,"married","debt-consolidation-ff",3000,"SG","s","employed-salary","other",2022-03-03 15:28:14.027,"App 2428","bing"
"Sales rep  I","Expired App",26,1000,"married","debt-consolidation",2200,"SG","s","employed-salary","transport",2022-03-03 15:31:28.78,"App 2429","google"
"Sales rep  F","Expired App",33,12000,"divorced","credit-card-debt",3200,"SG","s","employed-salary","f-and-b",2022-03-03 15:32:48.489,"App 2430","bing"
"Sales rep  F","Closed App",44,20000,"married","home",9200,"MY","pr","employed-salary","building-construction",2022-03-03 15:43:28.044,"App 2431","bing"
"Sales rep  F","Expired App",51,40000,"married","credit-card-debt",4000,"SG","s","employed-salary","manufacturing",2022-03-03 16:04:35.707,"App 2432","lm.facebook.com"
"Sales rep  I","Loan Disbursed App",52,20000,"divorced","business-expansion",10000,"SG","s","self-employed","transport",2022-03-03 16:08:37.017,"App 2433","wa"
"Sales rep  I","Closed App",53,25000,"married","paying-bills",18000,"IN","pr","employed-salary","it-telco",2022-03-03 16:35:19.171,"App 2434","direct"
"Sales rep  F","Loan Disbursed App",54,8000,"married","debt-consolidation",3900,"SG","s","employed-salary","other",2022-03-03 17:19:58.187,"App 2435","google"
"Sales rep  I","Expired App",23,6000,"single","debt-consolidation",2100,"SG","s","employed-salary","other",2022-03-03 17:24:49.873,"App 2436","valuechampion_sg"
"Sales rep  F","Expired App",29,35000,"married","special-occasion",4000,"SG","s","employed-salary","other",2022-03-03 17:41:51.057,"App 2437","google"
"Sales rep  C","Expired App",38,15000,"single","home",10500,"SG","s","employed-salary","it-telco",2022-03-03 17:44:47.101,"App 2438","google"
"Sales rep  I","Expired App",27,25000,"married","renovation",2400,"SG","s","employed-salary","transport",2022-03-03 17:54:17.134,"App 2439","facebook"
"Sales rep  I","Loan Disbursed App",27,2300,"single","debt-consolidation-ff",1900,"SG","s","employed-salary","it-telco",2022-03-03 17:57:29.72,"App 2440","google"
"Sales rep  I","Expired App",34,8000,"divorced","debt-consolidation",3000,"SG","s","employed-salary","it-telco",2022-03-03 18:29:55.712,"App 2441","google"
"Sales rep  I","Loan Disbursed App",35,20000,"married","vacation",3500,"SG","s","employed-salary","it-telco",2022-03-03 18:33:46.385,"App 2442","e-mail"
"Sales rep  I","Expired App",45,7000,"married","medical",3000,"SG","s","employed-salary","logistic",2022-03-03 18:47:35.422,"App 2443","google"
"Sales rep  I","Loan Disbursed App",38,12000,"single","other",3000,"SG","s","employed-salary","other",2022-03-03 18:53:23.413,"App 2444","direct"
"Sales rep  F","Loan Disbursed App",48,3000,"divorced","paying-bills",3000,"SG","s","self-employed","education",2022-03-03 19:26:45.624,"App 2445","bing"
"Sales rep  F","Loan Disbursed App",57,10000,"married","paying-bills",2700,"SG","s","employed-salary","f-and-b",2022-03-03 20:59:52.448,"App 2446","facebook"
"Sales rep  C","Bank Declined App",30,1000,"single","debt-consolidation-ff",1000,"SG","s","employed-salary","f-and-b",2022-03-03 21:05:56.192,"App 2447","direct"
"Sales rep  C","Closed App",26,5000,"single","home",2000,"SG","s","employed-salary","f-and-b",2022-03-03 21:11:27.556,"App 2448","direct"
"Sales rep  F","Closed App",44,5000,"divorced","paying-bills",2500,"SG","s","self-employed","transport",2022-03-03 22:11:45.54,"App 2449","direct"
"Sales rep  F","Expired App",23,20000,"single","debt-consolidation",1900,"SG","s","employed-salary","manufacturing",2022-03-31 00:00:27.608,"App 2450","sms"
"Sales rep  C","Closed App",26,8000,"single","paying-bills",7600,"SG","s","employed-salary","other",2022-03-03 22:26:37.958,"App 2451","google"
"Sales rep  I","Expired App",37,40000,"single","credit-card-debt",2395,"SG","s","employed-salary","hospitality",2022-03-03 22:52:22.596,"App 2452","google"
"Sales rep  F","Expired App",30,10000,"single","investment",5000,"PH","spass-wp","employed-salary","it-telco",2022-03-04 00:11:03.089,"App 2453","google"
"Sales rep  C","Bank Declined App",33,1e+05,"single","investment",5000,"SG","s","employed-salary","other",2022-03-04 00:13:00.85,"App 2454","google"
"Sales rep  I","Expired App",27,29000,"single","debt-consolidation-ff",2800,"SG","s","employed-salary","building-construction",2022-03-04 00:47:59.063,"App 2455","l.facebook.com"
"Sales rep  F","Expired App",39,10000,"married","home",3800,"SG","s","employed-salary","banking-finance",2022-03-04 01:30:56.301,"App 2456","facebook"
"Sales rep  C","Expired App",39,20000,"married","debt-consolidation",3900,"SG","s","employed-salary","other",2022-03-04 01:29:02.714,"App 2457","facebook"
"Sales rep  I","Expired App",36,22000,"married","debt-consolidation",2560,"SG","s","employed-salary","government",2022-03-04 01:32:43.582,"App 2458","facebook"
"Sales rep  F","Expired App",33,30000,"married","business-expansion",6000,"SG","s","employed-salary","building-construction",2022-03-04 02:25:32.5,"App 2459","facebook"
"Sales rep  C","Expired App",22,2000,"single","credit-card-debt",2100,"SG","s","employed-salary","retail",2022-03-04 02:38:51.898,"App 2460","google"
"Sales rep  I","Expired App",37,20000,"married","investment",6000,"SG","s","employed-salary","logistic",2022-03-04 02:40:13.379,"App 2461","valuechampion_sg"
"Sales rep  F","Expired App",40,30000,"married","business-expansion",6000,"SG","s","self-employed","other",2022-03-04 03:59:18.672,"App 2462","e-mail"
"Sales rep  C","Closed App",27,8000,"single","home",2200,"SG","s","employed-salary","f-and-b",2022-03-04 04:03:05.125,"App 2463","bing"
"Sales rep  C","Expired App",39,7000,"divorced","debt-consolidation-ff",3800,"SG","s","employed-salary","hospitality",2022-03-04 04:54:12.481,"App 2464","google"
"Sales rep  F","Closed App",43,5000,"widow","other",2000,"SG","s","employed-contract","logistic",2022-03-04 07:09:38.879,"App 2465","google"
"Sales rep  C","Expired App",33,5000,"married","business-expansion",3900,"SG","s","employed-salary","manufacturing",2022-03-04 07:29:58.785,"App 2466","facebook"
"Sales rep  C","Closed App",26,8000,"single","education",2585,"SG","s","employed-salary","it-telco",2022-03-04 09:56:30.355,"App 2467","direct"
"Sales rep  I","Expired App",40,20000,"divorced","car",4750,"SG","s","employed-salary","other",2022-03-07 14:51:51.216,"App 2468","facebook"
"Sales rep  F","Loan Disbursed App",28,15000,"single","investment",3500,"MM","spass-wp","employed-salary","building-construction",2022-03-04 11:14:40.597,"App 2469","valuechampion_sg"
"Sales rep  C","Expired App",40,1000,"single","home",1600,"SG","s","employed-salary","f-and-b",2022-03-04 11:38:48.902,"App 2470","facebook"
"Sales rep  F","Bank Declined App",35,30000,"married","debt-consolidation",2300,"SG","s","employed-salary","logistic",2022-03-04 12:31:37.957,"App 2471","facebook"
"Sales rep  I","Expired App",26,10000,"single","home",2583,"SG","s","employed-salary","it-telco",2022-03-04 13:18:44.439,"App 2472","wa"
"Sales rep  C","Expired App",33,15000,"married","credit-card-debt",3900,"SG","s","employed-salary","building-construction",2022-03-04 13:31:50.939,"App 2473","facebook"
"Sales rep  F","Closed App",30,10000,"married","other",2500,"SG","s","employed-salary","logistic",2022-03-04 14:28:37.96,"App 2474","google"
"Sales rep  I","Loan Disbursed App",30,20000,"married","debt-consolidation",5000,"SG","s","employed-salary","building-construction",2022-03-04 14:29:49.309,"App 2475","facebook"
"Sales rep  F","Expired App",52,4500,"divorced","debt-consolidation-ff",8400,"IN","ep","employed-salary","it-telco",2022-03-04 14:55:44.796,"App 2476","sms"
"Sales rep  C","Loan Disbursed App",27,20000,"single","business-expansion",3500,"SG","s","employed-salary","hospitality",2022-03-04 15:11:37.013,"App 2477","e-mail"
"Sales rep  C","Expired App",43,60000,"married","debt-consolidation",7500,"SG","s","employed-salary","building-construction",2022-03-04 15:36:26.695,"App 2478","yahoo"
"Sales rep  I","Closed App",42,11000,"married","debt-consolidation-ff",4000,"SG","s","employed-salary","building-construction",2022-03-04 15:45:35.377,"App 2479","direct"
"Sales rep  C","Expired App",35,20000,"single","debt-consolidation",4600,"SG","s","employed-salary","logistic",2022-03-04 15:59:38.433,"App 2480","facebook"
"Sales rep  F","Expired App",39,15000,"married","debt-consolidation",17900,"MY","pr","employed-salary","it-telco",2022-03-04 16:16:30.476,"App 2481","direct"
"Sales rep  I","Loan Disbursed App",47,3000,"divorced","paying-bills",2600,"SG","s","employed-salary","transport",2022-03-04 16:22:04.901,"App 2482","wa"
"Sales rep  I","Closed App",52,20000,"married","credit-card-debt",20600,"SG","s","employed-salary","it-telco",2022-03-04 16:40:26.04,"App 2483","google"
"Sales rep  F","Closed App",62,2e+05,"married","investment",16700,"SG","s","employed-salary","other",2022-03-04 17:12:56.003,"App 2484","bing"
"Sales rep  F","Loan Disbursed App",27,1000,"single","other",1400,"SG","s","employed-salary","hospitality",2022-03-04 17:00:56.241,"App 2485","direct"
"Sales rep  F","Expired App",28,3000,"married","home",1680,"SG","s","employed-salary","other",2022-03-04 17:12:38.004,"App 2486","google"
"Sales rep  I","Expired App",38,2000,"married","paying-bills",4300,"SG","s","employed-salary","building-construction",2022-03-04 17:43:32.483,"App 2487","google"
"Sales rep  C","Expired App",59,20000,"married","business-expansion",7000,"SG","s","self-employed","logistic",2022-03-04 17:48:09.225,"App 2488","google"
"Sales rep  C","Closed App",31,5000,"married","other",3400,"SG","s","employed-salary","manufacturing",2022-03-04 18:03:14.893,"App 2489","google"
"Sales rep  C","Expired App",54,10000,"divorced","debt-consolidation-ff",6000,"SG","s","self-employed","other",2022-03-04 18:18:51.502,"App 2490","sms"
"Sales rep  I","Loan Disbursed App",59,20000,"married","debt-consolidation",7500,"SG","s","employed-salary","f-and-b",2022-03-04 19:14:39.708,"App 2491","facebook"
"Sales rep  F","Expired App",27,20000,"single","other",2000,"SG","s","employed-salary","other",2022-03-04 20:08:41.45,"App 2492","l.instagram.com"
"Sales rep  C","Closed App",39,25000,"married","debt-consolidation",5500,"SG","s","employed-salary","other",2022-03-04 19:43:12.786,"App 2493","google"
"Sales rep  C","Loan Disbursed App",34,15000,"married","paying-bills",4000,"SG","s","employed-salary","building-construction",2022-03-04 20:24:06.345,"App 2494","wa"
"Sales rep  F","Expired App",36,3000,"single","credit-card-debt",3402,"PH","spass-wp","employed-salary","manufacturing",2022-03-04 20:57:55.964,"App 2495","google"
"Sales rep  C","Expired App",41,2000,"divorced","wedding",2000,"ID","pr","employed-salary","f-and-b",2022-03-04 21:07:44.865,"App 2496","google"
"Sales rep  F","Closed App",29,2500,"single","debt-consolidation-ff",1500,"SG","s","self-employed","building-construction",2022-03-04 21:16:42.352,"App 2497","google"
"Sales rep  F","Expired App",39,30000,"single","renovation",2300,"SG","s","employed-salary","other",2022-03-04 21:34:10.428,"App 2498","facebook"
"Sales rep  F","Expired App",39,6000,"married","paying-bills",2240,"SG","s","employed-salary","other",2022-03-07 17:14:06.967,"App 2499","google"
"Sales rep  C","Expired App",52,20000,"divorced","investment",7243,"SG","s","other","other",2022-03-04 21:51:00.499,"App 2500","wa"
"Sales rep  F","Loan Disbursed App",30,46000,"single","credit-card-debt",3100,"MY","pr","employed-salary","manufacturing",2022-03-05 00:06:31.029,"App 2501","google"
"Sales rep  C","Loan Disbursed App",35,3000,"married","paying-bills",2500,"SG","s","employed-salary","education",2022-03-05 00:19:29.127,"App 2502","direct"
"Sales rep  F","Loan Disbursed App",32,8000,"divorced","business-expansion",1500,"SG","s","self-employed","retail",2022-03-05 00:22:27.591,"App 2503","valuechampion_sg"
"Sales rep  C","Expired App",37,4000,"single","other",2580,"SG","s","employed-salary","it-telco",2022-03-05 00:31:15.638,"App 2504","e-mail"
"Sales rep  F","Expired App",57,1e+05,"married","investment",7300,"SG","s","employed-salary","building-construction",2022-03-05 00:32:32.253,"App 2505","direct"
"Sales rep  C","Expired App",44,10000,"married","home",3000,"SG","s","employed-salary","other",2022-03-05 01:41:29.311,"App 2506","bing"
"Sales rep  F","Expired App",40,20000,"single","home",4800,"SG","s","self-employed","other",2022-03-05 02:28:34.778,"App 2507","l.instagram.com"
"Sales rep  C","Closed App",27,3000,"single","hobbies",3200,"SG","s","employed-salary","logistic",2022-03-05 02:49:41.911,"App 2508","google"
"Sales rep  F","Loan Disbursed App",27,20000,"divorced","debt-consolidation-ff",2850,"SG","s","employed-salary","other",2022-03-05 03:25:21.098,"App 2509","facebook"
"Sales rep  C","Expired App",38,2000,"married","debt-consolidation-ff",1700,"MY","spass-wp","employed-salary","logistic",2022-03-05 07:10:46.593,"App 2510","google"
"Sales rep  F","Loan Disbursed App",27,15000,"single","medical",5600,"MY","ep","employed-salary","manufacturing",2022-03-05 10:10:44.06,"App 2511","google"
"Sales rep  C","Expired App",52,5000,"married","credit-card-debt",20600,"SG","s","employed-salary","it-telco",2022-03-05 10:15:19.069,"App 2512","google"
"Sales rep  F","Expired App",27,10000,"single","other",4500,"MY","spass-wp","other","f-and-b",2022-03-05 11:40:03.39,"App 2513","google"
"Sales rep  C","Expired App",26,8000,"single","wedding",2600,"SG","s","employed-salary","f-and-b",2022-03-05 12:05:43.97,"App 2514","l.instagram.com"
"Sales rep  F","Closed App",41,20000,"widow","car",3800,"SG","s","employed-salary","manufacturing",2022-03-05 12:13:07.743,"App 2515","google"
"Sales rep  C","Loan Disbursed App",42,20000,"divorced","home",8000,"SG","s","employed-salary","retail",2022-03-05 12:32:15.082,"App 2516","valuechampion_sg"
"Sales rep  F","Expired App",34,4000,"divorced","other",3400,"SG","s","employed-salary","government",2022-03-05 12:55:30.509,"App 2517","facebook"
"Sales rep  F","Loan Disbursed App",28,3000,"married","other",2000,"SG","s","employed-salary","retail",2022-03-05 13:33:55.099,"App 2518","facebook"
"Sales rep  F","Expired App",44,2000,"single","wedding",2000,"SG","s","employed-salary","manufacturing",2022-03-05 13:43:48.574,"App 2519","facebook"
"Sales rep  C","Loan Disbursed App",23,5000,"single","car",1734,"SG","s","employed-salary","government",2022-03-05 13:53:45.367,"App 2520","facebook"
NA,"Bank Declined App",34,6000,"married","home",1200,"IN","spass-wp","employed-salary","building-construction",2022-03-05 14:20:05.264,"App 2521","nestia"
"Sales rep  F","Closed App",34,1000,"single","investment",4500,"SG","s","employed-salary","building-construction",2022-03-05 14:47:46.107,"App 2522","direct"
"Sales rep  C","Closed App",28,10000,"married","special-occasion",2500,"SG","s","employed-salary","f-and-b",2022-03-05 14:53:15.807,"App 2523","google"
"Sales rep  F","Bank Declined App",44,8000,"single","other",2300,"MY","spass-wp","employed-salary","manufacturing",2022-03-05 15:09:25.217,"App 2524","wa"
"Sales rep  C","Expired App",33,20000,"married","business-expansion",8500,"SG","s","employed-salary","other",2022-03-05 15:08:17.155,"App 2525","bing"
"Sales rep  F","Expired App",25,8000,"single","debt-consolidation",1500,"SG","s","employed-salary","other",2022-03-05 15:29:57.958,"App 2526","valuechampion_sg"
"Sales rep  C","Closed App",44,5000,"married","education",5800,"IN","pr","employed-salary","other",2022-03-05 17:24:22.42,"App 2527","facebook"
"Sales rep  F","Closed App",42,11000,"married","debt-consolidation-ff",4000,"SG","s","employed-salary","building-construction",2022-03-05 16:27:22.02,"App 2528","google"
"Sales rep  C","Expired App",36,5000,"married","credit-card-debt",3580,"SG","s","employed-salary","f-and-b",2022-03-05 16:54:15.93,"App 2529","facebook"
"Sales rep  C","Expired App",37,15000,"married","education",4800,"IN","pr","employed-salary","manufacturing",2022-03-05 17:52:50.809,"App 2530","facebook"
"Sales rep  I","Loan Disbursed App",42,20000,"married","credit-card-debt",2500,"SG","s","employed-salary","transport",2022-03-07 14:35:22.248,"App 2531","facebook"
"Sales rep  F","Expired App",32,10000,"divorced","credit-card-debt",3200,"SG","s","employed-salary","other",2022-03-05 19:04:59.2,"App 2532","nestia"
NA,"Bank Declined App",34,6000,"married","home",1200,"IN","spass-wp","employed-salary","building-construction",2022-03-05 19:55:48.762,"App 2533","direct"
"Sales rep  F","Expired App",41,20000,"widow","car",3800,"SG","s","employed-salary","manufacturing",2022-03-05 20:29:07.196,"App 2534","wa"
"Sales rep  F","Loan Disbursed App",44,1500,"single","other",2500,"SG","s","employed-salary","other",2022-03-05 20:10:17.997,"App 2535","google"
"Sales rep  I","Expired App",36,2000,"married","other",3600,"SG","s","employed-salary","manufacturing",2022-03-05 20:18:54.917,"App 2536","direct"
"Sales rep  C","Closed App",24,20000,"single","home",2645,"SG","s","employed-salary","hospitality",2022-03-05 22:49:45.474,"App 2537","google"
"Sales rep  F","Expired App",33,10000,"married","investment",6900,"SG","s","employed-salary","manufacturing",2022-03-05 22:59:44.67,"App 2538","direct"
"Sales rep  I","Expired App",38,10000,"single","debt-consolidation-ff",4500,"MY","pr","employed-salary","manufacturing",2022-03-05 23:28:21.571,"App 2539","google"
"Sales rep  C","Expired App",28,20000,"married","renovation",2500,"SG","s","employed-salary","f-and-b",2022-03-05 23:41:41.571,"App 2540","e-mail"
"Sales rep  F","Expired App",31,30000,"married","debt-consolidation",2200,"SG","s","employed-salary","hospitality",2022-03-06 00:37:44.144,"App 2541","facebook"
"Sales rep  C","Expired App",23,2000,"single","paying-bills",2600,"SG","s","employed-salary","logistic",2022-03-06 02:16:08.971,"App 2542","facebook"
"Sales rep  C","Expired App",27,25000,"single","debt-consolidation",2700,"SG","s","employed-salary","other",2022-03-06 04:37:30.711,"App 2543","valuechampion_sg"
"Sales rep  F","Expired App",27,2500,"single","debt-consolidation-ff",2000,"SG","s","employed-salary","education",2022-03-06 05:17:54.07,"App 2544","google"
"Sales rep  C","Expired App",27,45000,"single","debt-consolidation",4800,"SG","s","employed-salary","it-telco",2022-03-06 11:34:45.176,"App 2545","valuechampion_sg"
"Sales rep  F","Expired App",41,20000,"married","debt-consolidation-ff",4000,"SG","s","employed-salary","education",2022-03-06 11:53:03.881,"App 2546","facebook"
"Sales rep  C","Closed App",27,10000,"married","debt-consolidation-ff",3700,"SG","s","employed-contract","it-telco",2022-03-06 13:00:26.583,"App 2547","google"
"Sales rep  F","Expired App",41,4000,"married","debt-consolidation-ff",5000,"SG","s","employed-salary","government",2022-03-06 13:12:13.963,"App 2548","wa"
"Sales rep  C","Bank Declined App",32,3000,"married","home",1200,"IN","spass-wp","employed-salary","other",2022-03-06 13:31:52.626,"App 2549","nestia"
"Sales rep  F","Closed App",34,5000,"married","paying-bills",2000,"SG","s","self-employed","other",2022-03-06 13:54:08.048,"App 2550","l.instagram.com"
"Sales rep  C","Expired App",33,5000,"divorced","wedding",4000,"SG","s","employed-salary","it-telco",2022-03-06 14:31:25.56,"App 2551","google"
"Sales rep  F","Expired App",43,5000,"divorced","renovation",2500,"MY","pr","employed-salary","insurance",2022-03-06 16:37:14.894,"App 2552","facebook"
"Sales rep  C","Expired App",31,30000,"single","credit-card-debt",4175,"MY","pr","employed-salary","banking-finance",2022-03-06 17:23:51.591,"App 2553","facebook"
"Sales rep  F","Loan Disbursed App",29,25000,"married","renovation",2800,"SG","s","employed-salary","hospitality",2022-03-06 17:50:25.376,"App 2554","facebook"
"Sales rep  I","Closed App",62,75000,"married","credit-card-debt",16873,"SG","s","employed-salary","it-telco",2022-03-06 18:09:37.332,"App 2555","rad"
"Sales rep  C","Closed App",34,4000,"married","investment",2800,"SG","s","employed-salary","logistic",2022-03-06 18:09:39.963,"App 2556","direct"
"Sales rep  F","Closed App",26,7500,"married","home",2110,"SG","s","employed-salary","education",2022-03-06 18:58:46.119,"App 2557","l.instagram.com"
"Sales rep  I","Expired App",32,40000,"married","debt-consolidation-ff",5800,"SG","s","employed-salary","education",2022-03-06 18:49:52.414,"App 2558","facebook"
"Sales rep  I","Closed App",36,15000,"married","debt-consolidation",3000,"MY","pr","employed-salary","other",2022-03-06 19:58:43.37,"App 2559","facebook"
"Sales rep  F","Expired App",58,20000,"single","business-expansion",30000,"SG","s","self-employed","other",2022-03-06 21:29:51.861,"App 2560","wa"
"Sales rep  C","Expired App",41,20000,"married","debt-consolidation",5200,"PH","spass-wp","employed-salary","other",2022-03-06 20:04:48.826,"App 2561","e-mail"
"Sales rep  F","Closed App",21,10000,"married","home",2600,"SG","s","employed-salary","f-and-b",2022-03-06 20:37:32.11,"App 2562","direct"
"Sales rep  I","Expired App",30,50000,"single","debt-consolidation",4400,"SG","s","employed-salary","it-telco",2022-03-06 21:18:41.256,"App 2563","google"
"Sales rep  C","Loan Disbursed App",44,10000,"married","debt-consolidation-ff",1500,"SG","s","employed-salary","other",2022-03-06 23:08:09.249,"App 2564","google"
"Sales rep  I","Expired App",31,30000,"single","credit-card-debt",6500,"SG","s","employed-salary","other",2022-03-06 23:33:29.827,"App 2565","valuechampion_sg"
"Sales rep  F","Closed App",27,8000,"married","debt-consolidation-ff",2750,"SG","s","employed-salary","insurance",2022-03-06 23:40:58.019,"App 2566","direct"
"Sales rep  I","Bank Declined App",21,1000,"single","debt-consolidation-ff",1200,"MY","spass-wp","employed-salary","building-construction",2022-03-07 01:35:55.057,"App 2567","nestia"
"Sales rep  C","Bank Declined App",41,80000,"divorced","debt-consolidation",10000,"SG","s","self-employed","other",2022-03-07 01:55:24.998,"App 2568","direct"
"Sales rep  F","Closed App",41,2000,"single","medical",2100,"SG","s","employed-salary","other",2022-03-07 02:04:22.383,"App 2569","facebook"
"Sales rep  I","Closed App",39,30000,"single","debt-consolidation",5200,"SG","s","employed-salary","f-and-b",2022-03-07 02:29:04.498,"App 2570","valuechampion_sg"
"Sales rep  C","Loan Disbursed App",49,10000,"married","paying-bills",7000,"MY","pr","employed-salary","building-construction",2022-03-07 03:18:59.681,"App 2571","bing"
"Sales rep  I","Expired App",21,5000,"single","special-occasion",2000,"SG","s","employed-salary","retail",2022-03-07 03:18:20.135,"App 2572","valuechampion_sg"
"Sales rep  F","Expired App",29,30000,"married","investment",3000,"SG","s","employed-salary","logistic",2022-03-26 13:16:42.268,"App 2573","google"
"Sales rep  F","Expired App",40,5000,"married","other",2300,"SG","s","employed-salary","other",2022-03-07 04:40:12.841,"App 2574","valuechampion_sg"
"Sales rep  I","Bank Declined App",52,20000,"married","debt-consolidation",4200,"SG","s","employed-salary","government",2022-03-07 10:04:39.598,"App 2575","sms"
"Sales rep  C","Closed App",42,20000,"married","debt-consolidation",3500,"SG","s","employed-contract","other",2022-03-07 10:34:18.111,"App 2576","facebook"
"Sales rep  I","Expired App",26,10000,"single","debt-consolidation",3200,"SG","s","employed-salary","other",2022-03-07 18:13:01.669,"App 2577","wa"
"Sales rep  I","Closed App",27,20000,"single","medical",2240,"SG","s","employed-contract","manufacturing",2022-03-07 11:52:39.66,"App 2578","google"
"Sales rep  F","Expired App",54,3000,"married","other",3066,"SG","s","self-employed","f-and-b",2022-03-07 12:18:14.3,"App 2579","sms"
NA,"Closed App",26,16000,"married","debt-consolidation",3000,"SG","s","employed-salary","other",2022-03-07 13:36:43.412,"App 2580","facebook"
"Sales rep  C","Closed App",26,20000,"married","debt-consolidation",3000,"SG","s","employed-salary","other",2022-03-07 13:39:32.579,"App 2581","facebook"
"Sales rep  C","Expired App",29,20000,"single","debt-consolidation",7000,"SG","s","employed-salary","other",2022-03-07 14:04:08.983,"App 2582","facebook"
"Sales rep  I","Expired App",37,3000,"married","education",3000,"SG","s","employed-salary","government",2022-03-07 14:50:07.546,"App 2583","google"
"Sales rep  F","Closed App",53,30000,"married","other",20000,"IN","pr","employed-salary","it-telco",2022-03-07 14:54:32.202,"App 2584","direct"
"Sales rep  C","Expired App",52,10000,"divorced","home",2200,"TW","pr","employed-salary","manufacturing",2022-03-07 15:00:29.316,"App 2585","bing"
"Sales rep  I","Expired App",27,5000,"single","paying-bills",5730,"SG","s","employed-salary","other",2022-03-07 16:12:02.541,"App 2586","direct"
"Sales rep  C","Closed App",34,3000,"single","paying-bills",3500,"SG","s","employed-salary","other",2022-03-07 16:41:56.235,"App 2587","google"
"Sales rep  F","Expired App",43,10000,"married","debt-consolidation-ff",2700,"SG","s","employed-salary","other",2022-03-07 17:09:57.799,"App 2588","valuechampion_sg"
"Sales rep  C","Expired App",29,20000,"single","business-expansion",10000,"SG","s","self-employed","other",2022-03-07 17:27:06.433,"App 2589","wa"
"Sales rep  F","Closed App",38,10000,"married","credit-card-debt",4950,"SG","s","employed-salary","insurance",2022-03-07 17:44:49.385,"App 2590","google"
"Sales rep  C","Expired App",22,2000,"single","vacation",1600,"SG","s","employed-salary","logistic",2022-03-07 18:10:47.553,"App 2591","sms"
"Sales rep  I","Loan Disbursed App",27,3000,"single","other",2799,"MY","spass-wp","employed-salary","f-and-b",2022-03-07 18:14:53.606,"App 2592","valuechampion_sg"
"Sales rep  I","Expired App",50,2000,"divorced","debt-consolidation-ff",1700,"SG","s","employed-salary","logistic",2022-03-07 18:20:50.447,"App 2593","direct"
"Sales rep  C","Closed App",28,3000,"single","paying-bills",2000,"SG","s","employed-salary","retail",2022-03-07 18:05:39.27,"App 2594","valuechampion_sg"
"Sales rep  C","Closed App",36,50000,"married","debt-consolidation",20000,"SG","s","employed-salary","banking-finance",2022-03-07 18:29:24.248,"App 2595","l.instagram.com"
"Sales rep  F","Loan Disbursed App",23,1500,"single","paying-bills",1200,"SG","s","self-employed","transport",2022-03-07 18:39:44.296,"App 2596","google"
"Sales rep  C","Expired App",56,20000,"married","other",8000,"SG","s","employed-salary","building-construction",2022-03-07 19:25:15.702,"App 2597","valuechampion_sg"
"Sales rep  F","Closed App",30,20000,"single","wedding",2600,"SG","s","employed-salary","building-construction",2022-03-07 18:42:36.167,"App 2598","wa"
"Sales rep  C","Closed App",30,12000,"single","renovation",3200,"PH","spass-wp","employed-salary","retail",2022-03-07 19:35:31.285,"App 2599","valuechampion_sg"
"Sales rep  F","Expired App",25,4000,"single","home",2000,"MY","spass-wp","employed-salary","f-and-b",2022-03-07 20:02:54.692,"App 2600","nestia"
"Sales rep  C","Closed App",35,8000,"single","debt-consolidation-ff",2300,"SG","s","employed-salary","other",2022-03-07 20:26:29.232,"App 2601","bing"
"Sales rep  F","Expired App",28,3000,"married","paying-bills",2000,"SG","s","employed-salary","retail",2022-03-07 20:30:30.612,"App 2602","facebook"
"Sales rep  C","Loan Disbursed App",32,20000,"married","credit-card-debt",4000,"SG","s","employed-salary","transport",2022-03-07 20:53:08.278,"App 2603","google"
"Sales rep  C","Expired App",30,15000,"single","debt-consolidation",2560,"SG","s","employed-salary","education",2022-03-07 22:03:25.779,"App 2604","facebook"
"Sales rep  F","Loan Disbursed App",43,1500,"married","paying-bills",1900,"MY","pr","employed-salary","logistic",2022-03-07 23:01:27.381,"App 2605","facebook"
"Sales rep  C","Closed App",33,10000,"single","credit-card-debt",3000,"SG","s","employed-salary","logistic",2022-03-08 00:45:50.227,"App 2606","direct"
"Sales rep  F","Expired App",27,3000,"married","home",2380,"SG","s","employed-salary","manufacturing",2022-03-08 01:58:28.63,"App 2607","facebook"
"Sales rep  F","Loan Disbursed App",46,15000,"married","debt-consolidation-ff",6000,"SG","s","self-employed","other",2022-03-08 02:03:48.057,"App 2608","facebook"
"Sales rep  C","Expired App",48,5000,"married","paying-bills",5000,"SG","s","employed-salary","manufacturing",2022-03-08 02:36:32.958,"App 2609","direct"
"Sales rep  F","Bank Declined App",43,66000,"married","debt-consolidation",3917,"SG","s","employed-salary","government",2022-03-08 02:46:08.722,"App 2610","valuechampion_sg"
"Sales rep  C","Expired App",21,1000,"married","debt-consolidation-ff",1750,"SG","s","employed-salary","hospitality",2022-03-08 03:09:13.694,"App 2611","wa"
"Sales rep  F","Expired App",45,15000,"married","paying-bills",4000,"SG","s","self-employed","transport",2022-03-08 04:38:39.025,"App 2612","nestia"
"Sales rep  C","Closed App",26,2000,"single","paying-bills",3300,"SG","s","employed-salary","f-and-b",2022-03-08 07:36:52.167,"App 2613","google"
"Sales rep  F","Closed App",52,20000,"divorced","debt-consolidation",2800,"SG","s","employed-salary","manufacturing",2022-03-08 10:36:42.903,"App 2614","yahoo"
"Sales rep  F","Loan Disbursed App",22,6500,"single","debt-consolidation",2300,"SG","s","employed-salary","f-and-b",2022-03-08 11:05:47.384,"App 2615","google"
"Sales rep  F","Loan Disbursed App",32,5000,"married","paying-bills",2500,"MY","spass-wp","employed-salary","other",2022-03-08 11:33:22.477,"App 2616","nestia"
"Sales rep  C","Closed App",62,150000,"married","investment",17000,"SG","s","employed-salary","other",2022-03-08 12:13:05.852,"App 2617","bing"
"Sales rep  I","Loan Disbursed App",30,10000,"single","debt-consolidation",3190,"MY","pr","employed-salary","manufacturing",2022-03-08 12:28:52.766,"App 2618","google"
"Sales rep  F","Expired App",46,20000,"married","business-expansion",7000,"SG","s","employed-salary","f-and-b",2022-03-08 13:02:18.735,"App 2619","duplicate"
"Sales rep  I","Loan Disbursed App",34,3000,"single","paying-bills",1800,"SG","s","employed-salary","f-and-b",2022-03-08 13:19:51.298,"App 2620","direct"
"Sales rep  C","Loan Disbursed App",39,8000,"married","other",6400,"PH","spass-wp","employed-salary","banking-finance",2022-03-08 14:06:17.907,"App 2621","google"
"Sales rep  F","Expired App",34,7000,"married","renovation",3000,"SG","s","employed-salary","logistic",2022-03-08 14:35:41.516,"App 2622","google"
"Sales rep  I","Expired App",46,20000,"married","business-expansion",7500,"SG","s","employed-salary","f-and-b",2022-03-08 14:40:19.708,"App 2623","direct"
"Sales rep  C","Loan Disbursed App",38,15000,"married","debt-consolidation",2800,"SG","s","employed-salary","building-construction",2022-03-08 14:42:52.38,"App 2624","direct"
"Sales rep  F","Bank Declined App",35,20000,"married","debt-consolidation",3240,"IN","spass-wp","employed-salary","manufacturing",2022-03-08 14:58:48.304,"App 2625","e-mail"
"Sales rep  I","Closed App",34,14000,"married","debt-consolidation",2500,"SG","s","employed-salary","government",2022-03-08 15:02:32.18,"App 2626","valuechampion_sg"
"Sales rep  F","Expired App",37,180000,"divorced","business-expansion",10000,"SG","s","employed-salary","other",2022-03-08 15:36:53.663,"App 2627","google"
"Sales rep  I","Loan Disbursed App",30,15000,"married","other",3000,"SG","s","employed-salary","other",2022-03-08 15:37:19.871,"App 2628","valuechampion_sg"
"Sales rep  C","Closed App",50,20000,"married","other",4850,"SG","s","employed-salary","government",2022-03-08 15:49:30.672,"App 2629","bing"
"Sales rep  F","Closed App",33,10000,"single","credit-card-debt",3000,"SG","s","employed-salary","logistic",2022-03-08 15:49:51.761,"App 2630","wa"
"Sales rep  I","Expired App",28,20000,"married","credit-card-debt",2000,"SG","s","self-employed","f-and-b",2022-03-08 15:50:27.705,"App 2631","facebook"
"Sales rep  C","Expired App",34,3000,"married","investment",3700,"SG","s","employed-salary","f-and-b",2022-03-08 16:00:01.857,"App 2632","wa"
"Sales rep  C","Bank Declined App",49,20000,"single","debt-consolidation",2200,"SG","s","employed-salary","manufacturing",2022-03-09 17:44:23.969,"App 2633","nestia"
"Sales rep  F","Expired App",63,30000,"single","debt-consolidation-ff",2500,"SG","pr","employed-salary","hospitality",2022-03-08 17:09:36.094,"App 2634","google"
"Sales rep  C","Loan Disbursed App",62,10000,"married","other",2500,"SG","s","employed-salary","f-and-b",2022-03-08 17:48:41.61,"App 2635","nestia"
"Sales rep  C","Loan Disbursed App",40,30000,"divorced","renovation",10859,"SG","s","employed-salary","other",2022-03-08 17:49:39.044,"App 2636","google"
"Sales rep  F","Expired App",70,8000,"married","other",2500,"SG","s","other","building-construction",2022-03-08 19:04:03.79,"App 2637","wa"
"Sales rep  C","Closed App",64,10000,"married","hobbies",2500,"SG","s","self-employed","transport",2022-03-08 20:47:07.872,"App 2638","direct"
"Sales rep  F","Expired App",28,4000,"single","other",3000,"SG","s","other","other",2022-03-08 20:54:56.428,"App 2639","wa"
"Sales rep  F","Expired App",37,30000,"married","debt-consolidation",4500,"SG","s","employed-salary","other",2022-03-08 22:18:40.629,"App 2640","facebook"
"Sales rep  C","Expired App",26,15000,"single","business-expansion",54000,"SG","s","employed-salary","other",2022-03-08 22:29:28.267,"App 2641","google"
"Sales rep  F","Closed App",37,4000,"married","paying-bills",3300,"SG","s","employed-salary","building-construction",2022-03-08 23:15:15.001,"App 2642","wa"
"Sales rep  F","Expired App",49,35000,"married","debt-consolidation",3500,"SG","s","employed-salary","logistic",2022-03-09 18:57:07.515,"App 2643","nestia"
"Sales rep  C","Expired App",24,5000,"single","other",2800,"MY","spass-wp","employed-salary","f-and-b",2022-03-09 00:13:47.841,"App 2644","google"
"Sales rep  I","Closed App",27,4000,"married","medical",1500,"SG","s","self-employed","f-and-b",2022-03-09 00:25:35.568,"App 2645","facebook"
"Sales rep  F","Closed App",44,1500,"married","other",2400,"SG","s","employed-salary","retail",2022-03-09 01:42:01.548,"App 2646","wa"
"Sales rep  C","Expired App",23,3500,"single","other",1950,"SG","s","employed-salary","retail",2022-03-09 02:12:43.94,"App 2647","google"
"Sales rep  I","Expired App",32,20000,"single","business-expansion",5000,"SG","s","employed-salary","f-and-b",2022-03-09 02:23:53.423,"App 2648","direct"
"Sales rep  F","Closed App",50,2000,"divorced","other",1600,"SG","s","employed-contract","logistic",2022-03-09 03:15:17.601,"App 2649","nestia"
"Sales rep  C","Bank Declined App",32,3000,"single","paying-bills",1500,"SG","s","employed-salary","retail",2022-03-09 03:45:02.745,"App 2650","google"
"Sales rep  I","Closed App",32,44000,"married","debt-consolidation",6500,"SG","s","employed-salary","f-and-b",2022-03-09 05:09:54.323,"App 2651","google"
"Sales rep  F","Expired App",38,50000,"single","debt-consolidation",10000,"CN","ep","employed-salary","banking-finance",2022-03-09 11:03:55.293,"App 2652","sms"
"Sales rep  C","Closed App",42,30000,"married","debt-consolidation",6500,"SG","s","employed-salary","manufacturing",2022-03-09 11:25:47.999,"App 2653","sms"
"Sales rep  F","Bank Declined App",28,10000,"married","line-of-credit",4600,"SG","s","employed-salary","it-telco",2022-03-09 12:28:15.255,"App 2654","sms"
"Sales rep  C","Expired App",43,10000,"married","debt-consolidation",3400,"SG","s","employed-salary","other",2022-03-09 12:32:53.799,"App 2655","sms"
"Sales rep  I","Closed App",23,10000,"married","debt-consolidation",1800,"SG","s","employed-salary","banking-finance",2022-03-09 12:34:15.734,"App 2656","google"
"Sales rep  I","Expired App",33,10000,"married","special-occasion",3326,"SG","s","self-employed","other",2022-03-09 13:43:30.44,"App 2657","sms"
"Sales rep  F","Closed App",25,5000,"single","wedding",3800,"MY","spass-wp","employed-salary","retail",2022-03-09 13:10:57.773,"App 2658","direct"
"Sales rep  C","Loan Disbursed App",38,10000,"married","other",5500,"MY","spass-wp","employed-salary","other",2022-03-09 13:21:36.627,"App 2659","google"
"Sales rep  I","Loan Disbursed App",48,20000,"married","home",3100,"SG","s","employed-salary","other",2022-03-09 13:41:12.694,"App 2660","yahoo"
"Sales rep  I","Expired App",44,3000,"single","home",1500,"SG","s","employed-salary","government",2022-03-09 14:24:50.037,"App 2661","sms"
"Sales rep  F","Loan Disbursed App",32,1000,"married","paying-bills",2664,"SG","s","employed-salary","logistic",2022-03-09 14:32:51.8,"App 2662","google"
"Sales rep  C","Closed App",37,50000,"single","home",5700,"SG","s","employed-salary","banking-finance",2022-03-09 14:38:52.702,"App 2663","facebook"
"Sales rep  F","Expired App",37,5000,"single","other",3000,"SG","s","self-employed","transport",2022-03-09 14:54:56.228,"App 2664","google"
"Sales rep  C","Closed App",43,10000,"single","hobbies",2500,"SG","s","employed-salary","other",2022-03-09 14:55:49.588,"App 2665","valuechampion_sg"
"Sales rep  I","Expired App",57,8000,"married","other",2400,"SG","s","employed-salary","other",2022-03-09 16:29:25.435,"App 2666","facebook"
"Sales rep  I","Expired App",33,20000,"married","renovation",3000,"MY","spass-wp","employed-salary","building-construction",2022-03-09 15:29:08.345,"App 2667","wa"
"Sales rep  I","Expired App",41,8000,"single","wedding",2600,"SG","s","employed-salary","logistic",2022-03-09 17:57:00.238,"App 2668","facebook"
"Sales rep  F","Expired App",28,15000,"single","education",3500,"SG","s","employed-salary","building-construction",2022-03-09 15:37:00.991,"App 2669","sms"
"Sales rep  F","Expired App",33,10000,"single","credit-card-debt",3450,"SG","s","employed-salary","f-and-b",2022-03-09 16:25:13.091,"App 2670","google"
"Sales rep  C","Expired App",34,35000,"divorced","line-of-credit",4000,"SG","s","employed-salary","building-construction",2022-03-09 16:09:44.301,"App 2671","direct"
"Sales rep  C","Expired App",39,3500,"single","debt-consolidation-ff",2900,"SG","s","employed-salary","retail",2022-03-09 16:31:55.182,"App 2672","direct"
"Sales rep  F","Closed App",30,5000,"single","debt-consolidation-ff",2500,"MY","spass-wp","employed-salary","hospitality",2022-03-09 16:53:18.056,"App 2673","direct"
"Sales rep  C","Expired App",36,10000,"married","debt-consolidation-ff",2450,"SG","s","employed-salary","other",2022-03-09 17:44:55.114,"App 2674","wa"
"Sales rep  I","Loan Disbursed App",34,20000,"single","debt-consolidation-ff",2100,"SG","s","employed-salary","f-and-b",2022-03-09 17:56:53.535,"App 2675","direct"
"Sales rep  I","Bank Declined App",34,10000,"single","investment",1250,"SG","s","self-employed","other",2022-03-09 17:58:30.426,"App 2676","sms"
"Sales rep  I","Expired App",37,25000,"single","renovation",3600,"SG","s","employed-salary","it-telco",2022-03-09 18:09:25.157,"App 2677","bing"
"Sales rep  I","Expired App",40,15000,"single","debt-consolidation",4345,"SG","s","employed-salary","other",2022-03-09 18:28:53.379,"App 2678","google"
"Sales rep  F","Bank Declined App",30,50000,"single","debt-consolidation-ff",3650,"MY","spass-wp","employed-salary","f-and-b",2022-03-09 18:32:44.15,"App 2679","google"
"Sales rep  I","Expired App",29,30000,"single","line-of-credit",7350,"IN","ep","employed-salary","it-telco",2022-03-09 18:51:09.746,"App 2680","wa"
"Sales rep  I","Closed App",22,9000,"married","debt-consolidation",2500,"SG","s","employed-salary","transport",2022-03-09 19:08:20.844,"App 2681","google"
"Sales rep  F","Expired App",39,35000,"married","debt-consolidation",4500,"MY","pr","employed-salary","manufacturing",2022-03-09 19:30:04.256,"App 2682","sms"
"Sales rep  C","Expired App",48,25000,"married","renovation",4000,"SG","s","employed-salary","manufacturing",2022-03-09 20:07:46.172,"App 2683","bing"
"Sales rep  I","Expired App",36,20000,"single","education",1800,"SG","s","employed-salary","logistic",2022-03-09 20:19:31.194,"App 2684","facebook"
"Sales rep  F","Closed App",26,6000,"single","debt-consolidation-ff",2500,"SG","s","employed-contract","education",2022-03-09 20:38:24.072,"App 2685","direct"
"Sales rep  C","Expired App",53,3000,"married","debt-consolidation-ff",2880,"SG","s","employed-salary","other",2022-03-09 20:45:05.637,"App 2686","google"
"Sales rep  I","Expired App",52,3000,"single","wedding",2000,"MY","pr","employed-salary","other",2022-03-09 20:57:04.572,"App 2687","facebook"
"Sales rep  C","Expired App",38,30000,"married","renovation",13500,"SG","s","employed-salary","it-telco",2022-03-09 20:58:33.913,"App 2688","yahoo"
"Sales rep  F","Loan Disbursed App",53,20000,"married","other",8483,"SG","s","self-employed","other",2022-03-09 21:25:34.249,"App 2689","direct"
"Sales rep  I","Expired App",40,20000,"married","renovation",3500,"SG","s","employed-salary","building-construction",2022-03-09 22:07:21.418,"App 2690","wa"
"Sales rep  F","Expired App",48,5000,"widow","debt-consolidation-ff",2500,"SG","s","employed-salary","other",2022-03-09 22:07:34.214,"App 2691","facebook"
"Sales rep  C","Closed App",25,25000,"single","wedding",2000,"SG","s","employed-salary","hospitality",2022-03-09 22:57:33.684,"App 2692","google"
"Sales rep  F","Closed App",27,18000,"single","debt-consolidation",2500,"SG","s","employed-salary","building-construction",2022-03-09 23:05:34.938,"App 2693","valuechampion_sg"
"Sales rep  C","Closed App",25,50000,"married","car",3500,"SG","s","employed-salary","building-construction",2022-03-09 23:22:57.013,"App 2694","facebook"
"Sales rep  I","Expired App",34,20000,"married","other",3000,"SG","s","employed-salary","f-and-b",2022-03-09 23:27:43.543,"App 2695","direct"
"Sales rep  F","Closed App",38,37000,"married","debt-consolidation",5016,"SG","s","employed-salary","retail",2022-03-10 00:00:37.472,"App 2696","valuechampion_sg"
"Sales rep  C","Expired App",31,6000,"married","paying-bills",2500,"MY","spass-wp","employed-salary","transport",2022-03-10 13:43:01.014,"App 2697","nestia"
"Sales rep  C","Loan Disbursed App",27,6000,"divorced","hobbies",2000,"SG","s","employed-salary","transport",2022-03-10 01:17:27.222,"App 2698","google"
"Sales rep  I","Expired App",45,50000,"married","debt-consolidation-ff",3000,"SG","s","employed-salary","f-and-b",2022-03-10 01:20:28.165,"App 2699","e-mail"
"Sales rep  F","Expired App",30,12000,"married","home",3700,"SG","s","employed-salary","transport",2022-03-10 02:26:07.433,"App 2700","google"
"Sales rep  C","Expired App",27,10000,"single","wedding",2700,"SG","s","employed-salary","other",2022-03-10 02:53:50.54,"App 2701","e-mail"
"Sales rep  I","Expired App",32,12000,"married","renovation",1750,"SG","s","employed-salary","logistic",2022-03-10 03:07:47.557,"App 2702","facebook"
"Sales rep  F","Expired App",24,10000,"single","other",3000,"SG","s","employed-salary","other",2022-03-10 04:29:24.753,"App 2703","google"
"Sales rep  C","Expired App",28,20000,"single","debt-consolidation",2500,"SG","s","employed-salary","f-and-b",2022-03-10 04:58:06.637,"App 2704","valuechampion_sg"
"Sales rep  I","Expired App",33,5000,"married","business-expansion",2000,"MY","pr","self-employed","logistic",2022-03-10 06:07:19.39,"App 2705","google"
"Sales rep  F","Expired App",51,110000,"single","debt-consolidation",14000,"NZ","pr","employed-salary","it-telco",2022-03-10 09:02:47.948,"App 2706","facebook"
"Sales rep  C","Closed App",63,15000,"married","credit-card-debt",2800,"SG","s","employed-salary","manufacturing",2022-03-10 09:27:11.096,"App 2707","e-mail"
"Sales rep  C","Loan Disbursed App",21,10000,"single","debt-consolidation",2433,"SG","s","self-employed","other",2022-03-10 09:25:47.78,"App 2708","valuechampion_sg"
"Sales rep  F","Closed App",42,14000,"divorced","home",3000,"SG","s","employed-salary","government",2022-03-10 10:28:52.52,"App 2709","bing"
"Sales rep  C","Closed App",49,15000,"single","home",9000,"SG","s","employed-salary","it-telco",2022-03-10 10:32:27.507,"App 2710","direct"
"Sales rep  F","Expired App",35,1e+05,"married","credit-card-debt",11000,"PH","pr","employed-salary","f-and-b",2022-03-10 10:42:21.85,"App 2711","google"
"Sales rep  F","Closed App",54,10000,"married","other",5000,"SG","s","self-employed","building-construction",2022-03-10 11:32:09.523,"App 2712","wa"
"Sales rep  F","Expired App",49,50000,"married","debt-consolidation",6500,"SG","s","employed-salary","logistic",2022-03-10 12:13:00.301,"App 2713","valuechampion_sg"
"Sales rep  C","Closed App",29,3000,"married","medical",4300,"SG","s","employed-salary","other",2022-03-10 12:33:22.552,"App 2714","direct"
"Sales rep  F","Loan Disbursed App",55,20000,"married","debt-consolidation",10000,"SG","s","employed-salary","logistic",2022-03-10 13:01:03.113,"App 2715","sms"
"Sales rep  C","Loan Disbursed App",30,3000,"married","debt-consolidation",2900,"SG","s","self-employed","transport",2022-03-10 13:02:40.095,"App 2716","facebook"
"Sales rep  F","Closed App",40,1e+05,"married","other",2000,"SG","s","employed-salary","other",2022-03-10 16:56:32.553,"App 2717","google"
"Sales rep  I","Expired App",41,20000,"married","debt-consolidation-ff",6000,"SG","s","employed-salary","manufacturing",2022-03-10 13:17:55.899,"App 2718","google"
"Sales rep  F","Bank Declined App",30,20000,"single","other",8500,"SG","s","employed-salary","other",2022-03-10 13:43:40.16,"App 2719","direct"
"Sales rep  C","Closed App",38,25000,"married","debt-consolidation",2601,"SG","s","employed-salary","it-telco",2022-03-10 13:46:34.761,"App 2720","bing"
"Sales rep  I","Closed App",26,160000,"single","home",1500,"SG","s","employed-salary","manufacturing",2022-03-10 13:52:27.046,"App 2721","google"
"Sales rep  F","Expired App",25,1000,"single","debt-consolidation-ff",1900,"SG","s","employed-salary","f-and-b",2022-03-10 13:59:45.909,"App 2722","google"
"Sales rep  I","Expired App",41,5000,"married","debt-consolidation-ff",4470,"PH","spass-wp","employed-salary","building-construction",2022-03-10 14:18:38.634,"App 2723","bing"
"Sales rep  I","Expired App",25,4000,"single","paying-bills",1900,"SG","s","employed-salary","hospitality",2022-03-10 14:25:29.896,"App 2724","facebook"
"Sales rep  F","Closed App",30,10000,"single","credit-card-debt",2686,"SG","s","self-employed","it-telco",2022-03-10 14:51:19.215,"App 2725","google"
"Sales rep  C","Closed App",33,80000,"single","debt-consolidation-ff",12000,"SG","s","employed-salary","other",2022-03-10 14:52:23.8,"App 2726","finder_sg"
"Sales rep  F","Closed App",32,26000,"married","debt-consolidation",2200,"SG","s","employed-salary","education",2022-03-10 14:54:28.362,"App 2727","facebook"
"Sales rep  C","Loan Disbursed App",66,40000,"married","debt-consolidation",4780,"IN","pr","employed-salary","f-and-b",2022-03-10 15:05:14.55,"App 2728","rad"
"Sales rep  I","Loan Disbursed App",27,10000,"married","debt-consolidation",2500,"SG","s","employed-salary","transport",2022-03-10 15:06:52.212,"App 2729","facebook"
"Sales rep  F","Closed App",41,20000,"married","debt-consolidation",4200,"SG","s","employed-salary","logistic",2022-03-10 15:19:00.45,"App 2730","e-mail"
"Sales rep  C","Expired App",46,20000,"married","debt-consolidation",6000,"SG","s","employed-salary","manufacturing",2022-03-10 15:42:56.93,"App 2731","google"
"Sales rep  I","Expired App",28,20000,"single","investment",2500,"IN","spass-wp","employed-salary","manufacturing",2022-03-10 16:20:42.099,"App 2732","valuechampion_sg"
"Sales rep  C","Expired App",44,5000,"divorced","debt-consolidation-ff",6000,"SG","s","employed-salary","logistic",2022-03-10 17:24:03.045,"App 2733","facebook"
"Sales rep  F","Expired App",48,40000,"single","business-expansion",8000,"CN","ep","employed-contract","f-and-b",2022-03-10 16:29:11.238,"App 2734","direct"
"Sales rep  I","Closed App",30,10000,"single","renovation",3500,"PH","spass-wp","employed-salary","retail",2022-03-10 16:27:34.152,"App 2735","direct"
"Sales rep  I","Loan Disbursed App",36,20000,"divorced","education",6000,"SG","s","employed-salary","manufacturing",2022-03-10 16:35:01.656,"App 2736","google"
"Sales rep  C","Closed App",34,5000,"single","car",5500,"SG","s","employed-salary","building-construction",2022-03-10 16:54:44.992,"App 2737","direct"
"Sales rep  I","Expired App",43,5000,"married","renovation",2200,"SG","s","employed-salary","other",2022-03-10 16:58:37.392,"App 2738","duplicate"
"Sales rep  F","Expired App",29,15000,"married","renovation",3000,"SG","s","employed-salary","other",2022-03-10 17:00:14.87,"App 2739","google"
"Sales rep  C","Loan Disbursed App",25,20000,"single","debt-consolidation-ff",2800,"SG","s","employed-salary","f-and-b",2022-03-10 17:02:55.526,"App 2740","direct"
"Sales rep  F","Expired App",51,5000,"single","hobbies",3500,"SG","s","employed-salary","education",2022-03-10 17:23:02.976,"App 2741","facebook"
"Sales rep  I","Closed App",42,40000,"married","renovation",2100,"ID","pr","employed-salary","f-and-b",2022-03-10 17:53:44.83,"App 2742","wa"
"Sales rep  C","Expired App",26,5000,"single","debt-consolidation",2400,"SG","s","employed-salary","it-telco",2022-03-10 18:00:14.803,"App 2743","google"
"Sales rep  F","Expired App",35,20000,"married","home",3900,"SG","s","employed-salary","government",2022-03-10 18:28:20.022,"App 2744","l.instagram.com"
"Sales rep  I","Closed App",32,10000,"single","home",3785,"MY","pr","employed-salary","manufacturing",2022-03-10 18:46:44.845,"App 2745","direct"
"Sales rep  C","Closed App",41,20000,"married","debt-consolidation",4200,"SG","s","employed-salary","logistic",2022-03-10 18:43:31.461,"App 2746","e-mail"
"Sales rep  F","Loan Disbursed App",20,50000,"married","paying-bills",1750,"SG","s","employed-salary","f-and-b",2022-03-10 19:58:25.97,"App 2747","facebook"
"Sales rep  I","Expired App",53,20000,"married","other",8483,"SG","s","self-employed","other",2022-03-10 20:29:59.326,"App 2748","direct"
"Sales rep  C","Closed App",44,20000,"married","investment",5000,"SG","s","self-employed","f-and-b",2022-03-10 20:39:39.623,"App 2749","wa"
"Sales rep  F","Expired App",42,20000,"married","business-expansion",6000,"SG","s","self-employed","other",2022-03-10 21:37:59.702,"App 2750","facebook"
"Sales rep  I","Bank Declined App",29,3000,"married","debt-consolidation",2600,"MY","spass-wp","employed-salary","f-and-b",2022-03-10 21:42:24.029,"App 2751","facebook"
"Sales rep  C","Bank Declined App",30,1500,"single","debt-consolidation-ff",1000,"SG","s","employed-salary","f-and-b",2022-03-10 22:19:20.194,"App 2752","google"
"Sales rep  F","Closed App",26,5000,"single","other",2100,"SG","s","employed-salary","transport",2022-03-10 22:48:10.844,"App 2753","facebook"
"Sales rep  I","Loan Disbursed App",28,250000,"single","special-occasion",12000,"CN","ep","employed-salary","it-telco",2022-03-10 22:51:09.539,"App 2754","google"
"Sales rep  C","Expired App",38,20000,"single","business-expansion",4500,"SG","s","self-employed","f-and-b",2022-03-10 22:50:26.61,"App 2755","e-mail"
"Sales rep  I","Expired App",42,20000,"single","medical",8300,"GB","ep","employed-salary","other",2022-03-11 00:18:09.943,"App 2756","facebook"
"Sales rep  F","Loan Disbursed App",33,2500,"married","paying-bills",2200,"SG","s","employed-salary","other",2022-03-11 00:26:16.544,"App 2757","l.facebook.com"
"Sales rep  I","Expired App",26,1000,"married","paying-bills",2500,"SG","s","employed-salary","other",2022-03-11 00:59:35.226,"App 2758","google"
"Sales rep  C","Expired App",38,10000,"divorced","home",1900,"SG","s","employed-salary","logistic",2022-03-11 02:11:55.198,"App 2759","facebook"
"Sales rep  F","Expired App",29,45000,"single","debt-consolidation",6000,"SG","s","employed-salary","banking-finance",2022-03-11 02:39:29.732,"App 2760","valuechampion_sg"
"Sales rep  I","Closed App",33,6000,"married","debt-consolidation",2800,"SG","s","employed-salary","other",2022-03-11 02:49:37.833,"App 2761","google"
"Sales rep  I","Expired App",56,20000,"married","renovation",3000,"SG","s","employed-salary","f-and-b",2022-03-11 13:01:05.513,"App 2762","facebook"
"Sales rep  C","Bank Declined App",20,5000,"single","wedding",1200,"SG","s","student","logistic",2022-03-11 04:07:54.704,"App 2763","wa"
"Sales rep  F","Closed App",24,2000,"single","other",2500,"MY","spass-wp","other","manufacturing",2022-03-11 06:03:39.92,"App 2764","direct"
"Sales rep  C","Expired App",31,20000,"married","line-of-credit",4000,"SG","s","self-employed","f-and-b",2022-03-11 08:01:12.791,"App 2765","sms"
"Sales rep  C","Loan Disbursed App",36,1500,"married","debt-consolidation",6700,"SG","s","employed-salary","education",2022-03-11 08:34:27.057,"App 2766","google"
"Sales rep  F","Expired App",45,3000,"married","debt-consolidation-ff",3750,"MY","spass-wp","employed-salary","building-construction",2022-03-11 11:29:45.73,"App 2767","direct"
"Sales rep  C","Closed App",58,6000,"single","investment",3000,"MY","spass-wp","employed-salary","manufacturing",2022-03-11 15:13:58.841,"App 2768","google"
"Sales rep  F","Bank Declined App",20,2000,"single","home",1600,"SG","s","employed-salary","other",2022-03-11 12:45:03.639,"App 2769","direct"
"Sales rep  F","Expired App",31,5000,"married","education",3810,"SG","s","employed-salary","building-construction",2022-03-11 13:18:01.166,"App 2770","duplicate"
"Sales rep  C","Expired App",39,3000,"single","paying-bills",3400,"SG","s","employed-salary","building-construction",2022-03-11 13:09:27.327,"App 2771","wa"
"Sales rep  C","Loan Disbursed App",24,6000,"single","debt-consolidation",2200,"SG","s","employed-salary","government",2022-03-11 13:25:34.651,"App 2772","google"
"Sales rep  I","Loan Disbursed App",38,2000,"married","line-of-credit",4500,"MY","pr","employed-salary","other",2022-03-11 14:00:16.236,"App 2773","google"
"Sales rep  I","Closed App",28,20000,"single","debt-consolidation",2800,"SG","s","employed-salary","other",2022-03-11 14:04:23.066,"App 2774","wa"
"Sales rep  C","Closed App",45,10000,"single","medical",8400,"PH","ep","employed-salary","it-telco",2022-03-11 14:16:02.958,"App 2775","direct"
"Sales rep  F","Expired App",28,6000,"married","paying-bills",3000,"MY","pr","other","transport",2022-03-11 14:30:37.53,"App 2776","facebook"
"Sales rep  I","Expired App",29,8000,"single","debt-consolidation",2800,"SG","s","employed-salary","manufacturing",2022-03-11 14:35:52.563,"App 2777","google"
"Sales rep  F","Expired App",27,2000,"married","medical",2900,"SG","s","employed-salary","retail",2022-03-11 14:57:09.016,"App 2778","direct"
"Sales rep  C","Expired App",31,5000,"married","credit-card-debt",2448,"SG","s","employed-salary","other",2022-03-11 15:24:36.585,"App 2779","google"
"Sales rep  F","Expired App",29,20000,"single","credit-card-debt",6000,"SG","s","employed-salary","banking-finance",2022-03-11 15:57:46.847,"App 2780","google"
"Sales rep  I","Expired App",58,20000,"married","business-expansion",3200,"SG","s","employed-salary","other",2022-03-11 16:21:00.662,"App 2781","rad"
"Sales rep  C","Closed App",44,20000,"married","home",3850,"IN","spass-wp","employed-salary","building-construction",2022-03-11 16:22:01.382,"App 2782","direct"
"Sales rep  C","Expired App",37,20000,"married","business-expansion",2500,"SG","s","employed-salary","transport",2022-03-11 16:27:45.91,"App 2783","bing"
"Sales rep  F","Expired App",50,30000,"married","home",15700,"SG","s","employed-salary","building-construction",2022-03-11 17:02:56.743,"App 2784","direct"
"Sales rep  I","Loan Disbursed App",50,3000,"married","home",3000,"SG","s","employed-salary","government",2022-03-11 17:08:49.214,"App 2785","direct"
"Sales rep  F","Expired App",66,20000,"married","medical",3500,"SG","s","employed-salary","government",2022-03-11 17:48:01.28,"App 2786","valuechampion_sg"
NA,"Bank Declined App",27,10000,"single","credit-card-debt",2500,"SG","s","employed-salary","building-construction",2022-03-11 18:56:02.721,"App 2787","wa"
"Sales rep  C","Expired App",53,55000,"married","debt-consolidation-ff",10000,"IN","ep","employed-salary","it-telco",2022-03-11 19:10:33.666,"App 2788","google"
"Sales rep  C","Closed App",31,150000,"married","education",6500,"SG","s","employed-salary","banking-finance",2022-03-11 19:36:09.215,"App 2789","direct"
"Sales rep  C","Expired App",33,40000,"divorced","debt-consolidation",3000,"SG","s","self-employed","other",2022-03-11 20:12:01.222,"App 2790","valuechampion_sg"
"Sales rep  C","Expired App",26,20000,"single","home",2000,"SG","s","employed-salary","f-and-b",2022-03-11 21:28:45.625,"App 2791","direct"
"Sales rep  C","Expired App",49,50000,"married","home",10000,"IN","pr","employed-salary","manufacturing",2022-03-11 21:32:44.797,"App 2792","google"
"Sales rep  C","Closed App",56,10000,"single","investment",3000,"SG","s","employed-salary","other",2022-03-11 22:31:37.543,"App 2793","rad"
"Sales rep  C","Expired App",32,3000,"single","paying-bills",2200,"MY","spass-wp","employed-salary","manufacturing",2022-03-11 23:10:57.4,"App 2794","google"
"Sales rep  C","Expired App",37,10000,"single","other",3100,"PH","spass-wp","employed-salary","other",2022-03-12 00:24:14.956,"App 2795","facebook"
"Sales rep  C","Expired App",39,12000,"married","business-expansion",9000,"SG","s","self-employed","banking-finance",2022-03-12 01:19:04.296,"App 2796","direct"
"Sales rep  C","Closed App",49,20000,"divorced","renovation",6900,"SG","s","employed-salary","building-construction",2022-03-12 01:53:07.091,"App 2797","e-mail"
"Sales rep  F","Expired App",39,15000,"married","renovation",2800,"SG","s","employed-salary","education",2022-03-13 14:08:45.995,"App 2798","valuechampion_sg"
"Sales rep  C","Expired App",31,60000,"single","investment",4200,"SG","s","employed-salary","it-telco",2022-03-12 02:43:22.458,"App 2799","google"
"Sales rep  C","Closed App",24,1000,"single","wedding",1500,"SG","s","employed-salary","f-and-b",2022-03-12 03:14:08.594,"App 2800","google"
"Sales rep  C","Expired App",26,30000,"married","business-expansion",4000,"MY","pr","self-employed","other",2022-03-12 12:04:24.266,"App 2801","google"
"Sales rep  C","Closed App",40,20000,"married","medical",4000,"SG","s","employed-salary","hospitality",2022-03-12 12:20:56.245,"App 2802","valuechampion_sg"
"Sales rep  C","Bank Declined App",42,20000,"married","debt-consolidation-ff",11500,"IN","ep","employed-salary","it-telco",2022-03-12 12:28:13.267,"App 2803","google"
"Sales rep  C","Expired App",30,2500,"married","debt-consolidation-ff",2900,"SG","s","self-employed","transport",2022-03-12 12:58:43.47,"App 2804","valuechampion_sg"
"Sales rep  C","Closed App",70,20000,"married","paying-bills",2900,"SG","s","employed-salary","transport",2022-03-12 14:06:49.439,"App 2805","facebook"
"Sales rep  C","Expired App",28,20000,"single","education",3500,"SG","s","employed-salary","manufacturing",2022-03-12 13:56:46.438,"App 2806","direct"
"Sales rep  I","Expired App",27,30000,"married","investment",8000,"SG","s","self-employed","f-and-b",2022-03-12 15:37:17.922,"App 2807","google"
"Sales rep  I","Bank Declined App",39,1500,"single","home",3310,"PH","spass-wp","employed-salary","building-construction",2022-03-12 15:41:19.924,"App 2808","direct"
"Sales rep  I","Expired App",30,25000,"married","debt-consolidation",3500,"SG","s","employed-salary","other",2022-03-12 16:02:32.919,"App 2809","facebook"
"Sales rep  C","Bank Declined App",23,1000,"single","paying-bills",1200,"SG","s","employed-salary","it-telco",2022-03-12 16:23:39.996,"App 2810","direct"
"Sales rep  I","Closed App",52,12000,"married","credit-card-debt",20600,"SG","s","employed-salary","it-telco",2022-03-12 16:48:29.8,"App 2811","google"
"Sales rep  I","Expired App",25,20000,"married","debt-consolidation",2800,"SG","s","employed-salary","transport",2022-03-12 16:53:58.233,"App 2812","direct"
"Sales rep  C","Bank Declined App",35,10000,"married","paying-bills",1500,"SG","s","self-employed","other",2022-03-14 13:11:12.095,"App 2813","facebook"
"Sales rep  I","Expired App",25,2000,"single","other",3000,"SG","s","employed-salary","other",2022-03-12 17:16:40.701,"App 2814","google"
"Sales rep  I","Expired App",53,30000,"married","paying-bills",4000,"SG","s","employed-salary","transport",2022-03-12 17:23:37.226,"App 2815","l.facebook.com"
"Sales rep  I","Expired App",28,20000,"single","investment",3600,"SG","s","employed-salary","manufacturing",2022-03-12 17:23:24.122,"App 2816","google"
"Sales rep  I","Loan Disbursed App",34,20000,"married","debt-consolidation-ff",4500,"SG","s","employed-salary","building-construction",2022-03-12 17:23:14.386,"App 2817","direct"
"Sales rep  I","Expired App",37,30000,"married","credit-card-debt",2500,"PH","pr","employed-salary","f-and-b",2022-03-12 17:38:24.22,"App 2818","google"
"Sales rep  I","Expired App",25,9000,"single","debt-consolidation",2000,"SG","s","employed-salary","it-telco",2022-03-12 17:43:25.669,"App 2819","valuechampion_sg"
"Sales rep  I","Closed App",34,2000,"divorced","debt-consolidation-ff",3300,"SG","s","employed-salary","other",2022-03-12 17:55:49.782,"App 2820","facebook"
"Sales rep  I","Bank Declined App",36,15000,"single","other",1950,"MY","spass-wp","employed-salary","manufacturing",2022-03-12 18:15:22.056,"App 2821","nestia"
"Sales rep  I","Bank Declined App",43,20000,"single","debt-consolidation-ff",1400,"SG","s","employed-salary","other",2022-03-12 18:27:42.823,"App 2822","facebook"
"Sales rep  I","Expired App",48,10000,"divorced","debt-consolidation-ff",3000,"SG","s","employed-salary","other",2022-03-12 18:38:18.327,"App 2823","facebook"
"Sales rep  I","Expired App",34,10000,"married","business-expansion",3500,"SG","s","self-employed","transport",2022-03-12 20:21:13.515,"App 2824","sms"
"Sales rep  I","Expired App",33,4000,"single","education",2750,"SG","s","employed-salary","hospitality",2022-03-12 20:30:14.619,"App 2825","google"
"Sales rep  I","Expired App",31,20000,"single","debt-consolidation",4889,"SG","s","employed-salary","other",2022-03-12 21:07:56.665,"App 2826","google"
"Sales rep  I","Expired App",27,50000,"single","debt-consolidation",5000,"SG","s","self-employed","insurance",2022-03-12 21:21:14.016,"App 2827","valuechampion_sg"
"Sales rep  F","Expired App",41,20000,"married","other",7000,"IN","ep","self-employed","retail",2022-03-14 13:42:46.556,"App 2828","wa"
"Sales rep  I","Bank Declined App",26,2000,"single","debt-consolidation-ff",2400,"SG","s","employed-salary","it-telco",2022-03-12 22:30:39.234,"App 2829","google"
"Sales rep  I","Closed App",28,3000,"divorced","debt-consolidation-ff",3500,"SG","s","employed-salary","it-telco",2022-03-12 22:50:20.451,"App 2830","facebook"
"Sales rep  I","Expired App",30,85000,"married","renovation",3700,"SG","s","employed-salary","education",2022-03-12 23:44:59.92,"App 2831","l.instagram.com"
"Sales rep  I","Expired App",33,18000,"married","paying-bills",6200,"MY","pr","employed-salary","banking-finance",2022-03-12 23:46:54.389,"App 2832","direct"
"Sales rep  I","Expired App",55,40000,"married","education",9520,"IN","pr","employed-salary","manufacturing",2022-03-12 23:51:03.144,"App 2833","yahoo"
"Sales rep  I","Expired App",27,3000,"single","paying-bills",3600,"SG","s","employed-salary","other",2022-03-12 23:56:32.366,"App 2834","direct"
"Sales rep  I","Bank Declined App",40,11200,"divorced","debt-consolidation",1900,"SG","s","employed-salary","logistic",2022-03-13 00:02:13.264,"App 2835","facebook"
"Sales rep  I","Closed App",47,1000,"divorced","paying-bills",3300,"SG","s","employed-salary","other",2022-03-13 00:31:58.34,"App 2836","direct"
"Sales rep  I","Expired App",33,25000,"married","business-expansion",3000,"MY","pr","employed-salary","hospitality",2022-03-13 00:46:16.616,"App 2837","google"
"Sales rep  F","Closed App",36,9500,"married","other",5000,"SG","s","employed-salary","it-telco",2022-03-17 20:35:27.388,"App 2838","fintechnews.sg"
"Sales rep  I","Closed App",70,20000,"married","home",2900,"SG","s","employed-salary","transport",2022-03-13 01:55:32.396,"App 2839","direct"
"Sales rep  I","Loan Disbursed App",35,20000,"married","credit-card-debt",4600,"PH","spass-wp","employed-salary","it-telco",2022-03-13 02:11:52.76,"App 2840","e-mail"
"Sales rep  I","Expired App",22,2000,"single","education",1950,"SG","s","employed-salary","f-and-b",2022-03-13 02:24:32.27,"App 2841","wa"
"Sales rep  C","Expired App",28,20000,"single","paying-bills",3600,"CN","spass-wp","employed-salary","hospitality",2022-03-13 03:11:57.108,"App 2842","direct"
"Sales rep  F","Expired App",37,10000,"single","renovation",5200,"SG","s","employed-salary","it-telco",2022-03-13 03:35:42.814,"App 2843","facebook"
"Sales rep  C","Expired App",28,30000,"single","other",2200,"SG","s","employed-salary","f-and-b",2022-03-14 12:53:24.751,"App 2844","facebook"
"Sales rep  C","Expired App",29,20000,"single","paying-bills",6000,"SG","s","self-employed","f-and-b",2022-03-13 05:30:22.163,"App 2845","google"
"Sales rep  F","Loan Disbursed App",28,5000,"single","hobbies",2500,"SG","s","employed-salary","logistic",2022-03-13 06:24:56.055,"App 2846","google"
"Sales rep  C","Closed App",41,20000,"divorced","debt-consolidation",3000,"SG","s","employed-salary","government",2022-03-13 08:05:13.291,"App 2847","facebook"
"Sales rep  F","Expired App",28,3000,"single","debt-consolidation-ff",3000,"SG","s","employed-salary","hospitality",2022-03-13 09:21:02.38,"App 2848","wa"
"Sales rep  C","Expired App",47,10000,"married","home",3000,"SG","s","employed-salary","retail",2022-03-13 11:06:31.9,"App 2849","facebook"
"Sales rep  F","Closed App",34,5000,"married","paying-bills",6530,"SG","s","employed-salary","building-construction",2022-03-13 11:16:01.372,"App 2850","google"
"Sales rep  F","Closed App",24,2000,"single","paying-bills",1400,"SG","s","employed-salary","f-and-b",2022-03-13 13:19:04.19,"App 2851","nestia"
"Sales rep  F","Bank Declined App",42,20000,"single","debt-consolidation",2885,"SG","s","employed-salary","retail",2022-03-13 13:46:25.597,"App 2852","google"
"Sales rep  C","Loan Disbursed App",33,20000,"married","medical",5000,"SG","s","employed-salary","other",2022-03-13 14:47:41.158,"App 2853","google"
"Sales rep  F","Loan Disbursed App",57,2500,"married","paying-bills",2039,"SG","s","employed-salary","transport",2022-03-13 15:18:22.401,"App 2854","wa"
"Sales rep  C","Closed App",44,40000,"married","education",9550,"BD","ep","employed-salary","transport",2022-03-13 15:56:45.918,"App 2855","bing"
"Sales rep  F","Expired App",29,10000,"married","debt-consolidation-ff",2750,"IN","spass-wp","employed-salary","building-construction",2022-03-13 16:24:24.38,"App 2856","valuechampion_sg"
"Sales rep  C","Expired App",23,2000,"single","other",2600,"SG","s","employed-salary","transport",2022-03-13 18:29:34.022,"App 2857","facebook"
"Sales rep  F","Expired App",38,30000,"single","renovation",6000,"SG","s","employed-salary","retail",2022-03-13 18:42:39.701,"App 2858","facebook"
"Sales rep  C","Expired App",41,30000,"married","debt-consolidation",5000,"SG","s","employed-salary","other",2022-03-13 19:33:40.356,"App 2859","facebook"
"Sales rep  F","Closed App",37,20000,"single","debt-consolidation-ff",3560,"SG","s","employed-salary","it-telco",2022-03-13 20:30:00.707,"App 2860","direct"
"Sales rep  C","Expired App",31,4500,"married","home",3000,"SG","s","employed-salary","f-and-b",2022-03-13 21:17:02.535,"App 2861","e-mail"
"Sales rep  F","Expired App",52,7000,"single","investment",1700,"SG","s","employed-salary","other",2022-03-13 21:40:31.363,"App 2862","bing"
"Sales rep  C","Loan Disbursed App",44,10000,"married","home",2500,"MY","pr","employed-salary","banking-finance",2022-03-14 00:14:00.139,"App 2863","google"
"Sales rep  F","Expired App",50,1000,"single","paying-bills",1200,"SG","s","other","government",2022-03-13 22:27:20.029,"App 2864","facebook"
"Sales rep  C","Expired App",60,10000,"divorced","special-occasion",6000,"SG","s","employed-salary","other",2022-03-14 00:37:44.598,"App 2865","yahoo"
"Sales rep  F","Expired App",27,32000,"married","paying-bills",6500,"SG","s","self-employed","f-and-b",2022-03-14 00:16:39.644,"App 2866","direct"
"Sales rep  C","Expired App",37,20000,"married","debt-consolidation",2600,"SG","s","employed-salary","other",2022-03-14 00:42:30.676,"App 2867","facebook"
"Sales rep  F","Loan Disbursed App",23,3000,"single","debt-consolidation-ff",2200,"SG","s","employed-salary","retail",2022-03-14 01:12:36.648,"App 2868","google"
"Sales rep  C","Expired App",35,5000,"single","paying-bills",1600,"SG","s","employed-salary","retail",2022-03-14 01:29:08.072,"App 2869","facebook"
"Sales rep  F","Closed App",25,40000,"single","other",2700,"SG","s","national-serviceman","government",2022-03-14 02:12:22.553,"App 2870","google"
"Sales rep  C","Closed App",39,50000,"married","renovation",60000,"SG","s","employed-salary","banking-finance",2022-03-14 02:42:44.554,"App 2871","facebook"
"Sales rep  F","Loan Disbursed App",29,6000,"single","special-occasion",2220,"SG","s","employed-salary","other",2022-03-14 02:45:05.013,"App 2872","direct"
"Sales rep  I","Loan Disbursed App",26,10000,"single","debt-consolidation",3500,"CN","pr","employed-salary","manufacturing",2022-03-15 17:43:35.399,"App 2873","google"
"Sales rep  C","Expired App",29,53000,"single","business-expansion",2000,"SG","s","employed-salary","other",2022-03-14 03:00:04.938,"App 2874","google"
"Sales rep  C","Expired App",41,10000,"single","debt-consolidation-ff",4500,"MY","ep","employed-salary","transport",2022-03-14 07:09:39.605,"App 2875","google"
"Sales rep  C","Bank Declined App",20,3000,"single","special-occasion",1600,"SG","s","employed-salary","logistic",2022-03-14 11:17:31.197,"App 2876","direct"
"Sales rep  F","Closed App",33,5000,"married","credit-card-debt",2800,"SG","s","employed-salary","transport",2022-03-14 11:22:51.999,"App 2877","facebook"
"Sales rep  F","Closed App",35,20000,"married","home",2900,"SG","s","other","f-and-b",2022-03-16 09:22:20.906,"App 2878","wa"
"Sales rep  C","Expired App",31,2000,"married","paying-bills",1800,"SG","s","employed-salary","education",2022-03-14 12:00:46.865,"App 2879","google"
"Sales rep  F","Expired App",33,5500,"married","debt-consolidation",3500,"MY","spass-wp","employed-salary","manufacturing",2022-03-14 12:45:08.846,"App 2880","wa"
"Sales rep  C","Expired App",45,35000,"single","debt-consolidation",3500,"SG","s","employed-salary","logistic",2022-03-14 13:08:09.309,"App 2881","wa"
"Sales rep  F","Expired App",30,1000,"single","investment",1700,"SG","s","employed-salary","other",2022-03-14 13:54:49.457,"App 2882","direct"
"Sales rep  C","Closed App",28,12000,"single","wedding",3600,"SG","s","employed-salary","transport",2022-03-14 14:13:19.704,"App 2883","direct"
"Sales rep  C","Closed App",23,1000,"single","debt-consolidation",367,"SG","s","employed-contract","government",2022-03-14 14:53:56.7,"App 2884","google"
"Sales rep  F","Expired App",56,85000,"married","car",5383,"SG","s","employed-salary","other",2022-03-14 14:59:58.397,"App 2885","yahoo"
"Sales rep  F","Closed App",43,20000,"married","education",3200,"SG","s","employed-contract","other",2022-03-14 15:08:56.092,"App 2886","l.instagram.com"
"Sales rep  I","Closed App",37,65000,"single","renovation",3500,"SG","s","employed-salary","other",2022-03-14 15:23:27.562,"App 2887","facebook"
"Sales rep  C","Loan Disbursed App",30,20000,"married","debt-consolidation-ff",8000,"KR","ep","employed-salary","banking-finance",2022-03-14 15:24:13.643,"App 2888","valuechampion_sg"
"Sales rep  F","Expired App",25,40000,"single","other",2700,"SG","s","employed-salary","government",2022-03-14 15:34:33.519,"App 2889","direct"
"Sales rep  F","Expired App",29,3000,"single","paying-bills",2300,"SG","s","employed-salary","logistic",2022-03-14 15:38:28.931,"App 2890","direct"
"Sales rep  C","Expired App",18,1000,"single","home",750,"SG","s","employed-salary","f-and-b",2022-03-14 16:15:33.43,"App 2891","direct"
"Sales rep  I","Closed App",27,5000,"married","medical",1500,"SG","s","self-employed","f-and-b",2022-03-14 16:09:57.753,"App 2892","duplicate"
"Sales rep  C","Bank Declined App",52,6000,"widow","special-occasion",3500,"MY","spass-wp","employed-salary","hospitality",2022-03-14 16:18:26.308,"App 2893","google"
"Sales rep  C","Closed App",46,20000,"single","investment",2896,"SG","s","employed-salary","building-construction",2022-03-14 17:00:50.72,"App 2894","facebook"
"Sales rep  I","Loan Disbursed App",41,20000,"married","home",5500,"SG","s","employed-salary","f-and-b",2022-03-14 17:19:55.07,"App 2895","valuechampion_sg"
"Sales rep  F","Bank Declined App",53,10000,"married","debt-consolidation",2600,"SG","s","employed-salary","other",2022-03-14 17:24:11.998,"App 2896","wa"
"Sales rep  C","Closed App",30,20000,"single","debt-consolidation",8900,"SG","s","employed-salary","other",2022-03-14 18:17:54.214,"App 2897","direct"
"Sales rep  I","Closed App",31,30000,"married","debt-consolidation",5333,"SG","s","employed-salary","other",2022-03-14 18:46:09.787,"App 2898","facebook"
"Sales rep  F","Closed App",49,15000,"divorced","home",6900,"SG","s","employed-salary","building-construction",2022-03-14 20:03:20.412,"App 2899","wa"
"Sales rep  C","Closed App",45,9000,"single","medical",8400,"PH","ep","employed-salary","it-telco",2022-03-14 21:07:05.583,"App 2900","wa"
"Sales rep  C","Expired App",30,15000,"married","debt-consolidation",2500,"SG","s","employed-salary","other",2022-03-14 21:22:41.407,"App 2901","direct"
"Sales rep  I","Expired App",30,2000,"married","paying-bills",1550,"SG","s","self-employed","other",2022-03-14 21:28:48.374,"App 2902","facebook"
"Sales rep  C","Expired App",40,1000,"single","paying-bills",1500,"SG","s","self-employed","f-and-b",2022-03-16 20:30:58.192,"App 2903","google"
"Sales rep  F","Expired App",37,15000,"single","credit-card-debt",2651,"SG","s","employed-salary","other",2022-03-14 22:01:05.286,"App 2904","facebook"
"Sales rep  C","Expired App",36,20000,"single","investment",4500,"SG","s","employed-salary","it-telco",2022-03-14 22:22:34.18,"App 2905","direct"
"Sales rep  I","Expired App",37,20000,"single","education",3565,"SG","s","employed-salary","it-telco",2022-03-14 22:59:23.965,"App 2906","wa"
"Sales rep  F","Closed App",29,1000,"married","paying-bills",2300,"SG","s","employed-salary","other",2022-03-14 23:16:23.44,"App 2907","facebook"
"Sales rep  F","Expired App",51,1e+05,"divorced","debt-consolidation-ff",5000,"SG","s","self-employed","building-construction",2022-03-31 14:52:08.852,"App 2908","facebook"
"Sales rep  C","Expired App",32,20000,"married","debt-consolidation",3350,"SG","s","employed-salary","it-telco",2022-03-14 23:23:42.797,"App 2909","direct"
"Sales rep  I","Loan Disbursed App",30,1250,"single","paying-bills",3000,"MY","pr","employed-salary","government",2022-03-14 23:33:25.462,"App 2910","google"
"Sales rep  F","Expired App",42,1200,"single","debt-consolidation-ff",2000,"SG","s","employed-salary","manufacturing",2022-03-15 07:47:16.72,"App 2911","valuechampion_sg"
"Sales rep  C","Expired App",39,30000,"married","debt-consolidation-ff",3600,"SG","s","employed-salary","manufacturing",2022-03-15 00:41:23.073,"App 2912","facebook"
"Sales rep  I","Bank Declined App",35,10000,"married","other",3500,"MY","spass-wp","employed-salary","manufacturing",2022-03-15 01:13:10.098,"App 2913","valuechampion_sg"
"Sales rep  I","Expired App",32,5000,"single","education",2500,"PH","spass-wp","employed-salary","other",2022-03-15 01:36:01.827,"App 2914","facebook"
"Sales rep  F","Closed App",26,20000,"single","paying-bills",3200,"IN","spass-wp","employed-salary","building-construction",2022-03-16 02:17:13.145,"App 2915","nestia"
"Sales rep  F","Closed App",37,1e+05,"married","credit-card-debt",8000,"SG","s","self-employed","transport",2022-03-15 02:34:59.009,"App 2916","l.facebook.com"
"Sales rep  C","Loan Disbursed App",33,10000,"single","medical",3000,"SG","s","employed-salary","transport",2022-03-15 03:14:59.184,"App 2917","valuechampion_sg"
"Sales rep  I","Expired App",33,27000,"single","wedding",2800,"SG","s","employed-salary","other",2022-03-15 04:35:22.95,"App 2918","google"
"Sales rep  F","Closed App",30,3000,"divorced","debt-consolidation-ff",2700,"SG","s","employed-salary","other",2022-03-15 06:25:11.29,"App 2919","google"
"Sales rep  C","Closed App",28,11000,"single","debt-consolidation",3200,"SG","s","employed-salary","other",2022-03-15 06:40:00.696,"App 2920","google"
"Sales rep  I","Bank Declined App",34,20000,"married","debt-consolidation-ff",3000,"IN","spass-wp","employed-salary","logistic",2022-03-15 08:28:31.464,"App 2921","valuechampion_sg"
"Sales rep  F","Bank Declined App",30,5000,"single","paying-bills",1400,"MY","pr","employed-salary","retail",2022-03-15 11:05:02.155,"App 2922","e-mail"
"Sales rep  C","Expired App",49,5000,"divorced","paying-bills",2060,"SG","s","employed-salary","f-and-b",2022-03-15 12:12:30.709,"App 2923","e-mail"
"Sales rep  F","Loan Disbursed App",40,10000,"married","home",1800,"PH","pr","employed-salary","other",2022-03-15 13:06:52.94,"App 2924","m.facebook.com"
"Sales rep  F","Closed App",61,20000,"married","paying-bills",2330,"SG","s","employed-salary","building-construction",2022-03-15 13:14:28.377,"App 2925","e-mail"
"Sales rep  I","Closed App",27,1000,"married","other",1500,"SG","s","self-employed","f-and-b",2022-03-15 13:15:44.449,"App 2926","google"
"Sales rep  I","Expired App",42,3000,"married","other",2258,"SG","s","employed-salary","retail",2022-03-15 13:38:50.759,"App 2927","e-mail"
"Sales rep  F","Expired App",33,20000,"single","wedding",2500,"SG","s","self-employed","transport",2022-03-15 13:46:00.701,"App 2928","facebook"
"Sales rep  F","Closed App",32,3000,"married","debt-consolidation-ff",2300,"SG","s","employed-salary","hospitality",2022-03-15 13:59:21.007,"App 2929","google"
"Sales rep  C","Closed App",42,30000,"married","renovation",4000,"SG","s","employed-salary","building-construction",2022-03-15 14:17:28.588,"App 2930","google"
NA,"Closed App",42,30000,"married","renovation",4000,"SG","s","employed-salary","building-construction",2022-03-15 14:42:05.896,"App 2931","direct"
"Sales rep  I","Loan Disbursed App",50,50000,"married","renovation",6552,"SG","s","employed-salary","f-and-b",2022-03-15 14:47:21.994,"App 2932","bing"
NA,"Bank Declined App",31,5000,"single","paying-bills",1000,"MY","spass-wp","employed-salary","hospitality",2022-03-15 15:21:40.139,"App 2933","facebook"
"Sales rep  C","Closed App",42,30000,"married","debt-consolidation",4000,"SG","s","employed-salary","building-construction",2022-03-15 15:39:07.557,"App 2934","wa"
"Sales rep  F","Closed App",39,5000,"married","home",1800,"SG","s","employed-salary","building-construction",2022-03-15 16:01:48.929,"App 2935","google"
"Sales rep  F","Expired App",50,40000,"married","home",15000,"SG","s","employed-salary","other",2022-03-15 16:52:00.136,"App 2936","e-mail"
"Sales rep  I","Expired App",34,20000,"married","home",4000,"IN","pr","employed-salary","retail",2022-03-15 16:25:55.803,"App 2937","valuechampion_sg"
"Sales rep  I","Closed App",25,1000,"single","debt-consolidation",3000,"SG","s","employed-salary","f-and-b",2022-03-15 16:25:22.83,"App 2938","google"
"Sales rep  I","Expired App",28,14000,"married","education",2750,"SG","s","employed-salary","government",2022-03-15 16:40:10.521,"App 2939","google"
"Sales rep  C","Expired App",45,20000,"married","business-expansion",3800,"SG","s","self-employed","building-construction",2022-03-15 16:44:24.045,"App 2940","e-mail"
"Sales rep  I","Closed App",50,10000,"divorced","debt-consolidation-ff",2100,"SG","s","employed-salary","hospitality",2022-03-15 20:07:15.614,"App 2941","nestia"
"Sales rep  F","Expired App",29,21000,"married","other",2200,"SG","s","employed-salary","transport",2022-03-15 18:27:28.692,"App 2942","direct"
"Sales rep  C","Closed App",35,15000,"single","debt-consolidation-ff",2300,"SG","s","employed-salary","other",2022-03-15 18:31:27.406,"App 2943","wa"
"Sales rep  F","Closed App",47,20000,"married","renovation",4627,"SG","s","employed-salary","it-telco",2022-03-15 18:44:52.197,"App 2944","google"
"Sales rep  C","Expired App",52,5000,"divorced","special-occasion",3100,"SG","s","employed-salary","manufacturing",2022-03-15 18:56:41.548,"App 2945","direct"
"Sales rep  I","Loan Disbursed App",32,18000,"single","investment",4500,"SG","s","employed-salary","manufacturing",2022-03-15 19:07:55.662,"App 2946","bing"
"Sales rep  I","Closed App",29,15000,"married","credit-card-debt",2966,"SG","s","employed-salary","transport",2022-03-15 19:35:22.707,"App 2947","valuechampion_sg"
"Sales rep  F","Expired App",46,10000,"single","paying-bills",6750,"SG","s","employed-salary","banking-finance",2022-03-15 19:32:48.899,"App 2948","google"
"Sales rep  C","Expired App",32,2000,"single","special-occasion",3000,"SG","s","employed-salary","government",2022-03-15 19:52:23.109,"App 2949","google"
"Sales rep  C","Closed App",64,20000,"divorced","debt-consolidation",2300,"SG","s","other","f-and-b",2022-03-15 20:47:17.617,"App 2950","facebook"
"Sales rep  I","Closed App",56,20000,"divorced","debt-consolidation",3000,"SG","s","self-employed","manufacturing",2022-03-15 20:26:30.386,"App 2951","google"
"Sales rep  F","Expired App",28,10000,"single","debt-consolidation",3200,"SG","s","employed-salary","other",2022-03-15 20:33:07.691,"App 2952","direct"
"Sales rep  C","Closed App",33,3000,"married","paying-bills",1800,"SG","s","self-employed","f-and-b",2022-03-15 20:47:33.652,"App 2953","direct"
"Sales rep  I","Expired App",35,10000,"married","debt-consolidation-ff",2850,"SG","s","employed-salary","other",2022-03-15 21:58:48.022,"App 2954","lm.facebook.com"
"Sales rep  F","Loan Disbursed App",36,60000,"married","debt-consolidation",3500,"SG","s","employed-salary","manufacturing",2022-03-15 22:48:14.628,"App 2955","facebook"
"Sales rep  C","Expired App",31,60000,"single","debt-consolidation-ff",3000,"SG","s","employed-salary","government",2022-03-15 22:57:33.617,"App 2956","valuechampion_sg"
"Sales rep  I","Expired App",44,2000,"single","paying-bills",2600,"SG","s","employed-salary","building-construction",2022-03-15 23:18:03.489,"App 2957","e-mail"
"Sales rep  F","Expired App",33,47000,"married","other",7800,"IN","ep","employed-salary","it-telco",2022-03-15 23:55:54.769,"App 2958","valuechampion_sg"
"Sales rep  C","Expired App",35,1e+05,"married","business-expansion",5000,"SG","s","self-employed","building-construction",2022-03-15 23:59:19.507,"App 2959","facebook"
"Sales rep  I","Closed App",28,50000,"single","renovation",5400,"SG","s","employed-salary","banking-finance",2022-03-16 00:01:32.875,"App 2960","google"
"Sales rep  F","Bank Declined App",40,20000,"single","education",4000,"SG","s","employed-salary","other",2022-03-16 00:41:17.535,"App 2961","e-mail"
"Sales rep  C","Expired App",44,20000,"married","renovation",3500,"SG","s","employed-salary","other",2022-03-16 02:40:55.01,"App 2962","yahoo"
"Sales rep  I","Loan Disbursed App",47,20000,"married","line-of-credit",4000,"MY","pr","employed-salary","transport",2022-03-16 01:17:57.375,"App 2963","google"
"Sales rep  F","Closed App",28,20000,"single","investment",2000,"SG","s","self-employed","other",2022-03-16 02:15:21.707,"App 2964","l.instagram.com"
"Sales rep  C","Expired App",37,4000,"divorced","debt-consolidation-ff",2800,"SG","s","employed-salary","f-and-b",2022-03-16 02:54:27.913,"App 2965","nestia"
"Sales rep  C","Expired App",33,5000,"single","debt-consolidation",3100,"MY","pr","employed-salary","other",2022-03-16 13:13:16.311,"App 2966","google"
"Sales rep  I","Bank Declined App",26,1000,"single","other",1000,"PH","spass-wp","employed-salary","hospitality",2022-03-16 03:21:09.055,"App 2967","direct"
"Sales rep  F","Closed App",20,2000,"single","paying-bills",1900,"SG","s","employed-salary","government",2022-03-16 05:10:26.808,"App 2968","direct"
"Sales rep  C","Expired App",23,2000,"single","paying-bills",2600,"SG","pr","employed-salary","other",2022-03-16 05:46:33.973,"App 2969","valuechampion_sg"
"Sales rep  I","Expired App",30,2000,"single","debt-consolidation-ff",1200,"SG","s","employed-salary","f-and-b",2022-03-16 08:43:12.029,"App 2970","facebook"
"Sales rep  F","Expired App",31,15000,"married","business-expansion",6000,"SG","s","self-employed","f-and-b",2022-03-16 11:04:54.402,"App 2971","wa"
"Sales rep  C","Expired App",52,4000,"married","debt-consolidation-ff",6600,"ID","pr","employed-salary","it-telco",2022-03-16 11:54:24.983,"App 2972","sms"
"Sales rep  C","Expired App",42,25000,"single","other",2500,"SG","s","employed-salary","other",2022-03-16 12:22:38.591,"App 2973","direct"
"Sales rep  I","Loan Disbursed App",28,23000,"married","renovation",4300,"SG","s","self-employed","f-and-b",2022-03-16 12:31:45.203,"App 2974","google"
"Sales rep  F","Bank Declined App",31,20000,"married","credit-card-debt",4000,"SG","s","employed-salary","other",2022-03-16 12:38:14.511,"App 2975","l.instagram.com"
"Sales rep  C","Closed App",57,20000,"married","other",2200,"SG","s","employed-salary","other",2022-03-16 12:58:11.334,"App 2976","yahoo"
"Sales rep  I","Loan Disbursed App",25,22000,"single","renovation",3300,"SG","s","employed-salary","banking-finance",2022-03-16 13:13:07.876,"App 2977","google"
"Sales rep  F","Closed App",30,1000,"single","paying-bills",2300,"SG","s","employed-salary","retail",2022-03-16 13:45:22.333,"App 2978","google"
"Sales rep  I","Closed App",28,1000,"married","wedding",2000,"SG","s","employed-salary","transport",2022-03-16 14:21:26.329,"App 2979","l.instagram.com"
NA,"Closed App",64,20000,"divorced","debt-consolidation-ff",2300,"SG","s","other","other",2022-03-16 14:33:01.041,"App 2980","wa"
"Sales rep  I","Expired App",36,50000,"single","debt-consolidation",4300,"SG","s","employed-salary","it-telco",2022-03-16 14:54:36.71,"App 2981","e-mail"
"Sales rep  F","Bank Declined App",32,1500,"single","medical",1450,"MY","spass-wp","employed-salary","manufacturing",2022-03-16 15:49:58.177,"App 2982","nestia"
"Sales rep  C","Expired App",21,5000,"single","home",2000,"SG","s","employed-salary","other",2022-03-16 15:48:13.779,"App 2983","facebook"
"Sales rep  F","Loan Disbursed App",29,20000,"married","renovation",4000,"SG","s","employed-salary","other",2022-03-16 16:03:37.465,"App 2984","direct"
"Sales rep  C","Expired App",35,10000,"married","home",2195,"SG","s","employed-salary","transport",2022-03-16 16:12:42.6,"App 2985","direct"
"Sales rep  C","Loan Disbursed App",45,9000,"single","medical",8400,"PH","ep","employed-salary","it-telco",2022-03-16 16:21:45.91,"App 2986","wa"
"Sales rep  I","Expired App",50,1000,"single","paying-bills",4090,"SG","s","employed-salary","education",2022-03-16 16:22:41.331,"App 2987","valuechampion_sg"
"Sales rep  F","Loan Disbursed App",37,20000,"married","debt-consolidation",5500,"MY","pr","employed-salary","f-and-b",2022-03-16 16:35:40.182,"App 2988","google"
"Sales rep  I","Loan Disbursed App",40,20000,"divorced","debt-consolidation",10400,"SG","s","employed-salary","it-telco",2022-03-16 16:50:59.501,"App 2989","google"
"Sales rep  F","Loan Disbursed App",48,20000,"married","business-expansion",4000,"SG","s","self-employed","transport",2022-03-16 16:55:06.074,"App 2990","wa"
"Sales rep  I","Loan Disbursed App",33,3000,"married","paying-bills",1800,"SG","s","self-employed","transport",2022-03-16 17:08:10.753,"App 2991","e-mail"
"Sales rep  I","Bank Declined App",32,1500,"single","medical",1450,"MY","spass-wp","employed-salary","manufacturing",2022-03-16 17:12:52.362,"App 2992","wa"
"Sales rep  F","Loan Disbursed App",32,15000,"married","renovation",2760,"SG","s","employed-salary","building-construction",2022-03-16 17:24:47.317,"App 2993","google"
"Sales rep  C","Expired App",37,30000,"married","investment",8500,"SG","s","employed-salary","manufacturing",2022-03-16 18:01:47.469,"App 2994","wa"
"Sales rep  C","Loan Disbursed App",39,2000,"divorced","debt-consolidation-ff",3000,"SG","s","employed-salary","it-telco",2022-03-16 17:52:49.542,"App 2995","direct"
"Sales rep  I","Loan Disbursed App",23,3000,"single","paying-bills",3600,"SG","s","employed-salary","logistic",2022-03-16 17:52:37.394,"App 2996","google"
"Sales rep  I","Closed App",37,30000,"married","investment",8500,"SG","s","employed-salary","manufacturing",2022-03-16 18:02:01.174,"App 2997","wa"
"Sales rep  F","Closed App",23,10000,"single","debt-consolidation",2800,"SG","s","employed-salary","f-and-b",2022-03-16 18:49:01.325,"App 2998","finder_sg"
"Sales rep  C","Closed App",34,30000,"married","business-expansion",4000,"SG","s","self-employed","logistic",2022-03-16 19:07:27.951,"App 2999","facebook"
"Sales rep  I","Closed App",26,30000,"single","home",1895,"SG","s","employed-salary","manufacturing",2022-03-16 19:09:44.072,"App 3000","google"
"Sales rep  C","Expired App",51,1e+05,"married","business-expansion",4500,"SG","s","self-employed","other",2022-03-17 20:39:37.213,"App 3001","facebook"
"Sales rep  F","Loan Disbursed App",34,13000,"married","other",4500,"SG","s","employed-salary","building-construction",2022-03-16 20:13:17.163,"App 3002","direct"
"Sales rep  C","Expired App",30,30000,"married","renovation",4500,"SG","s","employed-salary","building-construction",2022-03-16 20:35:24.688,"App 3003","l.instagram.com"
"Sales rep  I","Expired App",38,10000,"single","renovation",3800,"SG","s","employed-salary","f-and-b",2022-03-16 20:37:45.619,"App 3004","google"
"Sales rep  I","Bank Declined App",26,1000,"married","debt-consolidation",2200,"SG","s","employed-salary","transport",2022-03-16 21:01:10.632,"App 3005","duplicate"
"Sales rep  F","Closed App",37,5000,"divorced","debt-consolidation-ff",2300,"SG","s","employed-salary","f-and-b",2022-03-16 21:13:45.365,"App 3006","bing"
"Sales rep  C","Closed App",35,25000,"married","renovation",6000,"SG","s","self-employed","other",2022-03-16 21:16:35.272,"App 3007","facebook"
"Sales rep  I","Bank Declined App",29,60000,"married","vacation",2150,"CN","spass-wp","employed-salary","manufacturing",2022-03-16 21:48:06.308,"App 3008","nestia"
"Sales rep  F","Closed App",26,2000,"single","debt-consolidation-ff",3000,"SG","s","self-employed","other",2022-03-16 22:01:20.795,"App 3009","facebook"
"Sales rep  C","Expired App",37,5000,"single","debt-consolidation-ff",2600,"MY","spass-wp","employed-salary","f-and-b",2022-03-16 22:18:25.036,"App 3010","nestia"
"Sales rep  I","Expired App",44,140000,"married","credit-card-debt",12900,"SG","s","employed-salary","manufacturing",2022-03-16 22:18:20.713,"App 3011","bing"
"Sales rep  C","Expired App",34,20000,"married","credit-card-debt",3500,"MY","pr","employed-salary","insurance",2022-03-16 23:39:44.059,"App 3012","wa"
"Sales rep  I","Expired App",30,20000,"single","debt-consolidation-ff",3000,"SG","s","employed-salary","it-telco",2022-03-16 23:58:03.127,"App 3013","wa"
"Sales rep  F","Bank Declined App",42,25000,"married","business-expansion",8000,"SG","s","self-employed","other",2022-03-17 00:07:02.948,"App 3014","direct"
"Sales rep  C","Expired App",59,20000,"married","debt-consolidation",2500,"SG","s","employed-salary","f-and-b",2022-03-17 00:15:42.89,"App 3015","e-mail"
"Sales rep  I","Expired App",22,3000,"single","other",2450,"SG","s","employed-salary","it-telco",2022-03-17 00:10:24.268,"App 3016","google"
"Sales rep  F","Closed App",64,20000,"divorced","debt-consolidation-ff",2300,"SG","s","other","other",2022-03-17 00:19:56.737,"App 3017","wa"
"Sales rep  C","Expired App",69,12000,"married","debt-consolidation",2000,"SG","s","employed-salary","government",2022-03-17 00:45:50.589,"App 3018","direct"
"Sales rep  I","Expired App",41,20000,"married","renovation",3142,"PH","spass-wp","employed-salary","building-construction",2022-03-17 00:55:33.04,"App 3019","direct"
"Sales rep  F","Loan Disbursed App",40,10000,"single","debt-consolidation",2940,"SG","s","employed-salary","other",2022-03-17 01:29:35.095,"App 3020","google"
"Sales rep  C","Closed App",38,30000,"married","renovation",23000,"SG","s","employed-salary","banking-finance",2022-03-17 01:56:43.16,"App 3021","google"
"Sales rep  I","Expired App",26,13000,"single","vacation",2600,"MY","pr","employed-salary","other",2022-03-17 02:28:38.751,"App 3022","google"
"Sales rep  C","Expired App",31,40000,"married","debt-consolidation",12700,"SG","ep","employed-salary","other",2022-03-17 14:08:32.745,"App 3023","valuechampion_sg"
"Sales rep  F","Expired App",34,40000,"single","home",3400,"SG","s","employed-salary","other",2022-03-17 03:53:48.42,"App 3024","google"
"Sales rep  F","Closed App",29,1000,"married","other",1900,"SG","s","employed-salary","f-and-b",2022-03-17 04:00:05.731,"App 3025","facebook"
"Sales rep  C","Closed App",27,1000,"married","special-occasion",3000,"SG","s","employed-salary","other",2022-03-17 05:44:17.434,"App 3026","google"
"Sales rep  C","Expired App",45,20000,"married","debt-consolidation",4100,"SG","s","employed-salary","insurance",2022-03-17 12:34:59.151,"App 3027","wa"
"Sales rep  C","Loan Disbursed App",26,2000,"single","education",2750,"MY","spass-wp","employed-salary","other",2022-03-17 17:18:16.808,"App 3028","sms"
"Sales rep  I","Closed App",47,20000,"married","business-expansion",2500,"SG","s","employed-salary","f-and-b",2022-03-17 11:20:28.962,"App 3029","sms"
"Sales rep  F","Bank Declined App",28,5000,"married","home",2000,"MY","spass-wp","employed-salary","manufacturing",2022-03-17 11:58:44.417,"App 3030","google"
"Sales rep  C","Bank Declined App",26,2000,"single","home",1600,"MY","spass-wp","employed-salary","logistic",2022-03-17 12:08:43.728,"App 3031","sms"
"Sales rep  F","Closed App",39,50000,"married","debt-consolidation",5000,"SG","s","employed-salary","retail",2022-03-17 12:49:03.229,"App 3032","sms"
"Sales rep  C","Expired App",41,15000,"married","paying-bills",6400,"SG","s","employed-salary","hospitality",2022-03-17 12:12:42.459,"App 3033","google"
"Sales rep  F","Loan Disbursed App",48,30000,"single","home",5512,"SG","s","employed-salary","other",2022-03-17 12:22:44.243,"App 3034","valuechampion_sg"
"Sales rep  F","Bank Declined App",31,20000,"married","home",2800,"IN","spass-wp","employed-salary","building-construction",2022-03-17 12:35:40.57,"App 3035","google"
"Sales rep  F","Closed App",44,6000,"single","debt-consolidation-ff",2000,"SG","s","other","other",2022-03-17 12:45:23.783,"App 3036","facebook"
"Sales rep  F","Loan Disbursed App",35,30000,"married","debt-consolidation",3294,"SG","s","employed-salary","other",2022-03-17 13:46:02.954,"App 3037","facebook"
"Sales rep  I","Bank Declined App",52,20000,"divorced","paying-bills",1400,"SG","s","employed-salary","government",2022-03-17 14:22:02.909,"App 3038","sms"
"Sales rep  F","Loan Disbursed App",32,20000,"single","paying-bills",3100,"SG","s","employed-salary","f-and-b",2022-03-17 14:29:23.629,"App 3039","google"
"Sales rep  C","Expired App",32,5000,"married","paying-bills",4608,"SG","s","employed-salary","other",2022-03-17 14:34:51.598,"App 3040","wa"
"Sales rep  I","Expired App",28,1e+05,"divorced","debt-consolidation",13000,"SG","s","self-employed","retail",2022-03-17 15:19:06.342,"App 3041","direct"
"Sales rep  F","Closed App",42,7000,"married","debt-consolidation-ff",3000,"SG","s","employed-salary","other",2022-03-17 15:42:25.629,"App 3042","google"
"Sales rep  C","Closed App",28,5000,"single","debt-consolidation-ff",2500,"SG","s","employed-salary","it-telco",2022-03-17 16:09:40.011,"App 3043","google"
"Sales rep  I","Closed App",62,30000,"married","debt-consolidation",3600,"SG","s","employed-salary","government",2022-03-17 16:19:42.415,"App 3044","sms"
"Sales rep  C","Closed App",30,30000,"married","business-expansion",55000,"SG","s","self-employed","logistic",2022-03-17 16:41:56.91,"App 3045","google"
"Sales rep  F","Expired App",35,6500,"married","debt-consolidation",2300,"SG","s","employed-salary","other",2022-03-17 16:42:57.888,"App 3046","duplicate"
"Sales rep  C","Expired App",32,20000,"married","debt-consolidation-ff",3200,"SG","s","employed-salary","education",2022-03-17 17:00:06.641,"App 3047","facebook"
"Sales rep  I","Expired App",33,12000,"divorced","wedding",4500,"SG","s","employed-salary","it-telco",2022-03-17 16:59:37.145,"App 3048","direct"
"Sales rep  F","Expired App",26,7000,"married","home",2700,"SG","s","employed-salary","manufacturing",2022-03-17 17:01:48.15,"App 3049","e-mail"
"Sales rep  F","Bank Declined App",30,20000,"married","debt-consolidation",2200,"SG","s","employed-salary","other",2022-03-17 17:48:16.957,"App 3050","direct"
"Sales rep  C","Expired App",32,120000,"married","business-expansion",36595,"SG","s","self-employed","building-construction",2022-03-17 17:59:32.162,"App 3051","direct"
"Sales rep  I","Expired App",51,15000,"divorced","renovation",5000,"SG","s","employed-salary","logistic",2022-03-17 18:16:40.677,"App 3052","bing"
"Sales rep  F","Closed App",29,2000,"single","paying-bills",4000,"SG","s","employed-salary","retail",2022-03-17 18:41:48.222,"App 3053","google"
"Sales rep  C","Expired App",38,10000,"married","investment",8800,"SG","s","employed-salary","banking-finance",2022-03-17 18:52:57.605,"App 3054","google"
"Sales rep  C","Expired App",52,5000,"divorced","other",1400,"SG","s","employed-salary","building-construction",2022-03-17 19:06:14.17,"App 3055","sms"
"Sales rep  I","Loan Disbursed App",32,5000,"single","other",3700,"SG","s","employed-salary","banking-finance",2022-03-17 19:13:16.052,"App 3056","direct"
"Sales rep  I","Expired App",39,20000,"married","home",5900,"IN","spass-wp","employed-salary","building-construction",2022-03-17 19:41:22.756,"App 3057","facebook"
"Sales rep  F","Loan Disbursed App",28,3000,"single","debt-consolidation-ff",4100,"SG","s","employed-salary","government",2022-03-17 19:58:23.877,"App 3058","bing"
"Sales rep  C","Loan Disbursed App",38,50000,"married","investment",10000,"SG","s","employed-salary","f-and-b",2022-03-17 19:59:31.85,"App 3059","google"
"Sales rep  I","Loan Disbursed App",42,1000,"single","other",2600,"SG","s","employed-salary","it-telco",2022-03-17 20:32:56.089,"App 3060","rad"
"Sales rep  F","Closed App",49,11000,"married","credit-card-debt",2250,"PH","s","employed-salary","retail",2022-03-17 21:01:57.933,"App 3061","google"
"Sales rep  C","Expired App",25,1200,"single","paying-bills",2500,"SG","s","employed-contract","government",2022-03-17 21:13:28.421,"App 3062","wa"
"Sales rep  I","Expired App",30,30000,"single","debt-consolidation",2500,"SG","s","employed-salary","other",2022-03-17 21:05:24.302,"App 3063","valuechampion_sg"
"Sales rep  F","Loan Disbursed App",37,5000,"married","paying-bills",2700,"SG","s","employed-salary","other",2022-03-18 13:22:37.522,"App 3064","facebook"
"Sales rep  F","Bank Declined App",38,2000,"single","paying-bills",2800,"SG","s","employed-salary","f-and-b",2022-03-17 21:24:49.694,"App 3065","google"
"Sales rep  C","Expired App",38,80000,"single","investment",14000,"KR","ep","employed-salary","logistic",2022-03-17 21:48:51.198,"App 3066","sms"
"Sales rep  I","Expired App",40,6000,"married","paying-bills",2500,"SG","s","employed-salary","other",2022-03-17 22:05:45.792,"App 3067","wa"
"Sales rep  F","Loan Disbursed App",33,15000,"married","debt-consolidation",6300,"SG","s","employed-salary","logistic",2022-03-17 23:22:50.648,"App 3068","google"
"Sales rep  C","Loan Disbursed App",35,20000,"single","education",3000,"MY","spass-wp","employed-salary","f-and-b",2022-03-17 23:37:25.337,"App 3069","google"
"Sales rep  I","Expired App",27,6000,"single","debt-consolidation-ff",1800,"SG","s","self-employed","other",2022-03-17 23:36:12.674,"App 3070","google"
"Sales rep  F","Closed App",33,20000,"married","education",2500,"SG","s","employed-salary","f-and-b",2022-03-17 23:38:20.506,"App 3071","google"
"Sales rep  F","Closed App",32,2000,"married","paying-bills",4250,"SG","s","employed-salary","government",2022-03-19 19:27:09.374,"App 3072","google"
"Sales rep  C","Expired App",44,5000,"married","paying-bills",2900,"SG","s","employed-salary","retail",2022-03-18 00:41:49.533,"App 3073","google"
"Sales rep  I","Expired App",44,20000,"single","other",2500,"SG","pr","employed-salary","other",2022-03-18 01:22:55.397,"App 3074","google"
"Sales rep  F","Loan Disbursed App",46,6000,"married","debt-consolidation-ff",2300,"SG","s","employed-salary","f-and-b",2022-03-18 01:23:03.532,"App 3075","facebook"
"Sales rep  C","Closed App",48,20000,"married","debt-consolidation",3500,"SG","s","employed-salary","transport",2022-03-18 01:28:33.826,"App 3076","valuechampion_sg"
"Sales rep  I","Expired App",31,20000,"married","renovation",3300,"SG","s","employed-salary","government",2022-03-18 01:38:40.114,"App 3077","facebook"
"Sales rep  F","Closed App",25,5000,"single","other",1600,"SG","s","employed-salary","other",2022-03-18 13:33:14.943,"App 3078","facebook"
"Sales rep  F","Expired App",44,10000,"single","home",5000,"PH","spass-wp","employed-salary","other",2022-03-18 02:58:35.138,"App 3079","facebook"
"Sales rep  C","Expired App",36,20000,"single","debt-consolidation",2155,"SG","s","employed-salary","f-and-b",2022-03-18 02:59:21.757,"App 3080","google"
"Sales rep  I","Expired App",22,20000,"married","debt-consolidation-ff",2500,"SG","s","employed-salary","retail",2022-03-18 03:31:04.348,"App 3081","valuechampion_sg"
"Sales rep  C","Expired App",28,20000,"married","debt-consolidation",2400,"SG","s","employed-salary","other",2022-03-18 05:39:45.348,"App 3082","valuechampion_sg"
"Sales rep  I","Expired App",33,20000,"married","debt-consolidation",3500,"SG","s","employed-salary","logistic",2022-03-18 05:57:39.947,"App 3083","valuechampion_sg"
"Sales rep  F","Loan Disbursed App",34,10000,"married","other",3700,"SG","s","employed-salary","other",2022-03-18 11:06:12.636,"App 3084","direct"
"Sales rep  C","Loan Disbursed App",37,12000,"single","credit-card-debt",4100,"MY","pr","employed-salary","other",2022-03-18 11:18:45.886,"App 3085","facebook"
"Sales rep  I","Expired App",50,30000,"married","debt-consolidation",5000,"SG","s","employed-salary","logistic",2022-03-18 11:18:35.894,"App 3086","facebook"
"Sales rep  C","Expired App",40,20000,"married","debt-consolidation",8100,"MY","pr","employed-salary","logistic",2022-03-18 12:10:27.844,"App 3087","direct"
"Sales rep  I","Bank Declined App",34,30000,"married","debt-consolidation",2800,"SG","s","employed-salary","other",2022-03-18 12:54:34.282,"App 3088","valuechampion_sg"
"Sales rep  F","Expired App",58,10000,"married","debt-consolidation",4000,"SG","s","self-employed","transport",2022-03-18 14:15:46.381,"App 3089","facebook"
NA,"Closed App",28,2000,"divorced","vacation",4000,"SG","s","employed-salary","it-telco",2022-03-18 14:14:16.7,"App 3090","direct"
"Sales rep  I","Loan Disbursed App",28,20000,"divorced","debt-consolidation-ff",4000,"SG","s","employed-salary","it-telco",2022-03-18 15:45:34.398,"App 3091","wa"
"Sales rep  I","Loan Disbursed App",58,5000,"married","credit-card-debt",7500,"SG","s","employed-salary","building-construction",2022-03-18 16:19:03.48,"App 3092","direct"
"Sales rep  I","Closed App",37,12000,"married","home",7290,"SG","s","employed-salary","transport",2022-03-18 16:46:16.894,"App 3093","google"
"Sales rep  F","Closed App",35,40000,"married","debt-consolidation-ff",4100,"SG","s","employed-salary","education",2022-03-18 17:06:28.118,"App 3094","google"
"Sales rep  I","Closed App",38,20000,"married","medical",4500,"PH","spass-wp","employed-salary","other",2022-03-18 17:30:42.208,"App 3095","google"
"Sales rep  F","Closed App",34,20000,"married","debt-consolidation",2300,"SG","s","employed-salary","banking-finance",2022-03-18 17:46:17.896,"App 3096","direct"
"Sales rep  C","Loan Disbursed App",32,12000,"single","debt-consolidation-ff",2732,"SG","s","employed-salary","logistic",2022-03-18 18:04:59.112,"App 3097","bing"
"Sales rep  C","Expired App",67,10000,"single","credit-card-debt",2500,"SG","s","employed-salary","other",2022-03-18 18:07:06.801,"App 3098","l.facebook.com"
"Sales rep  F","Closed App",28,2000,"single","education",2650,"SG","s","employed-salary","manufacturing",2022-03-18 18:06:25.186,"App 3099","google"
"Sales rep  F","Closed App",69,15000,"married","debt-consolidation",1800,"SG","s","employed-salary","government",2022-03-18 18:07:44.645,"App 3100","google"
"Sales rep  C","Expired App",31,1000,"single","special-occasion",3000,"SG","s","employed-salary","hospitality",2022-03-18 18:13:05.821,"App 3101","facebook"
"Sales rep  C","Expired App",37,20000,"divorced","business-expansion",22850,"SG","s","employed-salary","building-construction",2022-03-18 18:26:05.269,"App 3102","facebook"
"Sales rep  F","Closed App",35,20000,"married","paying-bills",3850,"SG","s","employed-salary","other",2022-03-18 19:08:37.573,"App 3103","facebook"
"Sales rep  F","Closed App",34,11794,"married","debt-consolidation",2300,"SG","s","employed-salary","banking-finance",2022-03-18 19:17:11.712,"App 3104","direct"
"Sales rep  F","Loan Disbursed App",46,20000,"married","business-expansion",20000,"US","pr","employed-salary","it-telco",2022-03-18 19:19:41.895,"App 3105","valuechampion_sg"
"Sales rep  F","Closed App",46,20000,"divorced","business-expansion",2000,"SG","s","self-employed","other",2022-03-18 19:21:21.149,"App 3106","facebook"
"Sales rep  C","Expired App",33,20000,"single","renovation",2264,"SG","s","employed-salary","other",2022-03-18 19:23:09.237,"App 3107","facebook"
"Sales rep  F","Loan Disbursed App",31,10000,"single","debt-consolidation",2540,"MY","spass-wp","employed-salary","manufacturing",2022-03-18 19:29:26.323,"App 3108","e-mail"
"Sales rep  I","Expired App",22,10500,"single","wedding",2300,"SG","s","employed-salary","other",2022-03-18 19:27:48.211,"App 3109","valuechampion_sg"
"Sales rep  F","Expired App",30,20000,"married","renovation",2000,"SG","s","employed-salary","education",2022-03-18 21:43:49.316,"App 3110","sms"
"Sales rep  F","Closed App",46,30000,"married","home",5600,"SG","s","employed-salary","it-telco",2022-03-18 22:30:59.892,"App 3111","google"
"Sales rep  F","Bank Declined App",23,1e+05,"single","debt-consolidation-ff",90000,"SG","s","self-employed","banking-finance",2022-03-18 22:47:04.779,"App 3112","google"
"Sales rep  F","Closed App",60,2000,"married","debt-consolidation-ff",2000,"SG","s","employed-salary","government",2022-03-18 23:40:07.443,"App 3113","wa"
"Sales rep  F","Loan Disbursed App",47,2e+05,"married","debt-consolidation",14500,"SG","s","employed-salary","other",2022-03-19 00:08:32.227,"App 3114","valuechampion_sg"
"Sales rep  F","Closed App",27,20000,"married","debt-consolidation",3700,"SG","s","employed-salary","f-and-b",2022-03-19 01:01:50.656,"App 3115","valuechampion_sg"
"Sales rep  F","Closed App",57,15000,"married","debt-consolidation-ff",4000,"SG","s","employed-salary","other",2022-03-19 01:10:02.385,"App 3116","facebook"
"Sales rep  F","Expired App",45,60000,"married","debt-consolidation",10000,"SG","s","self-employed","other",2022-03-19 02:12:43.974,"App 3117","facebook"
"Sales rep  F","Closed App",36,9700,"married","other",5000,"SG","s","employed-salary","it-telco",2022-03-19 02:48:59.951,"App 3118","e-mail"
"Sales rep  F","Expired App",34,3000,"single","home",2500,"SG","s","self-employed","other",2022-03-19 04:03:32.126,"App 3119","facebook"
"Sales rep  F","Closed App",22,2000,"single","other",800,"SG","s","self-employed","retail",2022-03-19 09:40:48.386,"App 3120","facebook"
"Sales rep  F","Expired App",31,30000,"single","paying-bills",3000,"SG","s","employed-salary","transport",2022-03-19 09:57:09.639,"App 3121","facebook"
"Sales rep  F","Loan Disbursed App",29,1000,"married","car",2300,"SG","s","employed-salary","other",2022-03-19 10:47:30.468,"App 3122","google"
"Sales rep  F","Closed App",39,30000,"married","education",4300,"SG","s","employed-salary","retail",2022-03-19 11:33:18.082,"App 3123","facebook"
"Sales rep  F","Loan Disbursed App",33,1400,"married","debt-consolidation",3000,"SG","s","employed-salary","f-and-b",2022-03-19 11:49:50.951,"App 3124","facebook"
"Sales rep  I","Closed App",29,2000,"married","car",5000,"SG","s","employed-salary","hospitality",2022-03-20 13:41:51.863,"App 3125","wa"
NA,"Bank Declined App",31,3000,"divorced","debt-consolidation-ff",2300,"SG","s","self-employed","other",2022-03-19 13:01:15.465,"App 3126","wa"
"Sales rep  F","Expired App",22,10000,"married","debt-consolidation",2500,"SG","s","employed-salary","transport",2022-03-19 13:39:07.467,"App 3127","google"
"Sales rep  I","Expired App",36,6500,"single","line-of-credit",3350,"SG","s","employed-salary","it-telco",2022-03-19 14:09:10.923,"App 3128","wa"
"Sales rep  C","Closed App",25,7000,"married","home",2850,"SG","s","employed-salary","it-telco",2022-03-21 17:03:49.45,"App 3129","google"
"Sales rep  I","Closed App",44,8000,"single","debt-consolidation",3000,"MY","spass-wp","employed-salary","manufacturing",2022-03-19 14:20:47.705,"App 3130","direct"
"Sales rep  F","Closed App",44,3000,"single","paying-bills",2000,"SG","s","employed-salary","government",2022-03-19 14:25:32.255,"App 3131","e-mail"
"Sales rep  I","Expired App",69,15000,"married","debt-consolidation-ff",2000,"SG","s","other","other",2022-03-19 14:27:53.022,"App 3132","facebook"
"Sales rep  I","Closed App",22,20000,"single","paying-bills",2550,"SG","s","employed-salary","transport",2022-03-19 14:31:58.963,"App 3133","facebook"
"Sales rep  I","Expired App",58,15000,"married","credit-card-debt",3212,"SG","s","employed-salary","government",2022-03-19 15:46:34.176,"App 3134","valuechampion_sg"
"Sales rep  I","Loan Disbursed App",40,16000,"married","other",2890,"SG","s","employed-salary","other",2022-03-19 16:11:45.462,"App 3135","direct"
"Sales rep  I","Expired App",41,3000,"single","home",2600,"SG","s","employed-salary","other",2022-03-21 19:37:09.38,"App 3136","facebook"
"Sales rep  I","Closed App",28,10000,"single","paying-bills",2600,"SG","s","employed-salary","other",2022-03-19 18:13:08.45,"App 3137","l.instagram.com"
"Sales rep  I","Closed App",29,30000,"single","other",5000,"SG","s","self-employed","transport",2022-03-19 19:24:37.99,"App 3138","google"
"Sales rep  I","Bank Declined App",22,10000,"single","debt-consolidation-ff",2500,"MY","spass-wp","employed-salary","logistic",2022-03-19 19:41:23.881,"App 3139","nestia"
"Sales rep  I","Expired App",54,2e+05,"single","debt-consolidation",11000,"PH","pr","employed-salary","other",2022-03-19 19:54:16.027,"App 3140","valuechampion_sg"
"Sales rep  I","Bank Declined App",79,8000,"married","paying-bills",1700,"SG","pr","employed-salary","other",2022-03-19 20:01:12.033,"App 3141","yahoo"
"Sales rep  I","Expired App",35,15000,"married","home",2900,"SG","s","employed-salary","building-construction",2022-03-19 20:02:37.356,"App 3142","direct"
"Sales rep  I","Expired App",34,2e+05,"married","business-expansion",12500,"SG","s","employed-salary","manufacturing",2022-03-19 20:04:44.496,"App 3143","e-mail"
"Sales rep  I","Loan Disbursed App",32,45000,"single","debt-consolidation",3500,"SG","s","employed-salary","insurance",2022-03-19 20:06:13.289,"App 3144","facebook"
"Sales rep  I","Expired App",33,4000,"married","other",3400,"MY","pr","employed-salary","f-and-b",2022-03-19 20:38:27.017,"App 3145","wa"
"Sales rep  I","Expired App",31,20000,"single","debt-consolidation",3000,"SG","s","employed-salary","f-and-b",2022-03-19 21:30:48.83,"App 3146","facebook"
"Sales rep  I","Expired App",57,5000,"married","paying-bills",4000,"SG","s","employed-salary","f-and-b",2022-03-19 21:47:45.574,"App 3147","wa"
"Sales rep  I","Closed App",44,20000,"married","paying-bills",4000,"SG","s","self-employed","f-and-b",2022-03-19 21:45:35.647,"App 3148","facebook"
"Sales rep  I","Loan Disbursed App",33,2000,"married","paying-bills",2000,"SG","s","employed-salary","other",2022-03-20 16:32:37.184,"App 3149","google"
"Sales rep  I","Bank Declined App",25,5000,"single","other",2200,"MY","spass-wp","employed-salary","manufacturing",2022-03-19 22:22:18.667,"App 3150","direct"
"Sales rep  I","Expired App",40,50000,"married","business-expansion",5000,"SG","s","employed-salary","other",2022-03-19 22:44:20.264,"App 3151","direct"
"Sales rep  I","Expired App",48,50000,"married","home",13700,"SG","s","employed-salary","manufacturing",2022-03-19 23:09:42.433,"App 3152","bing"
"Sales rep  I","Expired App",46,40000,"married","debt-consolidation-ff",4000,"SG","s","self-employed","building-construction",2022-03-19 23:30:53.488,"App 3153","facebook"
"Sales rep  I","Expired App",35,20000,"married","renovation",5000,"SG","s","self-employed","other",2022-03-20 00:20:33.825,"App 3154","l.instagram.com"
"Sales rep  I","Loan Disbursed App",31,1000,"single","line-of-credit",2700,"SG","s","employed-salary","banking-finance",2022-03-20 00:35:47.468,"App 3155","google"
"Sales rep  I","Loan Disbursed App",33,15000,"married","medical",7500,"SG","s","employed-salary","it-telco",2022-03-20 01:25:15.487,"App 3156","valuechampion_sg"
"Sales rep  I","Expired App",36,3000,"single","credit-card-debt",2400,"SG","s","employed-salary","other",2022-03-20 01:35:30.476,"App 3157","google"
"Sales rep  I","Expired App",19,20000,"single","paying-bills",3100,"SG","s","employed-salary","f-and-b",2022-03-20 02:06:08.549,"App 3158","direct"
"Sales rep  I","Loan Disbursed App",22,3000,"single","wedding",1800,"SG","s","self-employed","retail",2022-03-20 02:05:30.78,"App 3159","e-mail"
"Sales rep  I","Expired App",37,25000,"married","business-expansion",3000,"SG","s","self-employed","retail",2022-03-20 02:56:28.506,"App 3160","google"
"Sales rep  I","Loan Disbursed App",28,80000,"single","debt-consolidation-ff",3400,"SG","s","employed-salary","banking-finance",2022-03-20 04:13:48.461,"App 3161","facebook"
"Sales rep  I","Expired App",43,5000,"single","business-expansion",3100,"PH","spass-wp","employed-salary","other",2022-03-20 05:24:02.598,"App 3162","valuechampion_sg"
"Sales rep  I","Closed App",23,17000,"single","debt-consolidation-ff",5000,"SG","s","self-employed","other",2022-03-20 06:08:58.256,"App 3163","google"
"Sales rep  I","Expired App",28,6000,"married","car",3000,"SG","s","employed-salary","government",2022-03-20 14:20:13.487,"App 3164","facebook"
"Sales rep  I","Closed App",23,20000,"single","debt-consolidation-ff",5000,"SG","s","self-employed","insurance",2022-03-20 06:39:39.957,"App 3165","google"
"Sales rep  I","Expired App",23,2000,"single","other",2000,"SG","s","self-employed","f-and-b",2022-03-20 08:36:20.058,"App 3166","valuechampion_sg"
"Sales rep  I","Closed App",22,20000,"single","wedding",1900,"SG","s","employed-salary","other",2022-03-20 10:26:50.776,"App 3167","google"
"Sales rep  I","Expired App",30,20000,"single","debt-consolidation",4000,"SG","s","employed-salary","other",2022-03-20 12:01:00.955,"App 3168","facebook"
"Sales rep  I","Expired App",26,20000,"married","credit-card-debt",4000,"MY","pr","employed-salary","education",2022-03-20 12:04:41.185,"App 3169","wa"
"Sales rep  I","Closed App",31,60000,"married","debt-consolidation-ff",3450,"SG","s","employed-salary","other",2022-03-20 12:37:37.086,"App 3170","google"
"Sales rep  I","Expired App",43,10000,"divorced","credit-card-debt",2700,"SG","s","employed-salary","other",2022-03-20 12:45:33.784,"App 3171","facebook"
"Sales rep  C","Expired App",27,5000,"divorced","debt-consolidation-ff",3000,"SG","s","employed-salary","education",2022-03-20 13:18:48.283,"App 3172","facebook"
"Sales rep  F","Loan Disbursed App",23,7500,"single","other",2000,"SG","s","employed-salary","government",2022-03-20 15:01:00.912,"App 3173","l.instagram.com"
"Sales rep  C","Expired App",33,40000,"married","business-expansion",6000,"SG","s","self-employed","banking-finance",2022-03-20 14:20:17.293,"App 3174","google"
"Sales rep  I","Expired App",25,3000,"married","home",2200,"SG","s","employed-salary","logistic",2022-03-20 14:41:07.986,"App 3175","facebook"
"Sales rep  F","Bank Declined App",22,17000,"single","investment",2000,"IN","spass-wp","employed-salary","other",2022-03-20 14:58:36.177,"App 3176","google"
"Sales rep  I","Expired App",37,3000,"married","debt-consolidation-ff",2000,"SG","s","employed-salary","logistic",2022-03-20 14:57:33.447,"App 3177","facebook"
"Sales rep  C","Expired App",23,10000,"single","debt-consolidation-ff",3500,"SG","s","employed-salary","logistic",2022-03-20 15:06:42.739,"App 3178","google"
"Sales rep  F","Closed App",26,20000,"single","debt-consolidation",2800,"SG","s","employed-contract","banking-finance",2022-03-20 16:14:30.952,"App 3179","facebook"
"Sales rep  C","Expired App",54,20000,"married","other",4800,"SG","s","employed-salary","government",2022-03-20 16:19:18.211,"App 3180","facebook"
"Sales rep  C","Closed App",27,50000,"single","debt-consolidation",6000,"SG","s","employed-salary","other",2022-03-20 16:34:04.817,"App 3181","wa"
"Sales rep  F","Closed App",26,1000,"single","debt-consolidation-ff",2700,"SG","s","employed-salary","other",2022-03-20 18:00:11.474,"App 3182","valuechampion_sg"
"Sales rep  C","Expired App",22,20000,"single","business-expansion",2125,"SG","s","self-employed","other",2022-03-20 17:49:25.538,"App 3183","finder_sg"
"Sales rep  I","Expired App",58,10000,"divorced","debt-consolidation",2600,"SG","s","employed-salary","other",2022-03-20 18:17:34.471,"App 3184","facebook"
"Sales rep  F","Expired App",53,2000,"divorced","vacation",1500,"SG","s","employed-salary","retail",2022-03-20 18:35:37.243,"App 3185","facebook"
"Sales rep  F","Loan Disbursed App",27,2000,"single","paying-bills",2400,"SG","s","employed-salary","logistic",2022-03-20 23:06:19.613,"App 3186","google"
"Sales rep  C","Expired App",50,1e+05,"married","other",10000,"IN","pr","employed-salary","f-and-b",2022-03-20 20:32:38.281,"App 3187","yahoo"
"Sales rep  F","Expired App",24,8000,"single","renovation",1800,"SG","s","employed-salary","education",2022-03-20 20:55:30.318,"App 3188","facebook"
"Sales rep  C","Expired App",28,12000,"single","business-expansion",4500,"MY","pr","employed-salary","retail",2022-03-20 21:19:18.743,"App 3189","facebook"
"Sales rep  F","Bank Declined App",52,20000,"married","debt-consolidation",3500,"SG","s","employed-salary","government",2022-03-20 22:23:54.189,"App 3190","wa"
"Sales rep  C","Expired App",28,8000,"married","debt-consolidation-ff",1217,"SG","s","employed-salary","retail",2022-03-20 23:45:10.455,"App 3191","google"
"Sales rep  F","Closed App",56,10000,"single","medical",2500,"SG","s","employed-salary","other",2022-03-21 01:11:27.398,"App 3192","google"
"Sales rep  C","Loan Disbursed App",36,3700,"married","paying-bills",1980,"SG","s","employed-salary","logistic",2022-03-21 01:22:28.461,"App 3193","facebook"
"Sales rep  F","Bank Declined App",32,5000,"married","paying-bills",5000,"SG","s","employed-contract","logistic",2022-03-21 01:43:47.403,"App 3194","direct"
"Sales rep  F","Closed App",33,2000,"married","home",4500,"SG","s","employed-salary","other",2022-03-21 03:26:42.338,"App 3195","google"
"Sales rep  C","Closed App",28,10000,"single","renovation",3500,"SG","s","employed-salary","banking-finance",2022-03-21 13:53:40.093,"App 3196","valuechampion_sg"
"Sales rep  C","Expired App",31,2e+05,"married","debt-consolidation",3800,"SG","s","employed-salary","manufacturing",2022-03-21 04:29:43.406,"App 3197","google"
"Sales rep  I","Expired App",33,10000,"single","debt-consolidation-ff",4000,"IN","pr","employed-salary","insurance",2022-03-22 13:06:14.898,"App 3198","facebook"
"Sales rep  F","Closed App",24,10000,"married","car",7000,"SG","s","self-employed","f-and-b",2022-03-21 08:30:08.275,"App 3199","google"
"Sales rep  C","Expired App",49,25000,"married","debt-consolidation-ff",2900,"SG","s","employed-salary","manufacturing",2022-03-21 11:05:39.518,"App 3200","sms"
"Sales rep  F","Expired App",31,3000,"single","paying-bills",2800,"MY","pr","employed-salary","retail",2022-03-21 11:56:46.247,"App 3201","l.facebook.com"
"Sales rep  C","Bank Declined App",26,1000,"single","home",1700,"SG","s","employed-salary","f-and-b",2022-03-21 12:10:34.042,"App 3202","google"
"Sales rep  C","Loan Disbursed App",30,20000,"married","other",8000,"SG","s","self-employed","f-and-b",2022-03-21 13:37:41.437,"App 3203","wa"
"Sales rep  F","Expired App",47,40000,"married","debt-consolidation",6420,"IN","pr","employed-salary","other",2022-03-21 13:49:49.807,"App 3204","yahoo"
"Sales rep  C","Loan Disbursed App",39,6000,"single","paying-bills",2500,"SG","s","employed-salary","government",2022-03-21 13:58:26.065,"App 3205","e-mail"
"Sales rep  F","Closed App",36,1000,"married","business-expansion",3500,"CN","spass-wp","employed-salary","hospitality",2022-03-21 14:17:28.497,"App 3206","nestia"
"Sales rep  C","Expired App",27,20000,"single","credit-card-debt",2700,"SG","s","employed-salary","building-construction",2022-03-21 14:18:11.964,"App 3207","bing"
"Sales rep  F","Closed App",38,20000,"single","special-occasion",4200,"MY","pr","employed-salary","logistic",2022-03-21 14:29:13.369,"App 3208","wa"
"Sales rep  F","Closed App",23,20000,"married","debt-consolidation",3200,"SG","s","employed-salary","other",2022-03-21 14:56:02.864,"App 3209","google"
"Sales rep  C","Loan Disbursed App",29,3000,"single","paying-bills",3100,"SG","s","employed-salary","f-and-b",2022-03-21 15:02:00.561,"App 3210","google"
"Sales rep  C","Loan Disbursed App",41,6000,"divorced","debt-consolidation",3700,"SG","s","employed-salary","hospitality",2022-03-21 15:15:29.011,"App 3211","duplicate"
"Sales rep  F","Closed App",26,2500,"single","special-occasion",2500,"SG","s","employed-salary","transport",2022-03-21 15:49:56.803,"App 3212","google"
"Sales rep  C","Expired App",28,6000,"single","debt-consolidation-ff",3300,"MY","spass-wp","employed-salary","other",2022-03-21 16:07:42.693,"App 3213","google"
"Sales rep  F","Expired App",30,2000,"single","credit-card-debt",3190,"MY","pr","employed-salary","manufacturing",2022-03-21 16:21:43.152,"App 3214","wa"
"Sales rep  F","Closed App",25,5000,"single","home",2500,"MY","spass-wp","employed-salary","manufacturing",2022-03-21 17:09:24.604,"App 3215","nestia"
"Sales rep  C","Loan Disbursed App",42,5000,"single","medical",2800,"IN","pr","employed-salary","logistic",2022-03-21 17:16:49.564,"App 3216","google"
"Sales rep  F","Closed App",24,8000,"married","paying-bills",2500,"SG","s","self-employed","logistic",2022-03-21 17:27:27.906,"App 3217","google"
"Sales rep  C","Expired App",27,2000,"single","debt-consolidation-ff",1600,"SG","s","employed-salary","retail",2022-03-22 12:35:20.855,"App 3218","direct"
"Sales rep  I","Expired App",41,2000,"married","paying-bills",2500,"SG","s","employed-contract","other",2022-03-21 18:09:34.615,"App 3219","direct"
"Sales rep  I","Expired App",38,3000,"single","home",2500,"SG","s","other","hospitality",2022-03-21 18:40:34.436,"App 3220","facebook"
"Sales rep  F","Bank Declined App",27,20000,"single","wedding",2500,"MY","spass-wp","employed-salary","manufacturing",2022-03-21 20:25:43.643,"App 3221","lm.facebook.com"
"Sales rep  I","Expired App",38,1200,"single","home",2150,"SG","s","employed-salary","it-telco",2022-03-21 20:24:42.561,"App 3222","valuechampion_sg"
"Sales rep  F","Loan Disbursed App",51,5000,"married","renovation",2000,"SG","s","employed-salary","other",2022-03-21 20:27:03.542,"App 3223","bing"
"Sales rep  I","Expired App",64,20000,"divorced","debt-consolidation-ff",2300,"SG","s","other","other",2022-03-21 20:37:27.87,"App 3224","direct"
"Sales rep  C","Closed App",29,30000,"married","renovation",3750,"SG","s","employed-salary","government",2022-03-21 20:43:37.941,"App 3225","direct"
"Sales rep  F","Expired App",37,2000,"married","paying-bills",2200,"PH","pr","employed-salary","building-construction",2022-03-21 21:38:06.188,"App 3226","google"
"Sales rep  I","Expired App",28,50000,"married","debt-consolidation-ff",3500,"SG","s","self-employed","banking-finance",2022-03-21 21:40:21.579,"App 3227","google"
"Sales rep  I","Expired App",26,30000,"single","paying-bills",2525,"SG","s","self-employed","other",2022-03-22 00:24:08.827,"App 3228","google"
"Sales rep  C","Expired App",43,20000,"divorced","debt-consolidation",2700,"SG","s","employed-salary","logistic",2022-03-21 22:32:55.402,"App 3229","facebook"
"Sales rep  F","Closed App",39,14000,"married","debt-consolidation",3300,"SG","s","employed-salary","other",2022-03-22 00:51:01.243,"App 3230","google"
"Sales rep  I","Expired App",47,30000,"married","other",3300,"SG","s","employed-salary","other",2022-03-22 00:55:11.29,"App 3231","facebook"
"Sales rep  C","Expired App",29,10000,"single","renovation",636,"SG","s","employed-salary","other",2022-03-22 01:27:45.406,"App 3232","direct"
"Sales rep  C","Loan Disbursed App",47,20000,"married","debt-consolidation",4000,"MY","pr","employed-salary","transport",2022-03-22 01:29:44.644,"App 3233","wa"
"Sales rep  F","Bank Declined App",28,20000,"single","other",3500,"SG","s","self-employed","building-construction",2022-03-22 02:10:41.742,"App 3234","wa"
"Sales rep  I","Closed App",39,35000,"single","debt-consolidation",8000,"SG","s","employed-salary","it-telco",2022-03-22 02:15:29.26,"App 3235","facebook"
"Sales rep  C","Expired App",50,20000,"divorced","renovation",3000,"SG","s","employed-salary","f-and-b",2022-03-22 02:25:46.235,"App 3236","facebook"
"Sales rep  F","Closed App",33,20000,"single","other",3100,"SG","s","employed-salary","other",2022-03-22 03:16:02.865,"App 3237","e-mail"
"Sales rep  I","Expired App",25,6500,"married","wedding",3500,"SG","s","employed-salary","f-and-b",2022-03-22 02:46:10.174,"App 3238","google"
"Sales rep  C","Closed App",31,50000,"married","other",1800,"SG","s","employed-salary","building-construction",2022-03-22 04:23:58.46,"App 3239","facebook"
"Sales rep  F","Closed App",35,18000,"married","credit-card-debt",3100,"SG","s","employed-salary","building-construction",2022-03-22 12:47:58.376,"App 3240","google"
"Sales rep  C","Loan Disbursed App",36,20000,"married","home",4230,"IN","pr","employed-salary","f-and-b",2022-03-22 04:48:53.153,"App 3241","direct"
"Sales rep  F","Loan Disbursed App",26,20000,"single","debt-consolidation-ff",2500,"SG","s","self-employed","logistic",2022-03-22 06:02:10.104,"App 3242","google"
"Sales rep  I","Closed App",52,5000,"married","renovation",3200,"SG","s","employed-salary","building-construction",2022-03-22 06:05:17.545,"App 3243","wa"
"Sales rep  C","Loan Disbursed App",45,60000,"divorced","debt-consolidation",3500,"SG","s","employed-salary","other",2022-03-22 06:41:57.844,"App 3244","google"
"Sales rep  F","Expired App",26,20000,"single","wedding",3000,"SG","s","employed-salary","other",2022-03-22 11:04:24.249,"App 3245","e-mail"
"Sales rep  C","Expired App",42,30000,"married","business-expansion",7700,"SG","s","employed-salary","manufacturing",2022-03-22 11:25:49.943,"App 3246","e-mail"
"Sales rep  F","Bank Declined App",61,3000,"married","debt-consolidation",2330,"SG","s","employed-salary","building-construction",2022-03-22 12:13:55.041,"App 3247","e-mail"
"Sales rep  C","Loan Disbursed App",42,1500,"married","paying-bills",2550,"SG","s","employed-salary","f-and-b",2022-03-22 12:21:20.82,"App 3248","e-mail"
"Sales rep  I","Closed App",62,1000,"married","paying-bills",4200,"SG","s","employed-salary","building-construction",2022-03-22 12:23:01.448,"App 3249","google"
"Sales rep  F","Loan Disbursed App",37,20000,"divorced","credit-card-debt",6000,"SG","s","employed-salary","it-telco",2022-03-22 12:42:27.176,"App 3250","bing"
"Sales rep  C","Expired App",33,15000,"married","debt-consolidation",3000,"SG","s","employed-salary","manufacturing",2022-03-22 13:42:37.531,"App 3251","google"
"Sales rep  F","Closed App",23,7000,"single","paying-bills",2100,"SG","s","employed-salary","hospitality",2022-03-23 14:08:18.368,"App 3252","direct"
"Sales rep  I","Expired App",31,3000,"married","home",3000,"SG","s","self-employed","logistic",2022-03-22 13:50:27.971,"App 3253","wa"
"Sales rep  F","Loan Disbursed App",33,8000,"single","debt-consolidation-ff",3250,"SG","s","employed-salary","it-telco",2022-03-22 14:23:30.719,"App 3254","google"
"Sales rep  I","Closed App",37,70000,"married","other",5000,"PH","spass-wp","employed-salary","manufacturing",2022-03-22 14:16:55.724,"App 3255","google"
"Sales rep  F","Bank Declined App",58,4000,"married","debt-consolidation-ff",3000,"SG","s","employed-salary","other",2022-03-22 15:50:50.079,"App 3256","google"
"Sales rep  I","Expired App",31,20000,"married","credit-card-debt",2600,"SG","s","employed-salary","transport",2022-03-22 15:32:12.965,"App 3257","wa"
"Sales rep  C","Expired App",40,10000,"married","credit-card-debt",4200,"MY","pr","employed-salary","banking-finance",2022-03-22 15:38:27.545,"App 3258","google"
"Sales rep  F","Closed App",44,20000,"married","debt-consolidation-ff",3500,"SG","s","self-employed","transport",2022-03-22 15:55:13.126,"App 3259","e-mail"
"Sales rep  C","Expired App",40,15000,"married","other",3000,"SG","s","employed-salary","hospitality",2022-03-22 16:07:38.93,"App 3260","nestia"
"Sales rep  I","Expired App",38,50000,"married","debt-consolidation",3300,"SG","s","employed-salary","other",2022-03-22 16:10:12.465,"App 3261","direct"
"Sales rep  C","Closed App",37,20000,"single","debt-consolidation-ff",1200,"SG","s","employed-salary","logistic",2022-03-22 16:47:05.293,"App 3262","google"
"Sales rep  F","Expired App",29,10000,"single","debt-consolidation",4800,"SG","s","employed-salary","it-telco",2022-03-22 16:32:33.657,"App 3263","wa"
"Sales rep  I","Expired App",50,6000,"single","paying-bills",2000,"SG","s","employed-salary","retail",2022-03-22 16:35:50.032,"App 3264","facebook"
"Sales rep  C","Bank Declined App",34,1000,"single","debt-consolidation-ff",3600,"MY","ep","employed-salary","f-and-b",2022-03-22 16:47:04.117,"App 3265","wa"
"Sales rep  I","Expired App",26,1000,"single","investment",3600,"TH","pr","employed-salary","it-telco",2022-03-22 17:05:31.446,"App 3266","google"
"Sales rep  C","Bank Declined App",30,20000,"single","paying-bills",3000,"MY","spass-wp","employed-salary","hospitality",2022-03-22 17:21:19.573,"App 3267","nestia"
"Sales rep  I","Loan Disbursed App",30,15000,"single","other",4700,"SG","s","employed-salary","other",2022-03-22 19:23:47.598,"App 3268","duplicate"
"Sales rep  C","Closed App",64,20000,"married","home",18000,"SG","s","employed-salary","it-telco",2022-03-22 18:23:19.377,"App 3269","valuechampion_sg"
"Sales rep  F","Expired App",25,20000,"single","home",3800,"SG","s","employed-salary","other",2022-03-23 15:36:10.777,"App 3270","google"
"Sales rep  F","Expired App",31,10000,"married","other",3000,"PH","spass-wp","employed-salary","logistic",2022-03-22 18:39:12.482,"App 3271","direct"
"Sales rep  F","Expired App",29,20000,"single","credit-card-debt",4828,"MY","pr","employed-salary","manufacturing",2022-03-22 18:45:54.586,"App 3272","google"
"Sales rep  I","Loan Disbursed App",31,5000,"single","debt-consolidation",4100,"SG","s","employed-salary","education",2022-03-22 19:17:12.134,"App 3273","direct"
"Sales rep  I","Loan Disbursed App",52,23000,"divorced","car",3350,"SG","s","employed-salary","logistic",2022-03-22 19:27:59.525,"App 3274","bing"
"Sales rep  F","Loan Disbursed App",22,4000,"single","renovation",2200,"SG","s","employed-salary","education",2022-03-22 19:43:56.68,"App 3275","e-mail"
"Sales rep  C","Expired App",34,30000,"married","credit-card-debt",3500,"SG","s","employed-salary","other",2022-03-22 19:46:19.42,"App 3276","facebook"
"Sales rep  F","Expired App",32,1e+05,"single","other",20000,"SG","s","self-employed","insurance",2022-03-22 20:20:17.841,"App 3277","valuechampion_sg"
"Sales rep  C","Closed App",45,15000,"divorced","debt-consolidation",4000,"SG","s","employed-salary","other",2022-03-22 20:46:02.553,"App 3278","google"
"Sales rep  C","Expired App",46,30000,"married","renovation",6013,"SG","s","employed-salary","education",2022-03-22 20:59:10.858,"App 3279","bykido"
"Sales rep  F","Expired App",31,30000,"married","renovation",2500,"SG","s","employed-salary","logistic",2022-03-22 21:05:41.73,"App 3280","facebook"
"Sales rep  I","Expired App",26,20000,"single","credit-card-debt",2100,"SG","s","employed-salary","it-telco",2022-03-22 21:49:07.545,"App 3281","wa"
"Sales rep  C","Loan Disbursed App",31,16000,"divorced","other",3200,"MY","spass-wp","employed-salary","education",2022-03-22 23:08:33.672,"App 3282","google"
"Sales rep  F","Expired App",25,15000,"single","wedding",3100,"SG","s","employed-salary","it-telco",2022-03-23 01:14:32.563,"App 3283","google"
"Sales rep  I","Expired App",48,10000,"divorced","debt-consolidation",5160,"MY","pr","employed-salary","hospitality",2022-03-22 23:13:13.609,"App 3284","facebook"
"Sales rep  C","Expired App",28,10000,"married","debt-consolidation-ff",3100,"SG","s","self-employed","f-and-b",2022-03-22 23:45:44.189,"App 3285","nestia"
"Sales rep  F","Loan Disbursed App",44,20000,"married","debt-consolidation-ff",4000,"SG","s","self-employed","f-and-b",2022-03-22 23:50:14.909,"App 3286","wa"
"Sales rep  I","Closed App",34,5000,"married","paying-bills",1700,"SG","pr","employed-salary","other",2022-03-23 00:37:39.956,"App 3287","google"
"Sales rep  C","Closed App",30,30000,"single","line-of-credit",4000,"SG","s","self-employed","transport",2022-03-23 01:01:29.848,"App 3288","facebook"
"Sales rep  F","Expired App",24,15000,"single","education",2500,"SG","s","employed-salary","other",2022-03-23 01:28:58.055,"App 3289","valuechampion_sg"
"Sales rep  I","Loan Disbursed App",32,10000,"single","home",2500,"SG","s","employed-salary","other",2022-03-23 01:46:55.646,"App 3290","e-mail"
"Sales rep  C","Loan Disbursed App",57,18000,"married","education",8000,"SG","s","employed-salary","retail",2022-03-23 11:45:44.614,"App 3291","yahoo"
"Sales rep  F","Closed App",34,6000,"single","home",2950,"PH","spass-wp","employed-salary","f-and-b",2022-03-23 02:20:42.744,"App 3292","sms"
"Sales rep  I","Loan Disbursed App",37,10000,"single","line-of-credit",4000,"SG","s","employed-salary","other",2022-03-23 02:56:31.308,"App 3293","google"
"Sales rep  F","Expired App",24,24000,"single","debt-consolidation",6000,"SG","s","employed-salary","it-telco",2022-03-23 04:36:28.894,"App 3294","google"
"Sales rep  C","Closed App",30,3000,"single","debt-consolidation",2500,"SG","s","employed-salary","government",2022-03-23 05:51:56.199,"App 3295","google"
"Sales rep  F","Expired App",49,20000,"single","debt-consolidation-ff",2200,"SG","s","employed-salary","other",2022-03-23 06:44:41.793,"App 3296","google"
"Sales rep  I","Closed App",31,20000,"married","renovation",2500,"SG","s","employed-salary","other",2022-03-23 06:53:18.296,"App 3297","valuechampion_sg"
"Sales rep  C","Expired App",26,10000,"single","debt-consolidation",3000,"SG","s","self-employed","f-and-b",2022-03-23 09:10:47.961,"App 3298","facebook"
"Sales rep  I","Expired App",27,1000,"married","other",3000,"SG","s","employed-salary","manufacturing",2022-03-23 14:36:44.19,"App 3299","google"
"Sales rep  F","Closed App",31,30000,"married","paying-bills",1955,"SG","s","employed-salary","other",2022-03-23 10:39:25.509,"App 3300","facebook"
"Sales rep  C","Closed App",45,9000,"single","medical",8400,"PH","ep","employed-salary","it-telco",2022-03-23 11:36:53.422,"App 3301","wa"
"Sales rep  I","Expired App",45,10000,"single","other",3300,"SG","s","employed-salary","other",2022-03-23 11:58:18.903,"App 3302","e-mail"
"Sales rep  C","Closed App",45,250000,"divorced","debt-consolidation",10500,"SG","s","employed-salary","banking-finance",2022-03-23 12:03:34.46,"App 3303","bing"
"Sales rep  F","Bank Declined App",40,8000,"married","line-of-credit",3700,"SG","s","employed-salary","manufacturing",2022-03-23 12:33:03.389,"App 3304","facebook"
"Sales rep  I","Expired App",29,1000,"married","debt-consolidation",2500,"SG","s","employed-salary","manufacturing",2022-03-23 12:58:38.337,"App 3305","google"
"Sales rep  C","Loan Disbursed App",52,10000,"married","business-expansion",4000,"SG","s","self-employed","retail",2022-03-23 13:52:35.197,"App 3306","wa"
"Sales rep  I","Closed App",52,10000,"married","credit-card-debt",20600,"SG","s","employed-salary","it-telco",2022-03-23 14:14:24.464,"App 3307","google"
"Sales rep  F","Closed App",25,1000,"single","paying-bills",2000,"SG","s","employed-salary","other",2022-03-23 14:28:55.264,"App 3308","facebook"
"Sales rep  I","Expired App",30,30000,"married","renovation",2000,"SG","s","employed-salary","retail",2022-03-23 14:34:01.823,"App 3309","direct"
"Sales rep  C","Loan Disbursed App",30,6000,"single","debt-consolidation",2500,"SG","s","employed-salary","government",2022-03-23 14:48:29.933,"App 3310","google"
"Sales rep  C","Bank Declined App",55,5000,"married","car",3000,"SG","s","self-employed","building-construction",2022-03-23 15:39:17.211,"App 3311","facebook"
"Sales rep  I","Expired App",43,1000,"married","credit-card-debt",5200,"SG","s","employed-salary","building-construction",2022-03-23 15:49:13.615,"App 3312","direct"
"Sales rep  F","Expired App",26,20000,"married","other",4000,"SG","s","employed-salary","building-construction",2022-03-23 16:00:17.968,"App 3313","facebook"
"Sales rep  F","Bank Declined App",35,20000,"divorced","home",4820,"SG","s","employed-salary","education",2022-03-23 16:19:09.113,"App 3314","bing"
"Sales rep  C","Expired App",34,20000,"married","debt-consolidation",2800,"SG","s","employed-salary","other",2022-03-23 16:33:52.238,"App 3315","sms"
"Sales rep  I","Expired App",32,13500,"single","debt-consolidation-ff",5000,"SG","s","employed-salary","manufacturing",2022-03-23 17:38:08.398,"App 3316","e-mail"
"Sales rep  F","Loan Disbursed App",34,5000,"single","debt-consolidation",5800,"MY","pr","employed-salary","logistic",2022-03-23 17:59:34.992,"App 3317","wa"
"Sales rep  C","Loan Disbursed App",29,10000,"single","paying-bills",4000,"SG","s","employed-salary","manufacturing",2022-03-23 18:26:58.179,"App 3318","google"
"Sales rep  I","Expired App",36,50000,"divorced","debt-consolidation",5000,"SG","s","self-employed","transport",2022-03-23 18:30:21.111,"App 3319","e-mail"
"Sales rep  F","Closed App",30,1000,"single","paying-bills",2300,"SG","s","employed-salary","retail",2022-03-23 20:04:36.036,"App 3320","direct"
"Sales rep  I","Closed App",34,6000,"single","other",1700,"SG","s","employed-salary","other",2022-03-23 21:00:52.306,"App 3321","google"
"Sales rep  F","Expired App",36,8000,"married","paying-bills",2800,"SG","s","employed-salary","other",2022-03-23 21:10:34.259,"App 3322","direct"
"Sales rep  C","Loan Disbursed App",39,12000,"married","business-expansion",2540,"SG","s","self-employed","logistic",2022-03-23 21:31:55.384,"App 3323","yahoo"
"Sales rep  F","Closed App",39,5000,"divorced","paying-bills",8000,"SG","s","self-employed","other",2022-03-23 21:34:45.987,"App 3324","google"
"Sales rep  C","Expired App",38,3000,"married","debt-consolidation-ff",6000,"SG","s","self-employed","transport",2022-03-23 22:43:56.228,"App 3325","google"
"Sales rep  I","Bank Declined App",29,20000,"married","debt-consolidation",48000,"SG","s","employed-salary","government",2022-03-23 22:50:20.033,"App 3326","facebook"
"Sales rep  I","Expired App",44,11000,"single","debt-consolidation-ff",4750,"SG","s","employed-salary","it-telco",2022-03-23 22:52:28.682,"App 3327","wa"
"Sales rep  F","Expired App",40,20000,"divorced","home",2500,"SG","s","employed-salary","education",2022-03-23 23:33:14.94,"App 3328","e-mail"
"Sales rep  C","Expired App",26,1000,"single","vacation",1500,"SG","s","employed-salary","f-and-b",2022-03-23 23:33:04.656,"App 3329","direct"
"Sales rep  I","Bank Declined App",22,10000,"single","paying-bills",3500,"SG","s","self-employed","f-and-b",2022-03-24 01:25:34.911,"App 3330","google"
"Sales rep  F","Closed App",37,165000,"married","debt-consolidation",7500,"IN","pr","employed-salary","other",2022-03-24 01:41:18.575,"App 3331","google"
"Sales rep  C","Expired App",43,20000,"married","renovation",4000,"SG","s","employed-salary","f-and-b",2022-03-24 01:45:05.67,"App 3332","facebook"
"Sales rep  I","Expired App",28,15000,"married","renovation",2400,"SG","s","employed-salary","retail",2022-03-24 02:48:16.704,"App 3333","l.facebook.com"
"Sales rep  F","Closed App",43,2e+05,"married","business-expansion",8300,"SG","s","self-employed","retail",2022-03-24 03:03:55.188,"App 3334","google"
"Sales rep  C","Closed App",35,1e+05,"married","business-expansion",4500,"SG","s","employed-salary","other",2022-03-24 05:11:27.603,"App 3335","direct"
"Sales rep  C","Expired App",28,10000,"single","wedding",4061,"SG","s","employed-salary","hospitality",2022-03-24 05:30:46.294,"App 3336","wa"
"Sales rep  I","Loan Disbursed App",43,1500,"married","paying-bills",3200,"SG","s","employed-salary","other",2022-03-24 09:03:54.303,"App 3337","google"
"Sales rep  F","Closed App",45,15000,"divorced","home",4500,"SG","s","employed-contract","it-telco",2022-03-24 11:31:52.9,"App 3338","wa"
"Sales rep  C","Expired App",36,10000,"married","debt-consolidation-ff",2500,"LK","pr","self-employed","transport",2022-03-24 11:40:12.421,"App 3339","direct"
"Sales rep  F","Expired App",41,30000,"divorced","wedding",3500,"SG","s","employed-salary","f-and-b",2022-03-24 13:07:01.079,"App 3340","facebook"
"Sales rep  F","Closed App",46,6500,"married","home",8500,"IT","ep","employed-salary","f-and-b",2022-03-24 14:08:07.049,"App 3341","valuechampion_sg"
"Sales rep  I","Loan Disbursed App",52,20000,"married","credit-card-debt",20600,"SG","s","employed-salary","it-telco",2022-03-24 14:26:49.984,"App 3342","google"
"Sales rep  C","Expired App",37,10000,"married","debt-consolidation",1800,"SG","s","employed-salary","other",2022-03-24 14:33:33.697,"App 3343","google"
"Sales rep  F","Loan Disbursed App",49,14000,"married","credit-card-debt",2500,"SG","s","employed-salary","f-and-b",2022-03-24 15:04:20.998,"App 3344","direct"
"Sales rep  F","Closed App",30,6000,"divorced","paying-bills",2600,"SG","s","employed-salary","other",2022-03-24 15:23:13.815,"App 3345","direct"
"Sales rep  C","Expired App",40,30000,"married","line-of-credit",6000,"SG","s","employed-salary","it-telco",2022-03-24 15:23:10.67,"App 3346","facebook"
"Sales rep  I","Expired App",47,56000,"married","line-of-credit",22900,"SG","s","employed-salary","banking-finance",2022-03-24 15:47:59.192,"App 3347","valuechampion_sg"
"Sales rep  C","Expired App",37,5000,"married","debt-consolidation",2300,"SG","s","employed-salary","hospitality",2022-03-24 16:07:23.394,"App 3348","google"
"Sales rep  I","Loan Disbursed App",46,12000,"married","business-expansion",6000,"SG","s","employed-salary","logistic",2022-03-24 16:28:02.188,"App 3349","wa"
"Sales rep  C","Expired App",40,8000,"married","debt-consolidation-ff",4000,"SG","s","employed-salary","education",2022-03-24 16:34:00.42,"App 3350","facebook"
"Sales rep  F","Expired App",39,6000,"divorced","paying-bills",4000,"SG","s","employed-salary","other",2022-03-24 16:54:30.753,"App 3351","direct"
"Sales rep  I","Loan Disbursed App",22,1200,"single","wedding",1900,"SG","s","employed-salary","other",2022-03-24 17:02:06.836,"App 3352","duplicate"
"Sales rep  F","Bank Declined App",39,40000,"divorced","debt-consolidation",9000,"SG","s","self-employed","transport",2022-03-24 17:11:47.714,"App 3353","direct"
"Sales rep  F","Expired App",46,15000,"married","other",3320,"SG","s","employed-salary","f-and-b",2022-03-24 17:17:28.355,"App 3354","e-mail"
"Sales rep  C","Closed App",51,30000,"divorced","debt-consolidation",1500,"SG","s","employed-salary","f-and-b",2022-03-24 17:35:56.067,"App 3355","facebook"
"Sales rep  C","Loan Disbursed App",32,20000,"single","line-of-credit",4000,"SG","s","self-employed","f-and-b",2022-03-24 17:41:14.648,"App 3356","wa"
"Sales rep  F","Expired App",26,30000,"single","other",2900,"SG","s","employed-salary","building-construction",2022-03-24 18:13:15.057,"App 3357","valuechampion_sg"
"Sales rep  C","Expired App",26,20000,"married","renovation",4000,"CN","pr","employed-salary","it-telco",2022-03-24 18:41:51.606,"App 3358","valuechampion_sg"
"Sales rep  I","Loan Disbursed App",30,15000,"single","other",8800,"NO","ep","employed-salary","banking-finance",2022-03-24 19:59:34.517,"App 3359","google"
"Sales rep  F","Closed App",31,3500,"married","debt-consolidation-ff",2800,"SG","s","employed-salary","other",2022-03-24 21:01:16.502,"App 3360","facebook"
"Sales rep  C","Expired App",44,5000,"married","medical",8500,"PH","ep","employed-salary","education",2022-03-24 21:13:52.451,"App 3361","e-mail"
"Sales rep  I","Closed App",30,15000,"single","other",4700,"SG","s","employed-salary","other",2022-03-24 21:51:09.321,"App 3362","duplicate"
"Sales rep  F","Loan Disbursed App",35,4000,"married","debt-consolidation",4000,"SG","s","self-employed","transport",2022-03-24 22:37:31.875,"App 3363","direct"
"Sales rep  F","Loan Disbursed App",28,5000,"married","debt-consolidation-ff",3200,"SG","s","employed-salary","education",2022-03-24 22:45:08.636,"App 3364","google"
"Sales rep  C","Closed App",47,30000,"married","debt-consolidation-ff",4325,"SG","s","employed-salary","other",2022-03-24 23:06:54.93,"App 3365","facebook"
"Sales rep  C","Expired App",50,20000,"single","other",5000,"SG","s","employed-salary","other",2022-03-24 23:08:19.146,"App 3366","facebook"
"Sales rep  F","Expired App",36,15000,"divorced","medical",2500,"SG","s","employed-salary","hospitality",2022-03-25 00:33:07.724,"App 3367","facebook"
"Sales rep  C","Expired App",29,10000,"married","education",3200,"CN","pr","employed-salary","hospitality",2022-03-25 18:05:48.031,"App 3368","nestia"
"Sales rep  C","Expired App",44,20000,"married","business-expansion",5600,"SG","s","employed-salary","logistic",2022-03-25 01:14:19.817,"App 3369","sms"
"Sales rep  F","Loan Disbursed App",39,6000,"married","education",3605,"PH","spass-wp","employed-salary","logistic",2022-03-25 01:13:02.848,"App 3370","direct"
"Sales rep  F","Bank Declined App",26,5000,"single","paying-bills",2500,"MY","spass-wp","employed-salary","f-and-b",2022-03-25 02:30:16.578,"App 3371","google"
"Sales rep  C","Closed App",53,2000,"married","vacation",2000,"SG","s","employed-salary","f-and-b",2022-03-25 02:06:13.389,"App 3372","facebook"
"Sales rep  F","Closed App",21,14100,"single","debt-consolidation-ff",4000,"MY","spass-wp","employed-salary","hospitality",2022-03-25 02:54:09.78,"App 3373","facebook"
"Sales rep  C","Bank Declined App",23,6000,"single","education",1400,"SG","s","employed-salary","transport",2022-03-25 03:20:39.24,"App 3374","valuechampion_sg"
"Sales rep  C","Closed App",28,10000,"married","home",4000,"SG","s","employed-salary","building-construction",2022-03-25 04:49:17.531,"App 3375","google"
"Sales rep  F","Expired App",29,10000,"single","investment",4500,"SG","s","self-employed","other",2022-03-25 07:24:32.014,"App 3376","facebook"
"Sales rep  C","Expired App",31,20000,"single","business-expansion",5700,"MY","pr","employed-salary","other",2022-03-25 07:45:45.304,"App 3377","e-mail"
"Sales rep  F","Expired App",33,6000,"married","renovation",2000,"SG","s","employed-salary","other",2022-03-25 07:59:55.915,"App 3378","facebook"
"Sales rep  F","Loan Disbursed App",21,1000,"divorced","home",1884,"SG","s","employed-salary","other",2022-03-25 11:08:13.627,"App 3379","facebook"
"Sales rep  C","Closed App",49,20000,"married","credit-card-debt",9000,"SG","s","employed-salary","it-telco",2022-03-25 11:14:22.98,"App 3380","e-mail"
"Sales rep  C","Expired App",34,1000,"single","hobbies",2800,"SG","s","employed-salary","government",2022-03-25 11:35:14.593,"App 3381","e-mail"
"Sales rep  F","Expired App",44,20000,"married","home",2400,"SG","s","employed-salary","other",2022-03-25 11:48:06.238,"App 3382","facebook"
"Sales rep  C","Bank Declined App",24,2000,"married","debt-consolidation-ff",800,"SG","s","employed-salary","other",2022-03-25 11:48:10.59,"App 3383","facebook"
"Sales rep  C","Expired App",34,1200,"divorced","car",3800,"SG","s","employed-salary","it-telco",2022-03-25 13:07:54.756,"App 3384","direct"
"Sales rep  F","Bank Declined App",41,20000,"married","debt-consolidation",3200,"SG","s","employed-salary","transport",2022-03-25 13:36:09.882,"App 3385","e-mail"
"Sales rep  F","Closed App",47,15000,"divorced","debt-consolidation",3300,"SG","s","employed-salary","other",2022-03-25 13:42:32.605,"App 3386","e-mail"
"Sales rep  C","Expired App",34,20000,"married","credit-card-debt",3100,"SG","s","employed-salary","government",2022-03-25 14:14:42.946,"App 3387","facebook"
"Sales rep  I","Expired App",54,2000,"married","home",1550,"SG","s","employed-salary","f-and-b",2022-03-25 14:27:05.005,"App 3388","nestia"
"Sales rep  F","Bank Declined App",28,20000,"single","investment",3180,"MY","spass-wp","other","f-and-b",2022-03-25 14:35:00.439,"App 3389","e-mail"
"Sales rep  C","Expired App",28,10000,"single","home",3200,"SG","s","employed-salary","hospitality",2022-03-25 14:40:46.147,"App 3390","direct"
"Sales rep  C","Expired App",33,2500,"married","debt-consolidation-ff",6300,"SG","s","employed-salary","logistic",2022-03-25 15:35:37.126,"App 3391","google"
"Sales rep  F","Closed App",33,20000,"single","other",3000,"SG","pr","employed-salary","banking-finance",2022-03-25 15:34:56.477,"App 3392","direct"
"Sales rep  I","Expired App",30,1000,"single","debt-consolidation-ff",2500,"SG","s","employed-salary","logistic",2022-03-25 16:28:05.627,"App 3393","valuechampion_sg"
"Sales rep  I","Expired App",28,20000,"single","line-of-credit",6500,"IN","ep","employed-salary","banking-finance",2022-03-25 17:08:55.752,"App 3394","e-mail"
"Sales rep  I","Expired App",25,1000,"single","car",1900,"SG","s","employed-salary","building-construction",2022-03-25 17:29:44.303,"App 3395","l.instagram.com"
"Sales rep  F","Bank Declined App",18,1000,"single","special-occasion",800,"SG","pr","employed-contract","f-and-b",2022-03-25 18:19:13.344,"App 3396","google"
"Sales rep  C","Expired App",28,2e+05,"single","business-expansion",6666,"SG","s","employed-salary","it-telco",2022-03-25 19:45:32.582,"App 3397","google"
"Sales rep  F","Expired App",44,50000,"married","home",10000,"IN","pr","employed-salary","banking-finance",2022-03-25 18:32:43.055,"App 3398","thinksme"
"Sales rep  C","Loan Disbursed App",26,10000,"single","hobbies",4500,"MY","spass-wp","employed-contract","manufacturing",2022-03-25 18:37:13.256,"App 3399","facebook"
"Sales rep  C","Expired App",50,10000,"married","debt-consolidation",9300,"PH","pr","employed-salary","it-telco",2022-03-25 18:58:16.536,"App 3400","google"
"Sales rep  F","Bank Declined App",21,4000,"single","investment",3500,"MY","spass-wp","employed-salary","f-and-b",2022-03-25 19:01:14.893,"App 3401","direct"
"Sales rep  C","Bank Declined App",21,20000,"single","debt-consolidation-ff",2000,"MY","spass-wp","employed-salary","manufacturing",2022-03-25 19:14:17.151,"App 3402","wa"
"Sales rep  C","Loan Disbursed App",22,15000,"single","debt-consolidation",3600,"SG","s","employed-salary","other",2022-03-25 19:17:13.621,"App 3403","google"
"Sales rep  F","Bank Declined App",32,5000,"married","debt-consolidation-ff",1400,"SG","s","employed-salary","manufacturing",2022-03-25 19:25:03.901,"App 3404","facebook"
"Sales rep  C","Closed App",30,10000,"married","home",1500,"SG","s","employed-salary","logistic",2022-03-25 21:05:16.275,"App 3405","direct"
"Sales rep  I","Loan Disbursed App",60,30000,"married","debt-consolidation-ff",10000,"SG","s","employed-salary","other",2022-03-25 21:22:24.071,"App 3406","e-mail"
"Sales rep  F","Closed App",32,6000,"single","investment",1800,"SG","s","employed-salary","other",2022-03-25 22:11:28.576,"App 3407","google"
"Sales rep  C","Closed App",42,20000,"divorced","home",2500,"SG","s","employed-salary","building-construction",2022-03-25 23:55:00.243,"App 3408","l.instagram.com"
"Sales rep  F","Bank Declined App",44,6000,"single","debt-consolidation",3000,"MY","spass-wp","employed-salary","manufacturing",2022-03-26 00:35:48.5,"App 3409","e-mail"
"Sales rep  C","Loan Disbursed App",26,1000,"single","paying-bills",2700,"SG","s","employed-salary","other",2022-03-26 00:48:24.393,"App 3410","direct"
"Sales rep  C","Expired App",32,15000,"married","debt-consolidation",1408,"SG","s","employed-salary","education",2022-03-26 00:51:14.059,"App 3411","valuechampion_sg"
"Sales rep  F","Loan Disbursed App",27,27000,"single","home",3600,"MY","pr","employed-salary","banking-finance",2022-03-26 01:52:08.926,"App 3412","google"
"Sales rep  C","Loan Disbursed App",51,5000,"married","paying-bills",4500,"SG","s","employed-salary","education",2022-03-26 03:06:31.569,"App 3413","google"
"Sales rep  F","Loan Disbursed App",37,5000,"divorced","other",6280,"SG","s","employed-salary","other",2022-03-26 03:10:53.568,"App 3414","e-mail"
"Sales rep  F","Expired App",49,30000,"married","renovation",2390,"SG","s","employed-salary","retail",2022-03-26 03:30:58.315,"App 3415","facebook"
"Sales rep  C","Expired App",28,2000,"single","debt-consolidation-ff",1600,"SG","s","employed-salary","other",2022-03-26 06:40:19.683,"App 3416","facebook"
"Sales rep  F","Expired App",26,5000,"single","car",3000,"SG","s","self-employed","other",2022-03-26 07:04:06.822,"App 3417","facebook"
"Sales rep  C","Expired App",38,25000,"married","debt-consolidation",3000,"SG","s","employed-salary","logistic",2022-03-26 09:40:03.217,"App 3418","direct"
"Sales rep  F","Loan Disbursed App",33,40000,"single","debt-consolidation-ff",7000,"SG","s","other","f-and-b",2022-03-26 10:34:42.141,"App 3419","facebook"
"Sales rep  C","Loan Disbursed App",32,8000,"single","business-expansion",2800,"SG","spass-wp","employed-salary","building-construction",2022-03-26 13:40:47.986,"App 3420","google"
"Sales rep  C","Expired App",40,25000,"married","credit-card-debt",7000,"SG","s","employed-salary","retail",2022-03-26 11:27:24.429,"App 3421","facebook"
"Sales rep  F","Expired App",55,5000,"married","debt-consolidation",2200,"SG","s","employed-salary","building-construction",2022-03-26 11:33:31.028,"App 3422","wa"
"Sales rep  C","Closed App",34,20000,"single","other",2300,"SG","s","employed-salary","retail",2022-03-26 12:07:48.58,"App 3423","google"
"Sales rep  F","Expired App",27,6000,"married","paying-bills",2400,"SG","s","employed-salary","education",2022-03-26 12:19:06.084,"App 3424","facebook"
"Sales rep  C","Bank Declined App",34,5000,"married","debt-consolidation",3380,"IN","spass-wp","employed-salary","other",2022-03-26 12:46:38.244,"App 3425","direct"
"Sales rep  F","Expired App",32,17000,"single","debt-consolidation",4000,"SG","s","employed-salary","logistic",2022-03-26 14:06:32.641,"App 3426","google"
"Sales rep  C","Expired App",39,30000,"widow","renovation",3800,"SG","s","employed-salary","other",2022-03-28 11:14:49.45,"App 3427","direct"
"Sales rep  F","Loan Disbursed App",32,20000,"married","home",3700,"SG","s","employed-salary","other",2022-03-26 13:36:26.209,"App 3428","l.instagram.com"
"Sales rep  F","Closed App",31,10000,"married","debt-consolidation-ff",3000,"SG","s","employed-salary","logistic",2022-03-26 13:45:27.834,"App 3429","bing"
"Sales rep  C","Loan Disbursed App",43,10000,"married","business-expansion",4500,"PH","pr","employed-salary","transport",2022-03-26 14:37:44.366,"App 3430","e-mail"
"Sales rep  C","Expired App",44,10000,"married","home",2500,"PH","pr","employed-salary","other",2022-03-26 14:43:25.276,"App 3431","valuechampion_sg"
"Sales rep  F","Expired App",43,14000,"single","other",3850,"SG","s","employed-salary","other",2022-03-26 14:54:08.415,"App 3432","facebook"
"Sales rep  I","Closed App",32,1500,"married","paying-bills",2400,"SG","s","employed-salary","hospitality",2022-03-26 15:27:33.306,"App 3433","google"
"Sales rep  F","Expired App",30,5000,"divorced","paying-bills",1600,"SG","s","employed-salary","education",2022-03-26 15:41:50.264,"App 3434","facebook"
"Sales rep  C","Closed App",37,8000,"married","education",2450,"SG","s","employed-salary","education",2022-03-26 15:48:34.503,"App 3435","direct"
"Sales rep  I","Expired App",23,3000,"single","home",2100,"MY","pr","employed-salary","f-and-b",2022-03-26 17:02:16.782,"App 3436","google"
"Sales rep  F","Loan Disbursed App",42,15000,"single","debt-consolidation",3500,"SG","s","employed-salary","manufacturing",2022-03-26 16:58:11.665,"App 3437","google"
"Sales rep  F","Loan Disbursed App",25,5500,"single","debt-consolidation",2600,"SG","s","employed-salary","transport",2022-03-26 16:59:18.67,"App 3438","google"
"Sales rep  C","Expired App",38,10000,"married","renovation",2500,"SG","s","employed-salary","government",2022-03-26 17:19:51.482,"App 3439","facebook"
"Sales rep  I","Bank Declined App",28,3000,"single","debt-consolidation-ff",3000,"SG","s","employed-contract","other",2022-03-26 17:57:06.619,"App 3440","google"
"Sales rep  F","Bank Declined App",43,30000,"divorced","debt-consolidation",5500,"SG","s","employed-salary","building-construction",2022-03-26 18:05:53.13,"App 3441","wa"
"Sales rep  C","Expired App",36,6000,"single","debt-consolidation-ff",2618,"SG","s","employed-salary","logistic",2022-03-26 18:21:53.122,"App 3442","facebook"
"Sales rep  I","Bank Declined App",39,30000,"single","debt-consolidation",4000,"SG","s","unemployed",NA,2022-03-26 18:44:36.664,"App 3443","facebook"
"Sales rep  F","Bank Declined App",33,20000,"married","home",2500,"IN","spass-wp","employed-salary","building-construction",2022-03-26 19:12:52.614,"App 3444","valuechampion_sg"
"Sales rep  C","Expired App",24,5000,"single","paying-bills",2900,"SG","s","employed-salary","government",2022-03-26 19:09:03.37,"App 3445","direct"
"Sales rep  I","Expired App",39,58000,"married","debt-consolidation-ff",5300,"MY","pr","employed-salary","other",2022-03-26 19:25:41.307,"App 3446","facebook"
"Sales rep  C","Expired App",21,50000,"married","renovation",2000,"SG","s","employed-salary","other",2022-03-26 19:34:04.281,"App 3447","facebook"
"Sales rep  F","Closed App",42,30000,"single","debt-consolidation",3000,"SG","s","employed-salary","other",2022-03-26 19:45:45.497,"App 3448","facebook"
"Sales rep  C","Closed App",54,7000,"married","other",4000,"SG","s","self-employed","transport",2022-03-27 00:44:58.07,"App 3449","facebook"
"Sales rep  I","Loan Disbursed App",45,4000,"married","paying-bills",2500,"SG","s","self-employed","transport",2022-03-26 20:32:38.561,"App 3450","google"
"Sales rep  F","Bank Declined App",27,20000,"single","home",1200,"IN","spass-wp","employed-contract","manufacturing",2022-03-26 20:43:47.092,"App 3451","valuechampion_sg"
"Sales rep  C","Expired App",51,50000,"married","debt-consolidation",5000,"SG","s","employed-salary","other",2022-03-26 22:03:52.867,"App 3452","facebook"
"Sales rep  C","Expired App",40,20000,"married","business-expansion",3600,"SG","s","employed-salary","retail",2022-03-26 22:11:11.083,"App 3453","wa"
"Sales rep  I","Loan Disbursed App",22,15000,"single","debt-consolidation-ff",2540,"SG","s","employed-salary","government",2022-03-27 00:09:12.351,"App 3454","l.instagram.com"
"Sales rep  F","Expired App",27,30000,"single","debt-consolidation",3000,"SG","s","employed-salary","transport",2022-03-27 02:09:59.735,"App 3455","google"
"Sales rep  C","Closed App",22,20000,"married","line-of-credit",3400,"SG","s","employed-salary","other",2022-03-27 01:40:37.376,"App 3456","wa"
"Sales rep  I","Loan Disbursed App",36,20000,"single","credit-card-debt",6300,"MY","pr","employed-salary","other",2022-03-27 08:26:39.92,"App 3457","google"
"Sales rep  F","Expired App",42,10000,"single","debt-consolidation",2280,"SG","s","employed-salary","logistic",2022-03-27 10:55:54.756,"App 3458","facebook"
NA,"Bank Declined App",30,1000,"single","home",1000,"IN","spass-wp","employed-salary","building-construction",2022-03-27 10:58:05.522,"App 3459","facebook"
"Sales rep  C","Expired App",58,15000,"married","debt-consolidation",2800,"SG","s","employed-salary","other",2022-03-27 11:35:28.778,"App 3460","facebook"
"Sales rep  I","Expired App",54,20000,"married","credit-card-debt",7000,"PH","pr","employed-salary","manufacturing",2022-03-27 12:44:22.274,"App 3461","bing"
"Sales rep  F","Closed App",45,10000,"married","debt-consolidation-ff",4000,"SG","s","employed-salary","transport",2022-03-27 16:49:27.849,"App 3462","facebook"
"Sales rep  C","Expired App",35,10000,"married","other",3500,"MY","spass-wp","employed-salary","manufacturing",2022-03-27 14:45:30.65,"App 3463","valuechampion_sg"
"Sales rep  I","Closed App",30,60000,"single","other",3950,"SG","s","employed-salary","it-telco",2022-03-27 14:16:26.264,"App 3464","facebook"
"Sales rep  F","Expired App",35,3500,"divorced","medical",3200,"SG","s","employed-salary","other",2022-03-27 15:08:22.299,"App 3465","direct"
"Sales rep  C","Loan Disbursed App",31,6000,"single","paying-bills",2830,"SG","s","employed-salary","other",2022-03-27 15:29:01.112,"App 3466","google"
"Sales rep  I","Expired App",42,20000,"single","debt-consolidation",3000,"SG","s","self-employed","transport",2022-03-27 15:20:03.147,"App 3467","e-mail"
"Sales rep  I","Loan Disbursed App",32,10000,"married","debt-consolidation",3000,"SG","s","employed-salary","other",2022-03-27 15:25:30.706,"App 3468","facebook"
"Sales rep  F","Closed App",27,20000,"married","other",4200,"SG","s","employed-salary","other",2022-03-27 15:30:12.831,"App 3469","direct"
"Sales rep  C","Expired App",45,10000,"divorced","other",4700,"SG","s","employed-salary","other",2022-03-27 16:27:42.658,"App 3470","valuechampion_sg"
"Sales rep  I","Expired App",47,30000,"married","debt-consolidation",6000,"SG","s","employed-salary","other",2022-03-27 16:00:38.593,"App 3471","yahoo"
"Sales rep  F","Bank Declined App",34,2500,"married","debt-consolidation-ff",4500,"SG","s","employed-salary","other",2022-03-27 16:12:10.437,"App 3472","direct"
"Sales rep  C","Closed App",35,4000,"single","medical",2000,"SG","s","employed-salary","it-telco",2022-03-27 16:52:23.369,"App 3473","finder_sg"
"Sales rep  I","Expired App",32,30000,"married","renovation",4100,"SG","s","employed-salary","other",2022-03-27 16:58:11.478,"App 3474","google"
"Sales rep  F","Expired App",49,3000,"divorced","debt-consolidation",3420,"SG","s","employed-salary","other",2022-03-27 17:01:53.45,"App 3475","e-mail"
"Sales rep  C","Expired App",41,20000,"married","credit-card-debt",3200,"SG","s","employed-salary","other",2022-03-27 18:00:12.888,"App 3476","facebook"
"Sales rep  I","Closed App",42,45000,"married","renovation",4000,"SG","s","employed-salary","manufacturing",2022-03-27 18:06:29.508,"App 3477","l.instagram.com"
"Sales rep  F","Expired App",45,10000,"married","renovation",3120,"SG","s","employed-contract","other",2022-03-27 18:23:50.448,"App 3478","facebook"
"Sales rep  C","Closed App",40,30000,"married","credit-card-debt",8650,"SG","s","employed-salary","other",2022-03-27 18:26:57.511,"App 3479","facebook"
"Sales rep  I","Expired App",36,30000,"married","home",2500,"SG","s","employed-salary","logistic",2022-03-27 18:56:23.063,"App 3480","direct"
"Sales rep  I","Closed App",23,1000,"single","paying-bills",2500,"SG","s","employed-salary","government",2022-03-27 19:05:00.719,"App 3481","google"
"Sales rep  F","Expired App",54,50000,"divorced","debt-consolidation-ff",2100,"SG","s","employed-salary","other",2022-03-27 19:18:42.509,"App 3482","facebook"
"Sales rep  C","Expired App",41,50000,"married","paying-bills",7000,"SG","s","employed-salary","retail",2022-03-27 19:50:07.509,"App 3483","facebook"
"Sales rep  I","Expired App",50,1e+05,"divorced","investment",20000,"SG","s","employed-salary","other",2022-03-27 19:57:04.68,"App 3484","yahoo"
"Sales rep  I","Closed App",21,1000,"single","special-occasion",2500,"MY","pr","employed-salary","banking-finance",2022-03-27 21:47:02.443,"App 3485","google"
"Sales rep  C","Bank Declined App",34,3000,"married","investment",2200,"MY","spass-wp","employed-salary","f-and-b",2022-03-27 21:58:48.595,"App 3486","nestia"
"Sales rep  F","Closed App",40,10000,"married","paying-bills",4800,"SG","s","employed-salary","f-and-b",2022-03-27 22:26:38.957,"App 3487","facebook"
"Sales rep  C","Closed App",28,20000,"single","hobbies",4600,"SG","s","employed-salary","banking-finance",2022-03-27 22:58:28.674,"App 3488","google"
"Sales rep  I","Expired App",37,6000,"married","debt-consolidation",5000,"SG","s","self-employed","transport",2022-03-27 23:20:25.442,"App 3489","wa"
"Sales rep  F","Expired App",36,20000,"married","business-expansion",2000,"SG","s","employed-salary","retail",2022-03-27 23:43:43.849,"App 3490","google"
"Sales rep  C","Bank Declined App",65,10000,"married","home",3200,"MY","spass-wp","employed-salary","transport",2022-03-28 00:58:03.189,"App 3491","l.facebook.com"
"Sales rep  I","Closed App",34,5000,"married","investment",2200,"MY","spass-wp","employed-salary","f-and-b",2022-03-28 00:30:42.642,"App 3492","facebook"
"Sales rep  F","Closed App",37,12500,"married","credit-card-debt",5000,"SG","s","employed-salary","hospitality",2022-03-28 00:29:57.019,"App 3493","facebook"
"Sales rep  C","Closed App",40,20000,"married","business-expansion",3000,"SG","s","employed-contract","education",2022-03-28 01:29:15.226,"App 3494","valuechampion_sg"
"Sales rep  F","Closed App",26,20000,"married","home",2700,"SG","s","employed-salary","other",2022-03-28 01:36:54.817,"App 3495","direct"
"Sales rep  I","Expired App",32,1000,"single","paying-bills",2000,"SG","s","employed-salary","retail",2022-03-28 01:49:10.289,"App 3496","google"
"Sales rep  F","Expired App",25,15000,"married","other",2266,"SG","s","employed-salary","education",2022-03-28 02:34:54.433,"App 3497","direct"
"Sales rep  C","Closed App",33,50000,"married","renovation",5000,"SG","s","employed-salary","banking-finance",2022-03-28 02:57:43.897,"App 3498","google"
"Sales rep  I","Expired App",39,14000,"married","special-occasion",2500,"SG","s","employed-salary","f-and-b",2022-03-28 03:15:55.885,"App 3499","nestia"
"Sales rep  F","Expired App",53,31000,"married","debt-consolidation",3721,"SG","s","employed-salary","other",2022-03-28 03:37:13.67,"App 3500","rad"
"Sales rep  C","Expired App",32,7000,"married","other",1800,"SG","s","employed-salary","manufacturing",2022-03-28 03:48:20.715,"App 3501","facebook"
"Sales rep  I","Closed App",23,4000,"single","paying-bills",3000,"SG","s","employed-salary","banking-finance",2022-03-28 04:25:22.347,"App 3502","bing"
"Sales rep  F","Expired App",33,20000,"married","debt-consolidation",2100,"SG","s","employed-salary","logistic",2022-03-28 04:54:35.756,"App 3503","facebook"
"Sales rep  C","Closed App",33,9000,"single","credit-card-debt",7200,"BD","ep","employed-salary","it-telco",2022-03-28 04:23:05.679,"App 3504","google"
"Sales rep  I","Bank Declined App",31,3000,"single","paying-bills",1500,"MY","spass-wp","employed-salary","manufacturing",2022-03-28 05:16:54.374,"App 3505","directory.singaporefintech.org"
"Sales rep  F","Loan Disbursed App",41,2500,"single","paying-bills",2800,"SG","s","employed-salary","retail",2022-03-28 04:57:57.223,"App 3506","direct"
"Sales rep  C","Closed App",33,1000,"single","other",1500,"SG","s","self-employed","f-and-b",2022-03-28 07:23:18.093,"App 3507","facebook"
"Sales rep  I","Expired App",27,10000,"single","debt-consolidation",1800,"SG","s","employed-salary","f-and-b",2022-03-28 09:49:36.353,"App 3508","nestia"
"Sales rep  F","Bank Declined App",35,140000,"married","paying-bills",2000,"SG","s","unemployed",NA,2022-03-28 11:16:32.553,"App 3509","nestia"
"Sales rep  F","Loan Disbursed App",40,3000,"single","debt-consolidation",2940,"SG","s","employed-salary","other",2022-03-28 11:49:10.102,"App 3510","google"
"Sales rep  F","Expired App",33,30000,"married","renovation",2200,"SG","s","employed-salary","hospitality",2022-03-28 12:16:28.678,"App 3511","facebook"
"Sales rep  C","Closed App",26,2500,"single","wedding",1500,"SG","s","employed-salary","manufacturing",2022-03-28 12:37:01.117,"App 3512","google"
"Sales rep  I","Expired App",27,20000,"single","debt-consolidation",2500,"SG","s","employed-salary","f-and-b",2022-03-28 13:22:28.108,"App 3513","valuechampion_sg"
"Sales rep  F","Expired App",34,3000,"single","debt-consolidation-ff",2500,"SG","s","self-employed","transport",2022-03-28 13:27:02.899,"App 3514","facebook"
"Sales rep  C","Expired App",21,2000,"single","education",2000,"SG","s","self-employed","logistic",2022-03-28 13:31:32.287,"App 3515","facebook"
"Sales rep  C","Loan Disbursed App",29,5000,"single","debt-consolidation-ff",2800,"SG","s","employed-salary","f-and-b",2022-03-28 14:09:33.424,"App 3516","google"
"Sales rep  I","Expired App",31,1500,"single","vacation",3059,"SG","s","employed-salary","other",2022-03-28 17:48:09.883,"App 3517","facebook"
"Sales rep  C","Closed App",34,5000,"widow","renovation",2000,"PH","pr","employed-salary","retail",2022-03-28 13:53:17.287,"App 3518","wa"
"Sales rep  I","Expired App",36,12000,"married","debt-consolidation",3200,"SG","s","employed-salary","transport",2022-03-28 13:51:06.555,"App 3519","sms"
"Sales rep  F","Closed App",24,2000,"single","vacation",2500,"SG","s","employed-salary","hospitality",2022-03-28 13:51:15.791,"App 3520","e-mail"
"Sales rep  F","Expired App",25,6000,"married","credit-card-debt",2100,"SG","s","employed-salary","retail",2022-03-28 14:26:37.508,"App 3521","l.instagram.com"
"Sales rep  F","Expired App",31,3000,"married","paying-bills",3500,"SG","s","employed-salary","hospitality",2022-03-28 14:44:44.284,"App 3522","google"
"Sales rep  C","Closed App",27,30000,"single","investment",2100,"MY","spass-wp","employed-salary","f-and-b",2022-03-28 14:50:38.499,"App 3523","google"
"Sales rep  I","Expired App",56,20000,"divorced","debt-consolidation",3000,"SG","s","self-employed","manufacturing",2022-03-28 15:03:19.034,"App 3524","duplicate"
"Sales rep  F","Expired App",38,10000,"married","debt-consolidation-ff",3800,"MY","spass-wp","employed-salary","transport",2022-03-28 15:06:03.146,"App 3525","google"
"Sales rep  C","Closed App",31,15000,"married","debt-consolidation-ff",3155,"MY","pr","employed-salary","other",2022-03-28 15:23:23.477,"App 3526","direct"
"Sales rep  I","Expired App",29,30000,"single","other",5000,"SG","s","self-employed","transport",2022-03-28 15:49:07.059,"App 3527","duplicate"
"Sales rep  I","Expired App",33,2800,"single","paying-bills",3000,"SG","s","employed-salary","logistic",2022-03-28 15:43:23.238,"App 3528","google"
"Sales rep  I","Expired App",33,70000,"divorced","hobbies",10000,"SG","s","self-employed","building-construction",2022-03-28 16:02:21.787,"App 3529","direct"
"Sales rep  C","Closed App",45,9000,"single","other",8400,"PH","ep","employed-salary","it-telco",2022-03-28 16:13:53.027,"App 3530","wa"
"Sales rep  F","Closed App",38,1000,"single","medical",1200,"SG","s","self-employed","government",2022-03-28 16:19:10.545,"App 3531","direct"
"Sales rep  F","Expired App",41,30000,"married","debt-consolidation",3400,"SG","s","employed-salary","other",2022-03-28 16:24:14.245,"App 3532","yahoo"
"Sales rep  C","Expired App",23,5000,"single","debt-consolidation-ff",1600,"SG","s","employed-salary","retail",2022-03-28 16:24:49.222,"App 3533","google"
"Sales rep  C","Expired App",38,12000,"married","renovation",1730,"SG","s","employed-salary","other",2022-03-28 16:45:54.792,"App 3534","valuechampion_sg"
"Sales rep  I","Loan Disbursed App",23,20000,"single","debt-consolidation-ff",3800,"SG","s","employed-salary","other",2022-03-28 16:45:55.135,"App 3535","valuechampion_sg"
"Sales rep  I","Closed App",37,25000,"married","other",5000,"PH","spass-wp","employed-salary","manufacturing",2022-03-28 17:07:39.741,"App 3536","direct"
"Sales rep  F","Closed App",34,10000,"married","hobbies",4900,"PH","spass-wp","employed-salary","building-construction",2022-03-28 17:09:50.643,"App 3537","valuechampion_sg"
NA,"Bank Declined App",69,1000,"single","paying-bills",1450,"SG","s","employed-salary","hospitality",2022-03-28 17:11:12.63,"App 3538","bing"
"Sales rep  F","Closed App",27,2000,"single","special-occasion",2100,"SG","s","employed-salary","it-telco",2022-03-28 17:53:28.752,"App 3539","google"
"Sales rep  I","Expired App",22,20000,"single","wedding",3800,"SG","s","self-employed","transport",2022-03-28 17:37:54.911,"App 3540","google"
"Sales rep  F","Loan Disbursed App",37,20000,"married","debt-consolidation",10000,"SG","s","self-employed","banking-finance",2022-03-28 17:43:52.817,"App 3541","yahoo"
"Sales rep  I","Closed App",23,20000,"single","debt-consolidation-ff",2600,"SG","s","employed-salary","manufacturing",2022-03-28 18:02:12.135,"App 3542","facebook"
"Sales rep  C","Expired App",21,1000,"single","investment",2000,"SG","s","employed-contract","logistic",2022-03-28 18:05:22.357,"App 3543","facebook"
"Sales rep  C","Expired App",36,10000,"married","paying-bills",3000,"SG","s","employed-salary","other",2022-03-28 18:37:53.11,"App 3544","google"
"Sales rep  I","Expired App",42,40000,"married","renovation",8400,"SG","s","employed-salary","it-telco",2022-03-28 18:58:59.828,"App 3545","direct"
"Sales rep  F","Closed App",31,5000,"divorced","debt-consolidation-ff",3800,"SG","s","employed-salary","other",2022-03-28 19:04:12.229,"App 3546","direct"
"Sales rep  C","Expired App",25,6000,"divorced","wedding",2500,"SG","s","employed-salary","transport",2022-03-28 19:08:25.697,"App 3547","direct"
"Sales rep  F","Expired App",32,2000,"married","paying-bills",6500,"SG","s","employed-salary","f-and-b",2022-03-30 12:37:14.225,"App 3548","duplicate"
"Sales rep  I","Expired App",34,20000,"married","paying-bills",3000,"SG","s","self-employed","f-and-b",2022-03-28 20:25:04.19,"App 3549","google"
"Sales rep  C","Expired App",40,20000,"single","renovation",2800,"SG","s","employed-salary","transport",2022-03-29 13:38:27.357,"App 3550","facebook"
"Sales rep  C","Closed App",60,80000,"married","business-expansion",5000,"SG","s","self-employed","other",2022-03-28 21:10:45.752,"App 3551","nestia"
"Sales rep  F","Expired App",47,40000,"married","debt-consolidation",5950,"PH","pr","employed-salary","building-construction",2022-03-28 21:48:50.415,"App 3552","yahoo"
"Sales rep  I","Loan Disbursed App",34,20000,"married","debt-consolidation-ff",4500,"SG","s","employed-salary","building-construction",2022-03-28 21:48:20.17,"App 3553","direct"
"Sales rep  C","Expired App",40,25000,"married","other",7000,"IN","spass-wp","employed-salary","other",2022-03-28 22:03:45.763,"App 3554","plannerbee"
"Sales rep  F","Loan Disbursed App",29,10000,"married","debt-consolidation-ff",2500,"SG","s","employed-salary","building-construction",2022-03-28 22:36:00.188,"App 3555","google"
"Sales rep  I","Closed App",21,3000,"single","debt-consolidation-ff",1600,"SG","s","self-employed","f-and-b",2022-03-28 23:03:37.147,"App 3556","wa"
"Sales rep  C","Loan Disbursed App",39,5000,"married","home",4000,"SG","s","employed-salary","retail",2022-03-28 23:22:13.121,"App 3557","e-mail"
"Sales rep  F","Bank Declined App",48,6000,"single","debt-consolidation-ff",3450,"SG","s","employed-salary","building-construction",2022-03-29 00:05:38.023,"App 3558","e-mail"
"Sales rep  I","Closed App",28,2500,"single","debt-consolidation",2300,"SG","s","employed-salary","it-telco",2022-03-29 01:06:11.416,"App 3559","google"
"Sales rep  F","Expired App",25,5000,"married","line-of-credit",4900,"SG","s","employed-salary","f-and-b",2022-03-29 01:44:19.215,"App 3560","facebook"
"Sales rep  C","Expired App",28,50000,"divorced","other",12000,"SG","s","self-employed","building-construction",2022-03-29 03:03:11.081,"App 3561","bing"
"Sales rep  I","Expired App",49,5000,"married","paying-bills",4000,"SG","s","employed-salary","hospitality",2022-03-29 05:37:57.097,"App 3562","google"
"Sales rep  F","Expired App",36,150000,"married","other",5000,"SG","s","employed-salary","logistic",2022-03-29 10:05:53.188,"App 3563","facebook"
"Sales rep  I","Expired App",35,5000,"single","renovation",3900,"SG","s","employed-salary","building-construction",2022-03-29 10:58:54.539,"App 3564","e-mail"
"Sales rep  F","Expired App",38,25000,"single","renovation",5000,"SG","s","employed-salary","other",2022-03-29 11:27:20.275,"App 3565","google"
"Sales rep  C","Closed App",27,14000,"single","debt-consolidation",7000,"RU","ep","employed-salary","banking-finance",2022-03-29 11:59:10.108,"App 3566","direct"
"Sales rep  F","Expired App",28,6000,"single","paying-bills",2500,"SG","s","employed-salary","it-telco",2022-03-29 16:38:55.264,"App 3567","google"
"Sales rep  F","Bank Declined App",39,250000,"married","home",14850,"SG","s","employed-salary","it-telco",2022-03-29 13:37:59.347,"App 3568","bing"
"Sales rep  C","Expired App",47,20000,"married","home",4684,"SG","s","employed-salary","it-telco",2022-03-29 13:45:03.332,"App 3569","direct"
"Sales rep  I","Expired App",35,5000,"married","other",3000,"SG","s","self-employed","transport",2022-03-29 14:46:21.575,"App 3570","google"
"Sales rep  I","Loan Disbursed App",20,8000,"single","paying-bills",1800,"SG","s","employed-salary","other",2022-03-29 15:39:47.551,"App 3571","direct"
"Sales rep  I","Expired App",38,12000,"married","credit-card-debt",5960,"SG","s","employed-salary","building-construction",2022-03-29 15:42:01.005,"App 3572","wa"
"Sales rep  I","Closed App",36,2000,"single","debt-consolidation",3000,"SG","s","employed-salary","retail",2022-03-29 16:06:52.909,"App 3573","direct"
"Sales rep  F","Expired App",34,20000,"married","debt-consolidation",2300,"SG","s","employed-salary","other",2022-03-29 16:26:57.446,"App 3574","direct"
"Sales rep  C","Closed App",28,2000,"single","paying-bills",500,"SG","s","self-employed","f-and-b",2022-03-29 16:51:28.194,"App 3575","facebook"
"Sales rep  C","Closed App",34,3500,"married","paying-bills",2500,"SG","s","employed-salary","government",2022-03-29 17:08:27.255,"App 3576","google"
"Sales rep  C","Expired App",52,20000,"married","credit-card-debt",29000,"SG","s","employed-salary","it-telco",2022-03-29 17:30:04.592,"App 3577","direct"
"Sales rep  C","Expired App",29,1000,"married","credit-card-debt",2218,"SG","s","employed-salary","it-telco",2022-03-29 17:36:20.798,"App 3578","direct"
NA,"Closed App",32,20000,"single","business-expansion",30000,"SG","s","employed-salary","it-telco",2022-03-29 17:53:50.201,"App 3579","direct"
"Sales rep  F","Closed App",38,20000,"married","debt-consolidation-ff",12000,"IN","ep","employed-salary","banking-finance",2022-03-29 17:54:37.442,"App 3580","valuechampion_sg"
"Sales rep  F","Closed App",28,6000,"single","line-of-credit",4500,"SG","s","employed-salary","building-construction",2022-03-29 17:55:29.376,"App 3581","google"
"Sales rep  C","Expired App",46,10000,"married","debt-consolidation",7000,"SG","s","employed-salary","building-construction",2022-03-29 18:17:19.591,"App 3582","facebook"
"Sales rep  F","Bank Declined App",39,10000,"married","debt-consolidation",4500,"MY","spass-wp","employed-salary","logistic",2022-03-29 18:45:13.254,"App 3583","google"
"Sales rep  C","Expired App",59,16000,"married","investment",1700,"SG","s","self-employed","other",2022-03-29 19:17:18.167,"App 3584","valuechampion_sg"
"Sales rep  F","Loan Disbursed App",28,8000,"single","wedding",1880,"SG","s","employed-salary","retail",2022-03-29 19:23:20.325,"App 3585","l.instagram.com"
"Sales rep  C","Loan Disbursed App",33,10000,"single","paying-bills",4300,"SG","s","employed-salary","it-telco",2022-03-29 20:33:06.774,"App 3586","direct"
"Sales rep  F","Expired App",34,18000,"married","renovation",2600,"SG","s","employed-salary","other",2022-03-29 20:40:43.83,"App 3587","google"
"Sales rep  C","Closed App",43,1500,"divorced","special-occasion",1500,"SG","s","employed-salary","retail",2022-03-29 20:45:56.14,"App 3588","wa"
"Sales rep  C","Expired App",29,10000,"single","credit-card-debt",18700,"NL","ep","employed-salary","it-telco",2022-03-29 20:58:46.594,"App 3589","google"
"Sales rep  F","Expired App",34,25000,"married","debt-consolidation",6498,"SG","s","employed-salary","other",2022-03-29 22:11:52.699,"App 3590","google"
"Sales rep  C","Expired App",45,10000,"married","other",3400,"SG","s","employed-salary","retail",2022-03-30 10:08:45.98,"App 3591","e-mail"
"Sales rep  F","Loan Disbursed App",32,1000,"single","paying-bills",4200,"SG","s","employed-salary","hospitality",2022-03-30 00:44:43.317,"App 3592","google"
"Sales rep  C","Expired App",45,10000,"divorced","home",4700,"SG","s","employed-salary","manufacturing",2022-03-30 01:06:39.319,"App 3593","valuechampion_sg"
"Sales rep  F","Bank Declined App",30,10000,"single","debt-consolidation-ff",3000,"MY","spass-wp","employed-salary","f-and-b",2022-03-30 01:10:54.736,"App 3594","nestia"
"Sales rep  C","Expired App",36,1500,"married","other",1682,"SG","s","employed-salary","other",2022-03-30 09:40:24.034,"App 3595","valuechampion_sg"
"Sales rep  F","Bank Declined App",23,3000,"single","paying-bills",1200,"SG","s","employed-salary","f-and-b",2022-03-30 01:32:12.758,"App 3596","direct"
"Sales rep  C","Bank Declined App",39,5000,"married","debt-consolidation-ff",1300,"IN","spass-wp","employed-contract","building-construction",2022-03-30 02:36:31.586,"App 3597","bing"
"Sales rep  F","Closed App",28,1000,"married","home",3300,"SG","s","employed-salary","other",2022-03-30 09:12:14.353,"App 3598","facebook"
"Sales rep  C","Closed App",25,10000,"single","wedding",2400,"SG","s","employed-salary","other",2022-03-30 09:52:04.564,"App 3599","google"
"Sales rep  F","Loan Disbursed App",33,10000,"married","other",2850,"SG","s","employed-salary","it-telco",2022-03-30 11:05:53.155,"App 3600","facebook"
"Sales rep  F","Loan Disbursed App",44,12000,"single","debt-consolidation-ff",17850,"MY","ep","employed-salary","other",2022-03-30 11:32:03.819,"App 3601","google"
"Sales rep  F","Expired App",39,41000,"divorced","debt-consolidation",2000,"SG","s","self-employed","banking-finance",2022-03-30 11:38:29.332,"App 3602","facebook"
"Sales rep  C","Bank Declined App",33,3000,"single","debt-consolidation",3000,"MM","spass-wp","employed-salary","other",2022-03-30 12:24:12.318,"App 3603","e-mail"
"Sales rep  F","Expired App",44,10000,"married","renovation",3500,"SG","s","employed-salary","other",2022-03-30 13:19:40.056,"App 3604","direct"
"Sales rep  C","Expired App",34,13000,"single","credit-card-debt",4800,"SG","s","employed-salary","it-telco",2022-03-30 14:01:14.439,"App 3605","google"
"Sales rep  I","Closed App",22,1000,"single","paying-bills",2400,"SG","s","employed-salary","it-telco",2022-03-30 14:14:54.759,"App 3606","facebook"
"Sales rep  I","Expired App",32,20000,"single","credit-card-debt",3800,"MY","pr","employed-salary","it-telco",2022-03-30 14:18:25.571,"App 3607","e-mail"
"Sales rep  I","Expired App",32,8000,"married","investment",5000,"SG","s","self-employed","other",2022-03-30 14:29:12.87,"App 3608","facebook"
"Sales rep  I","Closed App",58,5000,"married","paying-bills",21000,"SG","s","employed-salary","building-construction",2022-03-30 15:10:06.058,"App 3609","direct"
"Sales rep  I","Bank Declined App",26,3000,"single","wedding",2400,"MY","spass-wp","employed-salary","hospitality",2022-03-30 15:37:16.008,"App 3610","direct"
"Sales rep  I","Closed App",49,50000,"divorced","debt-consolidation",6900,"SG","s","employed-salary","building-construction",2022-03-30 15:38:12.356,"App 3611","bing"
"Sales rep  F","Closed App",30,20000,"married","renovation",2800,"SG","s","employed-salary","hospitality",2022-03-30 18:58:41.985,"App 3612","facebook"
"Sales rep  I","Bank Declined App",21,2000,"single","education",1650,"MY","spass-wp","employed-salary","logistic",2022-03-30 16:03:30.741,"App 3613","google"
"Sales rep  I","Expired App",35,14000,"single","other",4000,"SG","s","employed-salary","logistic",2022-03-30 16:06:09.349,"App 3614","google"
"Sales rep  I","Expired App",31,3000,"single","credit-card-debt",2000,"SG","s","self-employed","logistic",2022-03-30 16:09:44.963,"App 3615","direct"
"Sales rep  I","Expired App",40,12000,"married","debt-consolidation-ff",3300,"PH","pr","employed-salary","f-and-b",2022-03-30 16:09:04.785,"App 3616","wa"
"Sales rep  I","Expired App",44,2000,"married","paying-bills",1800,"SG","s","employed-salary","building-construction",2022-03-30 16:18:31.066,"App 3617","lm.facebook.com"
"Sales rep  I","Loan Disbursed App",60,20000,"married","paying-bills",3740,"SG","s","employed-salary","hospitality",2022-03-30 16:35:20.526,"App 3618","yahoo"
"Sales rep  I","Loan Disbursed App",25,7000,"single","debt-consolidation",2650,"SG","s","employed-salary","transport",2022-03-30 16:37:59.321,"App 3619","valuechampion_sg"
"Sales rep  F","Closed App",49,70000,"married","debt-consolidation",3000,"IN","pr","employed-salary","building-construction",2022-03-30 16:45:46.235,"App 3620","yahoo"
NA,"Bank Declined App",44,7000,"single","medical",1400,"PH","spass-wp","employed-salary","other",2022-03-30 17:13:08.295,"App 3621","direct"
"Sales rep  I","Expired App",25,10000,"single","debt-consolidation",2500,"SG","s","employed-salary","government",2022-03-30 19:33:39.993,"App 3622","facebook"
"Sales rep  C","Expired App",34,20000,"single","home",8420,"PH","spass-wp","employed-salary","insurance",2022-03-30 19:43:25.347,"App 3623","e-mail"
"Sales rep  F","Expired App",49,40000,"divorced","debt-consolidation",6900,"SG","s","employed-salary","building-construction",2022-03-30 20:25:16.062,"App 3624","wa"
"Sales rep  I","Bank Declined App",39,5000,"married","debt-consolidation-ff",1300,"IN","spass-wp","other","hospitality",2022-03-30 21:03:51.393,"App 3625","wa"
"Sales rep  C","Expired App",55,20000,"married","debt-consolidation",4800,"SG","s","employed-salary","other",2022-03-30 22:31:32.341,"App 3626","e-mail"
"Sales rep  F","Loan Disbursed App",41,3000,"married","medical",1900,"ID","ltvp","employed-salary","f-and-b",2022-03-30 23:04:57.756,"App 3627","google"
"Sales rep  I","Expired App",27,20000,"single","business-expansion",2550,"SG","s","self-employed","logistic",2022-03-30 23:16:14.615,"App 3628","valuechampion_sg"
"Sales rep  C","Expired App",39,20000,"single","renovation",2127,"SG","s","employed-salary","other",2022-03-31 00:06:49.35,"App 3629","google"
"Sales rep  F","Expired App",50,5000,"divorced","debt-consolidation-ff",1300,"SG","s","employed-salary","other",2022-03-31 00:21:48.307,"App 3630","nestia"
"Sales rep  F","Closed App",46,7500,"married","home",3500,"SG","s","self-employed","transport",2022-03-31 00:42:06.515,"App 3631","e-mail"
"Sales rep  I","Expired App",34,20000,"divorced","other",2200,"SG","s","employed-salary","hospitality",2022-03-31 00:50:51.618,"App 3632","direct"
"Sales rep  C","Loan Disbursed App",41,20000,"married","debt-consolidation",4447,"MY","pr","employed-salary","education",2022-03-31 01:00:30.973,"App 3633","facebook"
NA,"Closed App",20,20000,"married","car",5000,"AX","pr","employed-contract","it-telco",2022-03-31 02:02:05.262,"App 3634","direct"
"Sales rep  C","Expired App",22,4000,"single","line-of-credit",2400,"SG","s","employed-salary","other",2022-03-31 13:50:44.651,"App 3635","valuechampion_sg"
"Sales rep  F","Expired App",40,20000,"married","credit-card-debt",2500,"SG","s","employed-salary","government",2022-03-31 02:52:34.264,"App 3636","google"
"Sales rep  I","Expired App",33,15000,"married","renovation",2400,"SG","s","employed-salary","other",2022-03-31 02:54:30.98,"App 3637","l.instagram.com"
"Sales rep  C","Closed App",29,30000,"single","renovation",5500,"MY","pr","employed-salary","banking-finance",2022-03-31 03:02:37.286,"App 3638","google"
"Sales rep  F","Expired App",36,10000,"married","paying-bills",3000,"SG","s","employed-salary","transport",2022-03-31 03:25:35.736,"App 3639","direct"
"Sales rep  C","Expired App",29,40000,"married","other",4000,"SG","s","employed-salary","other",2022-03-31 04:17:21.79,"App 3640","facebook"
"Sales rep  I","Expired App",47,5000,"single","other",2000,"SG","s","other","other",2022-03-31 06:06:43.233,"App 3641","facebook"
"Sales rep  C","Expired App",28,6000,"married","debt-consolidation",2800,"SG","s","employed-salary","other",2022-03-31 07:16:41.574,"App 3642","google"
"Sales rep  F","Expired App",25,50000,"single","business-expansion",3200,"SG","s","employed-salary","government",2022-03-31 07:35:36.811,"App 3643","bing"
"Sales rep  I","Expired App",25,7000,"single","debt-consolidation",2000,"SG","s","employed-salary","retail",2022-03-31 10:34:09.313,"App 3644","valuechampion_sg"
"Sales rep  C","Expired App",34,4000,"married","business-expansion",2500,"SG","s","employed-salary","logistic",2022-03-31 10:34:40.577,"App 3645","google"
"Sales rep  I","Loan Disbursed App",39,20000,"married","renovation",4000,"SG","s","employed-salary","f-and-b",2022-03-31 11:12:15.156,"App 3646","facebook"
"Sales rep  F","Bank Declined App",36,3000,"married","paying-bills",1700,"SG","s","employed-salary","f-and-b",2022-03-31 11:42:57.18,"App 3647","e-mail"
"Sales rep  F","Expired App",31,12000,"married","renovation",2500,"SG","s","employed-salary","other",2022-03-31 12:38:27.237,"App 3648","l.instagram.com"
"Sales rep  C","Expired App",36,20000,"married","debt-consolidation-ff",3500,"MY","pr","employed-salary","f-and-b",2022-03-31 12:49:41.697,"App 3649","e-mail"
"Sales rep  F","Closed App",39,5000,"married","debt-consolidation-ff",2500,"SG","s","employed-salary","other",2022-03-31 13:07:34.73,"App 3650","google"
"Sales rep  C","Loan Disbursed App",50,15000,"married","debt-consolidation",5500,"SG","s","employed-salary","banking-finance",2022-03-31 13:15:31.55,"App 3651","google"
"Sales rep  I","Expired App",39,70000,"married","renovation",3400,"SG","s","employed-salary","other",2022-03-31 13:16:58.543,"App 3652","google"
"Sales rep  F","Closed App",22,10000,"single","other",2000,"MY","spass-wp","employed-salary","building-construction",2022-03-31 13:27:25.554,"App 3653","valuechampion_sg"
"Sales rep  F","Expired App",33,70000,"married","renovation",1800,"SG","s","employed-salary","retail",2022-03-31 13:47:27.487,"App 3654","google"
"Sales rep  C","Closed App",36,40000,"single","business-expansion",4000,"SG","s","self-employed","other",2022-03-31 13:34:26.039,"App 3655","direct"
"Sales rep  I","Bank Declined App",37,15000,"single","renovation",3100,"PH","spass-wp","employed-contract","retail",2022-03-31 13:38:54.91,"App 3656","direct"
NA,"Closed App",28,5000,"married","other",2800,"SG","s","employed-salary","other",2022-03-31 13:41:46.439,"App 3657","direct"
"Sales rep  I","Bank Declined App",46,20000,"married","business-expansion",3500,"MM","spass-wp","employed-salary","other",2022-03-31 14:17:16.139,"App 3658","e-mail"
"Sales rep  F","Expired App",40,1500,"married","paying-bills",6500,"PH","spass-wp","employed-salary","f-and-b",2022-03-31 14:30:56.73,"App 3659","google"
"Sales rep  C","Expired App",30,20000,"single","debt-consolidation",4000,"SG","s","employed-salary","transport",2022-03-31 14:41:59.281,"App 3660","facebook"
"Sales rep  C","Expired App",42,35000,"married","business-expansion",5000,"SG","s","other","f-and-b",2022-03-31 15:00:15.845,"App 3661","google"
"Sales rep  I","Closed App",26,12000,"married","other",2600,"SG","s","employed-salary","other",2022-03-31 15:39:56.876,"App 3662","google"
"Sales rep  I","Closed App",26,12000,"married","other",2600,"SG","s","employed-salary","other",2022-03-31 15:14:29.554,"App 3663","google"
"Sales rep  I","Bank Declined App",38,60000,"single","debt-consolidation",2904,"SG","s","employed-salary","other",2022-03-31 15:30:27.887,"App 3664","valuechampion_sg"
"Sales rep  C","Closed App",21,4000,"single","debt-consolidation",2500,"SG","s","self-employed","other",2022-03-31 15:29:55.928,"App 3665","google"
"Sales rep  F","Bank Declined App",36,48000,"married","debt-consolidation",4774,"MY","pr","employed-salary","other",2022-03-31 15:35:05.698,"App 3666","valuechampion_sg"
"Sales rep  F","Closed App",39,20000,"single","other",2000,"SG","s","unemployed",NA,2022-03-31 15:40:37.483,"App 3667","yahoo"
"Sales rep  C","Expired App",36,2000,"single","debt-consolidation-ff",2900,"MY","spass-wp","employed-salary","other",2022-03-31 15:42:06.013,"App 3668","valuechampion_sg"
"Sales rep  I","Expired App",52,20000,"married","debt-consolidation",4800,"SG","s","employed-salary","other",2022-03-31 16:13:09.306,"App 3669","wa"
"Sales rep  F","Expired App",33,2000,"married","debt-consolidation-ff",3300,"IN","pr","employed-salary","manufacturing",2022-03-31 16:23:08.737,"App 3670","google"
"Sales rep  C","Loan Disbursed App",26,10000,"married","other",2500,"SG","s","employed-salary","other",2022-03-31 16:31:48.962,"App 3671","google"
"Sales rep  C","Closed App",45,9000,"single","debt-consolidation-ff",8400,"PH","ep","employed-salary","it-telco",2022-03-31 16:34:54.138,"App 3672","wa"
"Sales rep  F","Closed App",27,10000,"single","other",2100,"MY","spass-wp","employed-salary","retail",2022-03-31 16:55:49.779,"App 3673","valuechampion_sg"
"Sales rep  F","Loan Disbursed App",24,1000,"single","paying-bills",2750,"SG","s","employed-salary","other",2022-03-31 17:19:43.849,"App 3674","wa"
"Sales rep  C","Expired App",28,1000,"married","paying-bills",3000,"SG","s","self-employed","logistic",2022-03-31 17:21:04.17,"App 3675","direct"
"Sales rep  C","Expired App",29,12000,"single","debt-consolidation",2900,"SG","s","employed-salary","f-and-b",2022-03-31 17:29:49.961,"App 3676","google"
"Sales rep  F","Expired App",31,10000,"married","investment",4200,"IN","pr","self-employed","hospitality",2022-03-31 17:56:26.245,"App 3677","google"
"Sales rep  C","Expired App",32,5000,"single","other",3700,"MY","pr","employed-salary","f-and-b",2022-03-31 17:56:22.343,"App 3678","direct"
"Sales rep  I","Closed App",22,6000,"married","renovation",2500,"SG","s","self-employed","logistic",2022-03-31 18:18:22.048,"App 3679","google"
"Sales rep  F","Closed App",44,3000,"married","other",2200,"SG","s","employed-salary","other",2022-03-31 18:50:23.287,"App 3680","facebook"
"Sales rep  I","Loan Disbursed App",31,15000,"single","paying-bills",3650,"SG","s","employed-salary","other",2022-03-31 19:01:30.452,"App 3681","facebook"
"Sales rep  F","Loan Disbursed App",25,20000,"single","credit-card-debt",4500,"SG","s","employed-salary","it-telco",2022-03-31 19:12:57.812,"App 3682","direct"
"Sales rep  C","Expired App",38,20000,"married","other",2800,"SG","s","employed-salary","other",2022-03-31 19:30:06.189,"App 3683","google"
"Sales rep  C","Expired App",45,42000,"single","credit-card-debt",5500,"SG","s","employed-salary","it-telco",2022-03-31 19:35:04.811,"App 3684","direct"
"Sales rep  F","Loan Disbursed App",31,5000,"single","debt-consolidation",2800,"PH","spass-wp","employed-salary","retail",2022-03-31 21:01:35.676,"App 3685","google"
"Sales rep  F","Loan Disbursed App",59,5000,"married","line-of-credit",10000,"SG","ep","employed-salary","other",2022-03-31 21:37:36.793,"App 3686","valuechampion_sg"
"Sales rep  C","Expired App",59,10000,"divorced","home",2100,"SG","s","employed-salary","hospitality",2022-03-31 21:55:30.688,"App 3687","google"
"Sales rep  F","Closed App",42,6000,"divorced","credit-card-debt",7500,"SG","s","employed-salary","f-and-b",2022-03-31 23:10:34.76,"App 3688","direct"
"Sales rep  C","Expired App",46,20000,"divorced","business-expansion",6000,"SG","s","self-employed","f-and-b",2022-03-31 23:33:11.49,"App 3689","facebook"
"Sales rep  F","Loan Disbursed App",33,30000,"married","debt-consolidation",2376,"SG","s","employed-salary","f-and-b",2022-04-01 00:42:39.977,"App 3690","valuechampion_sg"
"Sales rep  C","Loan Disbursed App",29,6000,"single","home",3200,"PH","spass-wp","employed-salary","education",2022-04-01 01:24:46.877,"App 3691","google"
"Sales rep  F","Loan Disbursed App",39,20000,"married","renovation",5700,"SG","s","employed-salary","building-construction",2022-04-01 02:08:26.013,"App 3692","facebook"
